"../../../Engine/Plugins/2D/Paper2D/Content/PlaceholderTextures/DummySpriteTexture.ubulk" 0
"../../../Engine/Plugins/2D/Paper2D/Content/PlaceholderTextures/DummySpriteTexture.uexp" 1
"../../../Engine/Plugins/2D/Paper2D/Content/PlaceholderTextures/DummySpriteTexture.uasset" 2
"../../../Engine/Plugins/2D/Paper2D/Content/DummySprite.uasset" 3
"../../../Engine/Plugins/2D/Paper2D/Content/DummySprite.uexp" 4
"../../../Engine/Plugins/2D/Paper2D/Content/DefaultPaperTerrainMaterial.uexp" 5
"../../../Engine/Plugins/2D/Paper2D/Content/DefaultPaperTerrainMaterial.uasset" 6
"../../../Engine/Plugins/Animation/ACLPlugin/Content/ACLAnimCurveCompressionSettings.uasset" 7
"../../../Engine/Plugins/Animation/ACLPlugin/Content/ACLAnimCurveCompressionSettings.uexp" 8
"../../../Engine/Plugins/Animation/ACLPlugin/Content/ACLAnimBoneCompressionSettings.uexp" 9
"../../../Engine/Plugins/Animation/ACLPlugin/Content/ACLAnimBoneCompressionSettings.uasset" 10
"../../../Engine/Content/EngineFonts/Faces/DroidSansFallback.uasset" 11
"../../../Engine/Content/EngineFonts/Faces/DroidSansFallback.ufont" 12
"../../../Engine/Content/EngineFonts/Faces/DroidSansFallback.uexp" 13
"../../../Engine/Content/EngineFonts/Faces/RobotoBold.ufont" 14
"../../../Engine/Content/EngineFonts/Faces/RobotoBold.uasset" 15
"../../../Engine/Content/EngineFonts/Faces/RobotoBold.uexp" 16
"../../../Engine/Content/EngineFonts/Faces/RobotoBoldItalic.uasset" 17
"../../../Engine/Content/EngineFonts/Faces/RobotoBoldItalic.uexp" 18
"../../../Engine/Content/EngineFonts/Faces/RobotoBoldItalic.ufont" 19
"../../../Engine/Content/EngineFonts/Faces/RobotoItalic.ufont" 20
"../../../Engine/Content/EngineFonts/Faces/RobotoItalic.uasset" 21
"../../../Engine/Content/EngineFonts/Faces/RobotoItalic.uexp" 22
"../../../Engine/Content/EngineFonts/Faces/RobotoLight.ufont" 23
"../../../Engine/Content/EngineFonts/Faces/RobotoLight.uasset" 24
"../../../Engine/Content/EngineFonts/Faces/RobotoLight.uexp" 25
"../../../Engine/Content/EngineFonts/Faces/RobotoRegular.uasset" 26
"../../../Engine/Content/EngineFonts/Faces/RobotoRegular.uexp" 27
"../../../Engine/Content/EngineFonts/Faces/RobotoRegular.ufont" 28
"../../../Engine/Content/EngineFonts/Roboto.uasset" 29
"../../../Engine/Content/EngineFonts/Roboto.uexp" 30
"../../../Engine/Content/EngineMaterials/DefaultDestructiblePhysicalMaterial.uasset" 31
"../../../Engine/Content/EngineMaterials/DefaultDestructiblePhysicalMaterial.uexp" 32
"../../../Engine/Content/EngineMaterials/DefaultPhysicalMaterial.uasset" 33
"../../../Engine/Content/EngineMaterials/DefaultPhysicalMaterial.uexp" 34
"../../../Engine/Content/EngineSounds/Master.uexp" 35
"../../../Engine/Content/EngineSounds/Master.uasset" 36
"../../../Engine/Plugins/Animation/ControlRig/Content/Controls/DefaultGizmoLibraryNormalized.uexp" 37
"../../../Engine/Plugins/Animation/ControlRig/Content/Controls/DefaultGizmoLibraryNormalized.uasset" 38
"../../../Engine/Plugins/Interchange/Runtime/Content/Pipelines/DefaultTexturePipeline.uasset" 39
"../../../Engine/Plugins/Interchange/Runtime/Content/Pipelines/DefaultTexturePipeline.uexp" 40
"../../../Engine/Plugins/Interchange/Runtime/Content/Pipelines/DefaultGLTFSceneAssetsPipeline.uexp" 41
"../../../Engine/Plugins/Interchange/Runtime/Content/Pipelines/DefaultGLTFSceneAssetsPipeline.uasset" 42
"../../../Engine/Plugins/Interchange/Runtime/Content/Pipelines/DefaultMaterialPipeline.uasset" 43
"../../../Engine/Plugins/Interchange/Runtime/Content/Pipelines/DefaultMaterialPipeline.uexp" 44
"../../../Engine/Plugins/Interchange/Runtime/Content/Pipelines/DefaultSceneAssetsPipeline.uasset" 45
"../../../Engine/Plugins/Interchange/Runtime/Content/Pipelines/DefaultSceneAssetsPipeline.uexp" 46
"../../../Engine/Plugins/Interchange/Runtime/Content/Pipelines/DefaultAudioPipeline.uasset" 47
"../../../Engine/Plugins/Interchange/Runtime/Content/Pipelines/DefaultAudioPipeline.uexp" 48
"../../../Engine/Plugins/Interchange/Runtime/Content/Pipelines/DefaultMaterialXPipeline.uexp" 49
"../../../Engine/Plugins/Interchange/Runtime/Content/Pipelines/DefaultMaterialXPipeline.uasset" 50
"../../../Engine/Plugins/Interchange/Runtime/Content/Pipelines/DefaultSceneLevelPipeline.uexp" 51
"../../../Engine/Plugins/Interchange/Runtime/Content/Pipelines/DefaultSceneLevelPipeline.uasset" 52
"../../../Engine/Plugins/Interchange/Runtime/Content/Pipelines/DefaultAssetsPipeline.uexp" 53
"../../../Engine/Plugins/Interchange/Runtime/Content/Pipelines/DefaultAssetsPipeline.uasset" 54
"../../../Engine/Plugins/Interchange/Runtime/Content/Pipelines/DefaultGLTFAssetsPipeline.uexp" 55
"../../../Engine/Plugins/Interchange/Runtime/Content/Pipelines/DefaultGLTFAssetsPipeline.uasset" 56
"../../../Engine/Plugins/Interchange/Runtime/Content/Pipelines/DefaultGLTFPipeline.uexp" 57
"../../../Engine/Plugins/Interchange/Runtime/Content/Pipelines/DefaultGLTFPipeline.uasset" 58
"../../../Engine/Plugins/NNE/NNEDenoiser/Content/NNEDIM_HighQuality_Alpha.uasset" 59
"../../../Engine/Plugins/NNE/NNEDenoiser/Content/NNEDIM_HighQuality_Alpha.uexp" 60
"../../../Engine/Plugins/NNE/NNEDenoiser/Content/NNEDTIM_ColorAlbedoNormal_Default.uasset" 61
"../../../Engine/Plugins/NNE/NNEDenoiser/Content/NNEDTIM_ColorAlbedoNormal_Default.uexp" 62
"../../../Engine/Plugins/NNE/NNEDenoiser/Content/NNEDIM_ColorAlbedoNormal_Default.uexp" 63
"../../../Engine/Plugins/NNE/NNEDenoiser/Content/NNEDIM_ColorAlbedoNormal_Default.uasset" 64
"../../../Engine/Plugins/NNE/NNEDenoiser/Content/NNEDOM_Output_Default.uasset" 65
"../../../Engine/Plugins/NNE/NNEDenoiser/Content/NNEDOM_Output_Default.uexp" 66
"../../../Engine/Plugins/NNE/NNEDenoiser/Content/NNEDOM_Output_Alpha.uasset" 67
"../../../Engine/Plugins/NNE/NNEDenoiser/Content/NNEDOM_Output_Alpha.uexp" 68
"../../../Engine/Plugins/NNE/NNEDenoiser/Content/NNEDIM_ColorAlbedoNormal_Alpha.uasset" 69
"../../../Engine/Plugins/NNE/NNEDenoiser/Content/NNEDIM_ColorAlbedoNormal_Alpha.uexp" 70
"../../../Engine/Plugins/NNE/NNEDenoiser/Content/NNEDTIM_ColorAlbedoNormal_Alpha.uexp" 71
"../../../Engine/Plugins/NNE/NNEDenoiser/Content/NNEDTIM_ColorAlbedoNormal_Alpha.uasset" 72
"../../../Engine/Plugins/NNE/NNEDenoiser/Content/NNEDIM_HighQuality_Default.uexp" 73
"../../../Engine/Plugins/NNE/NNEDenoiser/Content/NNEDIM_HighQuality_Default.uasset" 74
"../../../Engine/Plugins/NNE/NNEDenoiser/Content/NNEDTOM_Output_Alpha.uexp" 75
"../../../Engine/Plugins/NNE/NNEDenoiser/Content/NNEDTOM_Output_Alpha.uasset" 76
"../../../Engine/Plugins/NNE/NNEDenoiser/Content/NNEDTOM_Output_Default.uexp" 77
"../../../Engine/Plugins/NNE/NNEDenoiser/Content/NNEDTOM_Output_Default.uasset" 78
"/Users/shanshanye/Desktop/AI_final/GameAI-Final-Project/Content/Characters/AICharacter/Variants/BP_VitalityComponent.uasset" 79
"/Users/shanshanye/Desktop/AI_final/GameAI-Final-Project/Content/Characters/AICharacter/Variants/BP_VitalityComponent.uexp" 80
"/Users/shanshanye/Desktop/AI_final/GameAI-Final-Project/Content/Spatial/SpatialFunction_Hold_Mid.uasset" 81
"/Users/shanshanye/Desktop/AI_final/GameAI-Final-Project/Content/Spatial/SpatialFunction_Hold_Mid.uexp" 82
"/Users/shanshanye/Desktop/AI_final/GameAI-Final-Project/Content/Spatial/BP_SpatialComponent.uexp" 83
"/Users/shanshanye/Desktop/AI_final/GameAI-Final-Project/Content/Spatial/BP_SpatialComponent.uasset" 84
"/Users/shanshanye/Desktop/AI_final/GameAI-Final-Project/Content/Spatial/SpatialFunction_Flee.uexp" 85
"/Users/shanshanye/Desktop/AI_final/GameAI-Final-Project/Content/Spatial/SpatialFunction_Flee.uasset" 86
"../../../Engine/Content/EditorBlueprintResources/StandardMacros.uasset" 87
"../../../Engine/Content/EditorBlueprintResources/StandardMacros.uexp" 88
"/Users/shanshanye/Desktop/AI_final/GameAI-Final-Project/Content/Characters/AICharacter/BP_GAPAthComponent.uasset" 89
"/Users/shanshanye/Desktop/AI_final/GameAI-Final-Project/Content/Characters/AICharacter/BP_GAPAthComponent.uexp" 90
"/Users/shanshanye/Desktop/AI_final/GameAI-Final-Project/Content/Characters/AICharacter/BP_GAController.uasset" 91
"/Users/shanshanye/Desktop/AI_final/GameAI-Final-Project/Content/Characters/AICharacter/BP_GAController.uexp" 92
"../../../Engine/Content/Functions/Engine_MaterialFunctions02/Utility/MakeFloat3.uexp" 93
"../../../Engine/Content/Functions/Engine_MaterialFunctions02/Utility/MakeFloat3.uasset" 94
"../../../Engine/Content/Functions/Engine_MaterialFunctions02/Utility/BreakOutFloat3Components.uasset" 95
"../../../Engine/Content/Functions/Engine_MaterialFunctions02/Utility/BreakOutFloat3Components.uexp" 96
"../../../Engine/Content/Functions/Engine_MaterialFunctions02/Math/Transform3x3Matrix.uasset" 97
"../../../Engine/Content/Functions/Engine_MaterialFunctions02/Math/Transform3x3Matrix.uexp" 98
"../../../Engine/Plugins/Interchange/Assets/Content/Utilities/New_LUT.uasset" 99
"../../../Engine/Plugins/Interchange/Assets/Content/Utilities/New_LUT.uexp" 100
"../../../Engine/Content/Functions/Engine_MaterialFunctions03/Math/RemapValueRange.uexp" 101
"../../../Engine/Content/Functions/Engine_MaterialFunctions03/Math/RemapValueRange.uasset" 102
"../../../Engine/Plugins/Interchange/Assets/Content/Functions/MF_Iridescence.uasset" 103
"../../../Engine/Plugins/Interchange/Assets/Content/Functions/MF_Iridescence.uexp" 104
"../../../Engine/Plugins/Interchange/Assets/Content/gltf/Textures/T_White_srgb.uasset" 105
"../../../Engine/Plugins/Interchange/Assets/Content/gltf/Textures/T_White_srgb.uexp" 106
"../../../Engine/Plugins/Interchange/Assets/Content/gltf/MaterialFunctions/MF_BaseColor.uexp" 107
"../../../Engine/Plugins/Interchange/Assets/Content/gltf/MaterialFunctions/MF_BaseColor.uasset" 108
"../../../Engine/Plugins/Interchange/Assets/Content/gltf/MaterialFunctions/MF_IOR.uexp" 109
"../../../Engine/Plugins/Interchange/Assets/Content/gltf/MaterialFunctions/MF_IOR.uasset" 110
"../../../Engine/Plugins/Interchange/Assets/Content/Functions/MF_IridescenceNoLUT.uexp" 111
"../../../Engine/Plugins/Interchange/Assets/Content/Functions/MF_IridescenceNoLUT.uasset" 112
"../../../Engine/Plugins/Interchange/Assets/Content/gltf/MaterialFunctions/MF_Iridescence.uasset" 113
"../../../Engine/Plugins/Interchange/Assets/Content/gltf/MaterialFunctions/MF_Iridescence.uexp" 114
"../../../Engine/Plugins/Interchange/Assets/Content/gltf/Textures/T_White_Linear.uexp" 115
"../../../Engine/Plugins/Interchange/Assets/Content/gltf/Textures/T_White_Linear.uasset" 116
"../../../Engine/Plugins/Interchange/Assets/Content/gltf/MaterialFunctions/MF_MetallicRoughness.uexp" 117
"../../../Engine/Plugins/Interchange/Assets/Content/gltf/MaterialFunctions/MF_MetallicRoughness.uasset" 118
"../../../Engine/Plugins/Interchange/Assets/Content/gltf/MaterialFunctions/MF_RotateNormals_TS.uexp" 119
"../../../Engine/Plugins/Interchange/Assets/Content/gltf/MaterialFunctions/MF_RotateNormals_TS.uasset" 120
"../../../Engine/Plugins/Interchange/Assets/Content/gltf/MaterialFunctions/MF_ScaleNormal.uasset" 121
"../../../Engine/Plugins/Interchange/Assets/Content/gltf/MaterialFunctions/MF_ScaleNormal.uexp" 122
"../../../Engine/Plugins/Interchange/Assets/Content/gltf/Textures/T_Generic_N.uasset" 123
"../../../Engine/Plugins/Interchange/Assets/Content/gltf/Textures/T_Generic_N.uexp" 124
"../../../Engine/Plugins/Interchange/Assets/Content/gltf/MaterialFunctions/MF_Normals.uasset" 125
"../../../Engine/Plugins/Interchange/Assets/Content/gltf/MaterialFunctions/MF_Normals.uexp" 126
"../../../Engine/Plugins/Interchange/Assets/Content/gltf/MaterialFunctions/MF_Occlusion.uasset" 127
"../../../Engine/Plugins/Interchange/Assets/Content/gltf/MaterialFunctions/MF_Occlusion.uexp" 128
"../../../Engine/Plugins/Interchange/Assets/Content/gltf/MaterialFunctions/MF_RotateV2.uasset" 129
"../../../Engine/Plugins/Interchange/Assets/Content/gltf/MaterialFunctions/MF_RotateV2.uexp" 130
"../../../Engine/Plugins/Interchange/Assets/Content/gltf/MaterialFunctions/MF_Specular.uexp" 131
"../../../Engine/Plugins/Interchange/Assets/Content/gltf/MaterialFunctions/MF_Specular.uasset" 132
"../../../Engine/Plugins/Interchange/Assets/Content/gltf/Textures/T_Anisotropy_Direction_Linear.uasset" 133
"../../../Engine/Plugins/Interchange/Assets/Content/gltf/Textures/T_Anisotropy_Direction_Linear.uexp" 134
"../../../Engine/Plugins/Interchange/Assets/Content/gltf/MaterialFunctions/MF_SpecularAnisotropy.uasset" 135
"../../../Engine/Plugins/Interchange/Assets/Content/gltf/MaterialFunctions/MF_SpecularAnisotropy.uexp" 136
"../../../Engine/Plugins/Interchange/Assets/Content/gltf/MaterialFunctions/MF_TransformUVs.uasset" 137
"../../../Engine/Plugins/Interchange/Assets/Content/gltf/MaterialFunctions/MF_TransformUVs.uexp" 138
"../../../Engine/Plugins/Interchange/Assets/Content/gltf/MaterialFunctions/MF_Emissive.uexp" 139
"../../../Engine/Plugins/Interchange/Assets/Content/gltf/MaterialFunctions/MF_Emissive.uasset" 140
"../../../Engine/Plugins/Interchange/Assets/Content/gltf/MaterialBodies/MF_Default_Body.uasset" 141
"../../../Engine/Plugins/Interchange/Assets/Content/gltf/MaterialBodies/MF_Default_Body.uexp" 142
"../../../Engine/Plugins/Interchange/Assets/Content/gltf/M_Default.uasset" 143
"../../../Engine/Plugins/Interchange/Assets/Content/gltf/M_Default.uexp" 144
"../../../Engine/Plugins/Interchange/Assets/Content/gltf/MaterialInstances/MI_Default_Opaque_DS.uexp" 145
"../../../Engine/Plugins/Interchange/Assets/Content/gltf/MaterialInstances/MI_Default_Opaque_DS.uasset" 146
"/Users/shanshanye/Desktop/AI_final/GameAI-Final-Project/Content/Fab/Dune_Dweller_Rig/scene/Textures/Skin_baseColor.uexp" 147
"/Users/shanshanye/Desktop/AI_final/GameAI-Final-Project/Content/Fab/Dune_Dweller_Rig/scene/Textures/Skin_baseColor.uasset" 148
"/Users/shanshanye/Desktop/AI_final/GameAI-Final-Project/Content/Fab/Dune_Dweller_Rig/scene/Textures/Skin_baseColor.ubulk" 149
"/Users/shanshanye/Desktop/AI_final/GameAI-Final-Project/Content/Fab/Dune_Dweller_Rig/scene/Materials/material.uexp" 150
"/Users/shanshanye/Desktop/AI_final/GameAI-Final-Project/Content/Fab/Dune_Dweller_Rig/scene/Materials/material.uasset" 151
"/Users/shanshanye/Desktop/AI_final/GameAI-Final-Project/Content/Fab/Dune_Dweller_Rig/scene/Textures/Skin_normal.ubulk" 152
"/Users/shanshanye/Desktop/AI_final/GameAI-Final-Project/Content/Fab/Dune_Dweller_Rig/scene/Textures/Skin_normal.uexp" 153
"/Users/shanshanye/Desktop/AI_final/GameAI-Final-Project/Content/Fab/Dune_Dweller_Rig/scene/Textures/Skin_normal.uasset" 154
"/Users/shanshanye/Desktop/AI_final/GameAI-Final-Project/Content/Fab/Dune_Dweller_Rig/scene/Materials/Skin.uasset" 155
"/Users/shanshanye/Desktop/AI_final/GameAI-Final-Project/Content/Fab/Dune_Dweller_Rig/scene/Materials/Skin.uexp" 156
"../../../Engine/Plugins/Interchange/Assets/Content/gltf/MaterialInstances/MI_Default_Mask_DS.uexp" 157
"../../../Engine/Plugins/Interchange/Assets/Content/gltf/MaterialInstances/MI_Default_Mask_DS.uasset" 158
"/Users/shanshanye/Desktop/AI_final/GameAI-Final-Project/Content/Fab/Dune_Dweller_Rig/scene/Textures/Cloth_baseColor.ubulk" 159
"/Users/shanshanye/Desktop/AI_final/GameAI-Final-Project/Content/Fab/Dune_Dweller_Rig/scene/Textures/Cloth_baseColor.uexp" 160
"/Users/shanshanye/Desktop/AI_final/GameAI-Final-Project/Content/Fab/Dune_Dweller_Rig/scene/Textures/Cloth_baseColor.uasset" 161
"/Users/shanshanye/Desktop/AI_final/GameAI-Final-Project/Content/Fab/Dune_Dweller_Rig/scene/Textures/Cloth_normal.uasset" 162
"/Users/shanshanye/Desktop/AI_final/GameAI-Final-Project/Content/Fab/Dune_Dweller_Rig/scene/Textures/Cloth_normal.ubulk" 163
"/Users/shanshanye/Desktop/AI_final/GameAI-Final-Project/Content/Fab/Dune_Dweller_Rig/scene/Textures/Cloth_normal.uexp" 164
"/Users/shanshanye/Desktop/AI_final/GameAI-Final-Project/Content/Fab/Dune_Dweller_Rig/scene/Materials/Cloth.uasset" 165
"/Users/shanshanye/Desktop/AI_final/GameAI-Final-Project/Content/Fab/Dune_Dweller_Rig/scene/Materials/Cloth.uexp" 166
"/Users/shanshanye/Desktop/AI_final/GameAI-Final-Project/Content/Fab/Dune_Dweller_Rig/scene/SkeletalMeshes/scene_PhysicsAsset.uasset" 167
"/Users/shanshanye/Desktop/AI_final/GameAI-Final-Project/Content/Fab/Dune_Dweller_Rig/scene/SkeletalMeshes/scene_PhysicsAsset.uexp" 168
"/Users/shanshanye/Desktop/AI_final/GameAI-Final-Project/Content/Fab/Dune_Dweller_Rig/scene/SkeletalMeshes/scene_Skeleton.uasset" 169
"/Users/shanshanye/Desktop/AI_final/GameAI-Final-Project/Content/Fab/Dune_Dweller_Rig/scene/SkeletalMeshes/scene_Skeleton.uexp" 170
"/Users/shanshanye/Desktop/AI_final/GameAI-Final-Project/Content/Fab/Dune_Dweller_Rig/scene/SkeletalMeshes/scene.uexp" 171
"/Users/shanshanye/Desktop/AI_final/GameAI-Final-Project/Content/Fab/Dune_Dweller_Rig/scene/SkeletalMeshes/scene.uasset" 172
"/Users/shanshanye/Desktop/AI_final/GameAI-Final-Project/Content/Characters/AICharacter/BP_Character.uasset" 173
"/Users/shanshanye/Desktop/AI_final/GameAI-Final-Project/Content/Characters/AICharacter/BP_Character.uexp" 174
"../../../Engine/Content/Functions/Engine_MaterialFunctions01/Opacity/CameraDepthFade.uexp" 175
"../../../Engine/Content/Functions/Engine_MaterialFunctions01/Opacity/CameraDepthFade.uasset" 176
"../../../Engine/Content/EngineMaterials/T_Default_Material_Grid_N.uasset" 177
"../../../Engine/Content/EngineMaterials/T_Default_Material_Grid_N.uexp" 178
"../../../Engine/Content/EngineMaterials/T_Default_Material_Grid_N.ubulk" 179
"../../../Engine/Content/EngineMaterials/T_Default_Material_Grid_M.uasset" 180
"../../../Engine/Content/EngineMaterials/T_Default_Material_Grid_M.ubulk" 181
"../../../Engine/Content/EngineMaterials/T_Default_Material_Grid_M.uexp" 182
"../../../Engine/Content/EngineMaterials/WorldGridMaterial.uexp" 183
"../../../Engine/Content/EngineMaterials/WorldGridMaterial.uasset" 184
"../../../Engine/Content/BasicShapes/Cube.ubulk" 185
"../../../Engine/Content/BasicShapes/Cube.uasset" 186
"../../../Engine/Content/BasicShapes/Cube.uexp" 187
"../../../Engine/Content/EngineMaterials/DefaultMaterial.uasset" 188
"../../../Engine/Content/EngineMaterials/DefaultMaterial.uexp" 189
"../../../Engine/Content/BasicShapes/Sphere.uexp" 190
"../../../Engine/Content/BasicShapes/Sphere.ubulk" 191
"../../../Engine/Content/BasicShapes/Sphere.uasset" 192
"../../../Engine/Content/BasicShapes/Cylinder.uasset" 193
"../../../Engine/Content/BasicShapes/Cylinder.ubulk" 194
"../../../Engine/Content/BasicShapes/Cylinder.uexp" 195
"/Users/shanshanye/Desktop/AI_final/GameAI-Final-Project/Content/StarterContent/Textures/T_MacroVariation.uasset" 196
"/Users/shanshanye/Desktop/AI_final/GameAI-Final-Project/Content/StarterContent/Textures/T_MacroVariation.uexp" 197
"/Users/shanshanye/Desktop/AI_final/GameAI-Final-Project/Content/StarterContent/Textures/T_Tech_Panel_M.uasset" 198
"/Users/shanshanye/Desktop/AI_final/GameAI-Final-Project/Content/StarterContent/Textures/T_Tech_Panel_M.uexp" 199
"/Users/shanshanye/Desktop/AI_final/GameAI-Final-Project/Content/StarterContent/Textures/T_Tech_Panel_M.ubulk" 200
"/Users/shanshanye/Desktop/AI_final/GameAI-Final-Project/Content/StarterContent/Textures/T_Tech_Panel_N.uexp" 201
"/Users/shanshanye/Desktop/AI_final/GameAI-Final-Project/Content/StarterContent/Textures/T_Tech_Panel_N.uasset" 202
"/Users/shanshanye/Desktop/AI_final/GameAI-Final-Project/Content/StarterContent/Textures/T_Tech_Panel_N.ubulk" 203
"/Users/shanshanye/Desktop/AI_final/GameAI-Final-Project/Content/StarterContent/Textures/T_Metal_Steel_D.uasset" 204
"/Users/shanshanye/Desktop/AI_final/GameAI-Final-Project/Content/StarterContent/Textures/T_Metal_Steel_D.ubulk" 205
"/Users/shanshanye/Desktop/AI_final/GameAI-Final-Project/Content/StarterContent/Textures/T_Metal_Steel_D.uexp" 206
"/Users/shanshanye/Desktop/AI_final/GameAI-Final-Project/Content/StarterContent/Materials/M_Tech_Panel.uexp" 207
"/Users/shanshanye/Desktop/AI_final/GameAI-Final-Project/Content/StarterContent/Materials/M_Tech_Panel.uasset" 208
"/Users/shanshanye/Desktop/AI_final/GameAI-Final-Project/Content/Characters/AICharacter/Materials/Eyeball.uasset" 209
"/Users/shanshanye/Desktop/AI_final/GameAI-Final-Project/Content/Characters/AICharacter/Materials/Eyeball.uexp" 210
"/Users/shanshanye/Desktop/AI_final/GameAI-Final-Project/Content/Characters/AICharacter/Materials/Panel2_MI.uasset" 211
"/Users/shanshanye/Desktop/AI_final/GameAI-Final-Project/Content/Characters/AICharacter/Materials/Panel2_MI.uexp" 212
"/Users/shanshanye/Desktop/AI_final/GameAI-Final-Project/Content/Characters/AICharacter/Materials/Panel_MI.uexp" 213
"/Users/shanshanye/Desktop/AI_final/GameAI-Final-Project/Content/Characters/AICharacter/Materials/Panel_MI.uasset" 214
"/Users/shanshanye/Desktop/AI_final/GameAI-Final-Project/Content/StarterContent/Audio/Explosion_Cue.uasset" 215
"/Users/shanshanye/Desktop/AI_final/GameAI-Final-Project/Content/StarterContent/Audio/Explosion_Cue.uexp" 216
"../../../Engine/Content/Functions/Engine_MaterialFunctions02/Utility/BlendAngleCorrectedNormals.uasset" 217
"../../../Engine/Content/Functions/Engine_MaterialFunctions02/Utility/BlendAngleCorrectedNormals.uexp" 218
"/Users/shanshanye/Desktop/AI_final/GameAI-Final-Project/Content/StarterContent/Textures/T_Tech_Hex_Tile_M.uasset" 219
"/Users/shanshanye/Desktop/AI_final/GameAI-Final-Project/Content/StarterContent/Textures/T_Tech_Hex_Tile_M.ubulk" 220
"/Users/shanshanye/Desktop/AI_final/GameAI-Final-Project/Content/StarterContent/Textures/T_Tech_Hex_Tile_M.uexp" 221
"/Users/shanshanye/Desktop/AI_final/GameAI-Final-Project/Content/StarterContent/Textures/T_Tech_Hex_Tile_N.uexp" 222
"/Users/shanshanye/Desktop/AI_final/GameAI-Final-Project/Content/StarterContent/Textures/T_Tech_Hex_Tile_N.ubulk" 223
"/Users/shanshanye/Desktop/AI_final/GameAI-Final-Project/Content/StarterContent/Textures/T_Tech_Hex_Tile_N.uasset" 224
"/Users/shanshanye/Desktop/AI_final/GameAI-Final-Project/Content/StarterContent/Materials/M_Tech_Hex_Tile.uexp" 225
"/Users/shanshanye/Desktop/AI_final/GameAI-Final-Project/Content/StarterContent/Materials/M_Tech_Hex_Tile.uasset" 226
"/Users/shanshanye/Desktop/AI_final/GameAI-Final-Project/Content/StarterContent/Textures/T_Smoke_SubUV.ubulk" 227
"/Users/shanshanye/Desktop/AI_final/GameAI-Final-Project/Content/StarterContent/Textures/T_Smoke_SubUV.uasset" 228
"/Users/shanshanye/Desktop/AI_final/GameAI-Final-Project/Content/StarterContent/Textures/T_Smoke_SubUV.uexp" 229
"/Users/shanshanye/Desktop/AI_final/GameAI-Final-Project/Content/StarterContent/Textures/T_Smoke_Tiled_D.uasset" 230
"/Users/shanshanye/Desktop/AI_final/GameAI-Final-Project/Content/StarterContent/Textures/T_Smoke_Tiled_D.ubulk" 231
"/Users/shanshanye/Desktop/AI_final/GameAI-Final-Project/Content/StarterContent/Textures/T_Smoke_Tiled_D.uexp" 232
"/Users/shanshanye/Desktop/AI_final/GameAI-Final-Project/Content/StarterContent/Particles/Materials/M_smoke_subUV.uasset" 233
"/Users/shanshanye/Desktop/AI_final/GameAI-Final-Project/Content/StarterContent/Particles/Materials/M_smoke_subUV.uexp" 234
"/Users/shanshanye/Desktop/AI_final/GameAI-Final-Project/Content/StarterContent/Textures/T_Burst_M.uasset" 235
"/Users/shanshanye/Desktop/AI_final/GameAI-Final-Project/Content/StarterContent/Textures/T_Burst_M.uexp" 236
"/Users/shanshanye/Desktop/AI_final/GameAI-Final-Project/Content/StarterContent/Textures/T_Burst_M.ubulk" 237
"/Users/shanshanye/Desktop/AI_final/GameAI-Final-Project/Content/StarterContent/Particles/Materials/M_Burst.uasset" 238
"/Users/shanshanye/Desktop/AI_final/GameAI-Final-Project/Content/StarterContent/Particles/Materials/M_Burst.uexp" 239
"/Users/shanshanye/Desktop/AI_final/GameAI-Final-Project/Content/StarterContent/Textures/T_Explosion_SubUV.ubulk" 240
"/Users/shanshanye/Desktop/AI_final/GameAI-Final-Project/Content/StarterContent/Textures/T_Explosion_SubUV.uasset" 241
"/Users/shanshanye/Desktop/AI_final/GameAI-Final-Project/Content/StarterContent/Textures/T_Explosion_SubUV.uexp" 242
"/Users/shanshanye/Desktop/AI_final/GameAI-Final-Project/Content/StarterContent/Particles/Materials/M_explosion_subUV.uexp" 243
"/Users/shanshanye/Desktop/AI_final/GameAI-Final-Project/Content/StarterContent/Particles/Materials/M_explosion_subUV.uasset" 244
"/Users/shanshanye/Desktop/AI_final/GameAI-Final-Project/Content/StarterContent/Particles/Materials/m_flare_01.uexp" 245
"/Users/shanshanye/Desktop/AI_final/GameAI-Final-Project/Content/StarterContent/Particles/Materials/m_flare_01.uasset" 246
"../../../Engine/Content/Functions/Engine_MaterialFunctions01/Gradient/RadialGradient.uasset" 247
"../../../Engine/Content/Functions/Engine_MaterialFunctions01/Gradient/RadialGradient.uexp" 248
"/Users/shanshanye/Desktop/AI_final/GameAI-Final-Project/Content/StarterContent/Particles/Materials/M_radial_ramp.uexp" 249
"/Users/shanshanye/Desktop/AI_final/GameAI-Final-Project/Content/StarterContent/Particles/Materials/M_radial_ramp.uasset" 250
"/Users/shanshanye/Desktop/AI_final/GameAI-Final-Project/Content/StarterContent/Particles/P_Explosion.uasset" 251
"/Users/shanshanye/Desktop/AI_final/GameAI-Final-Project/Content/StarterContent/Particles/P_Explosion.uexp" 252
"/Users/shanshanye/Desktop/AI_final/GameAI-Final-Project/Content/Characters/Projectiles/BP_SelfDestructProjectile.uasset" 253
"/Users/shanshanye/Desktop/AI_final/GameAI-Final-Project/Content/Characters/Projectiles/BP_SelfDestructProjectile.uexp" 254
"/Users/shanshanye/Desktop/AI_final/GameAI-Final-Project/Content/Characters/AICharacter/Variants/BP_Character_VariantBase.uexp" 255
"/Users/shanshanye/Desktop/AI_final/GameAI-Final-Project/Content/Characters/AICharacter/Variants/BP_Character_VariantBase.uasset" 256
"/Users/shanshanye/Desktop/AI_final/GameAI-Final-Project/Content/Perception/BP_PerceptionComponent.uasset" 257
"/Users/shanshanye/Desktop/AI_final/GameAI-Final-Project/Content/Perception/BP_PerceptionComponent.uexp" 258
"/Users/shanshanye/Desktop/AI_final/GameAI-Final-Project/Content/Characters/AICharacter/Variants/BP_Controller_VariantBase.uasset" 259
"/Users/shanshanye/Desktop/AI_final/GameAI-Final-Project/Content/Characters/AICharacter/Variants/BP_Controller_VariantBase.uexp" 260
"/Users/shanshanye/Desktop/AI_final/GameAI-Final-Project/Content/Spatial/SpatialFunction_Hold_Close.uexp" 261
"/Users/shanshanye/Desktop/AI_final/GameAI-Final-Project/Content/Spatial/SpatialFunction_Hold_Close.uasset" 262
"/Users/shanshanye/Desktop/AI_final/GameAI-Final-Project/Content/Characters/AICharacter/Variants/BlackboardBase.uexp" 263
"/Users/shanshanye/Desktop/AI_final/GameAI-Final-Project/Content/Characters/AICharacter/Variants/BlackboardBase.uasset" 264
"/Users/shanshanye/Desktop/AI_final/GameAI-Final-Project/Content/Characters/AICharacter/Variants/BehaviorPieces/SetSpatialFunction_Service.uasset" 265
"/Users/shanshanye/Desktop/AI_final/GameAI-Final-Project/Content/Characters/AICharacter/Variants/BehaviorPieces/SetSpatialFunction_Service.uexp" 266
"/Users/shanshanye/Desktop/AI_final/GameAI-Final-Project/Content/Characters/AICharacter/Variants/BehaviorPieces/CheckDistance_Decorator.uexp" 267
"/Users/shanshanye/Desktop/AI_final/GameAI-Final-Project/Content/Characters/AICharacter/Variants/BehaviorPieces/CheckDistance_Decorator.uasset" 268
"/Users/shanshanye/Desktop/AI_final/GameAI-Final-Project/Content/StarterContent/Particles/Materials/M_Radial_Gradient.uexp" 269
"/Users/shanshanye/Desktop/AI_final/GameAI-Final-Project/Content/StarterContent/Particles/Materials/M_Radial_Gradient.uasset" 270
"/Users/shanshanye/Desktop/AI_final/GameAI-Final-Project/Content/StarterContent/Textures/T_Spark_Core.uexp" 271
"/Users/shanshanye/Desktop/AI_final/GameAI-Final-Project/Content/StarterContent/Textures/T_Spark_Core.uasset" 272
"/Users/shanshanye/Desktop/AI_final/GameAI-Final-Project/Content/StarterContent/Textures/T_Spark_Core.ubulk" 273
"/Users/shanshanye/Desktop/AI_final/GameAI-Final-Project/Content/StarterContent/Particles/Materials/M_Spark.uexp" 274
"/Users/shanshanye/Desktop/AI_final/GameAI-Final-Project/Content/StarterContent/Particles/Materials/M_Spark.uasset" 275
"/Users/shanshanye/Desktop/AI_final/GameAI-Final-Project/Content/StarterContent/Particles/P_Sparks.uasset" 276
"/Users/shanshanye/Desktop/AI_final/GameAI-Final-Project/Content/StarterContent/Particles/P_Sparks.uexp" 277
"/Users/shanshanye/Desktop/AI_final/GameAI-Final-Project/Content/Maps/Furniture/BP_Wall_Lighting.uexp" 278
"/Users/shanshanye/Desktop/AI_final/GameAI-Final-Project/Content/Maps/Furniture/BP_Wall_Lighting.uasset" 279
"/Users/shanshanye/Desktop/AI_final/GameAI-Final-Project/Content/Characters/Projectiles/BP_Projectile_Default.uasset" 280
"/Users/shanshanye/Desktop/AI_final/GameAI-Final-Project/Content/Characters/Projectiles/BP_Projectile_Default.uexp" 281
"/Users/shanshanye/Desktop/AI_final/GameAI-Final-Project/Content/Characters/AICharacter/Variants/BehaviorPieces/Shoot_Task.uasset" 282
"/Users/shanshanye/Desktop/AI_final/GameAI-Final-Project/Content/Characters/AICharacter/Variants/BehaviorPieces/Shoot_Task.uexp" 283
"/Users/shanshanye/Desktop/AI_final/GameAI-Final-Project/Content/Characters/AICharacter/Variants/BehaviorPieces/FacePlayer_Service.uexp" 284
"/Users/shanshanye/Desktop/AI_final/GameAI-Final-Project/Content/Characters/AICharacter/Variants/BehaviorPieces/FacePlayer_Service.uasset" 285
"/Users/shanshanye/Desktop/AI_final/GameAI-Final-Project/Content/Characters/AICharacter/Variants/BehaviorPieces/ChargePlayer_Task.uexp" 286
"/Users/shanshanye/Desktop/AI_final/GameAI-Final-Project/Content/Characters/AICharacter/Variants/BehaviorPieces/ChargePlayer_Task.uasset" 287
"/Users/shanshanye/Desktop/AI_final/GameAI-Final-Project/Content/Characters/AICharacter/Variants/Fodder/BehaviorTree_Fodder.uasset" 288
"/Users/shanshanye/Desktop/AI_final/GameAI-Final-Project/Content/Characters/AICharacter/Variants/Fodder/BehaviorTree_Fodder.uexp" 289
"/Users/shanshanye/Desktop/AI_final/GameAI-Final-Project/Content/Characters/AICharacter/Variants/Fodder/BP_Controller_Fodder.uasset" 290
"/Users/shanshanye/Desktop/AI_final/GameAI-Final-Project/Content/Characters/AICharacter/Variants/Fodder/BP_Controller_Fodder.uexp" 291
"/Users/shanshanye/Desktop/AI_final/GameAI-Final-Project/Content/Characters/AICharacter/Variants/Fodder/BP_Character_Fodder.uasset" 292
"/Users/shanshanye/Desktop/AI_final/GameAI-Final-Project/Content/Characters/AICharacter/Variants/Fodder/BP_Character_Fodder.uexp" 293
"../../../Engine/Content/Functions/Engine_MaterialFunctions01/Shading/PowerToRoughness.uexp" 294
"../../../Engine/Content/Functions/Engine_MaterialFunctions01/Shading/PowerToRoughness.uasset" 295
"../../../Engine/Content/Functions/Engine_MaterialFunctions01/Shading/ConvertFromDiffSpec.uexp" 296
"../../../Engine/Content/Functions/Engine_MaterialFunctions01/Shading/ConvertFromDiffSpec.uasset" 297
"../../../Engine/Content/EngineMaterials/Substrate/Volume/SubstrateSimpleVolumeEnvLUT3D.uexp" 298
"../../../Engine/Content/EngineMaterials/Substrate/Volume/SubstrateSimpleVolumeEnvLUT3D.uasset" 299
"../../../Engine/Content/EngineMaterials/Substrate/Volume/SubstrateSimpleVolumeLUT3D.uasset" 300
"../../../Engine/Content/EngineMaterials/Substrate/Volume/SubstrateSimpleVolumeLUT3D.uexp" 301
"../../../Engine/Content/EngineMaterials/Substrate/Glints2/AGlintTex2dArray2.uasset" 302
"../../../Engine/Content/EngineMaterials/Substrate/Glints2/AGlintTex2dArray2.uexp" 303
"../../../Engine/Content/EngineMaterials/Substrate/GLints/AGlintTex2dArray.uasset" 304
"../../../Engine/Content/EngineMaterials/Substrate/GLints/AGlintTex2dArray.uexp" 305
"../../../Engine/Content/ArtTools/RenderToTexture/Meshes/S_1_Unit_Plane.uexp" 306
"../../../Engine/Content/ArtTools/RenderToTexture/Meshes/S_1_Unit_Plane.ubulk" 307
"../../../Engine/Content/ArtTools/RenderToTexture/Meshes/S_1_Unit_Plane.uasset" 308
"/Users/shanshanye/Desktop/AI_final/GameAI-Final-Project/Content/Characters/Mannequins/Meshes/SK_Mannequin.uasset" 309
"/Users/shanshanye/Desktop/AI_final/GameAI-Final-Project/Content/Characters/Mannequins/Meshes/SK_Mannequin.uexp" 310
"/Users/shanshanye/Desktop/AI_final/GameAI-Final-Project/Content/Characters/Mannequins/Rigs/PA_Mannequin.uasset" 311
"/Users/shanshanye/Desktop/AI_final/GameAI-Final-Project/Content/Characters/Mannequins/Rigs/PA_Mannequin.uexp" 312
"/Users/shanshanye/Desktop/AI_final/GameAI-Final-Project/Content/Characters/Mannequins/Textures/Manny/T_Manny_01_D.ubulk" 313
"/Users/shanshanye/Desktop/AI_final/GameAI-Final-Project/Content/Characters/Mannequins/Textures/Manny/T_Manny_01_D.uexp" 314
"/Users/shanshanye/Desktop/AI_final/GameAI-Final-Project/Content/Characters/Mannequins/Textures/Manny/T_Manny_01_D.uasset" 315
"/Users/shanshanye/Desktop/AI_final/GameAI-Final-Project/Content/Characters/Mannequins/Textures/Manny/T_Manny_01_BN.ubulk" 316
"/Users/shanshanye/Desktop/AI_final/GameAI-Final-Project/Content/Characters/Mannequins/Textures/Manny/T_Manny_01_BN.uexp" 317
"/Users/shanshanye/Desktop/AI_final/GameAI-Final-Project/Content/Characters/Mannequins/Textures/Manny/T_Manny_01_BN.uasset" 318
"/Users/shanshanye/Desktop/AI_final/GameAI-Final-Project/Content/Characters/Mannequins/Materials/Functions/ChromaticCurve.uasset" 319
"/Users/shanshanye/Desktop/AI_final/GameAI-Final-Project/Content/Characters/Mannequins/Materials/Functions/ChromaticCurve.uexp" 320
"/Users/shanshanye/Desktop/AI_final/GameAI-Final-Project/Content/Characters/Mannequins/Materials/Functions/CA_Mannequin.uasset" 321
"/Users/shanshanye/Desktop/AI_final/GameAI-Final-Project/Content/Characters/Mannequins/Materials/Functions/CA_Mannequin.uexp" 322
"/Users/shanshanye/Desktop/AI_final/GameAI-Final-Project/Content/Characters/Mannequins/Materials/Functions/MF_Diffraction.uasset" 323
"/Users/shanshanye/Desktop/AI_final/GameAI-Final-Project/Content/Characters/Mannequins/Materials/Functions/MF_Diffraction.uexp" 324
"../../../Engine/Content/Functions/Engine_MaterialFunctions02/Utility/BreakOutFloat2Components.uasset" 325
"../../../Engine/Content/Functions/Engine_MaterialFunctions02/Utility/BreakOutFloat2Components.uexp" 326
"../../../Engine/Content/Functions/Engine_MaterialFunctions01/Texturing/ScaleUVsByCenter.uexp" 327
"../../../Engine/Content/Functions/Engine_MaterialFunctions01/Texturing/ScaleUVsByCenter.uasset" 328
"/Users/shanshanye/Desktop/AI_final/GameAI-Final-Project/Content/Characters/Mannequins/Textures/Shared/T_UE_Logo_M.uasset" 329
"/Users/shanshanye/Desktop/AI_final/GameAI-Final-Project/Content/Characters/Mannequins/Textures/Shared/T_UE_Logo_M.uexp" 330
"/Users/shanshanye/Desktop/AI_final/GameAI-Final-Project/Content/Characters/Mannequins/Materials/Functions/MF_logo3layers.uasset" 331
"/Users/shanshanye/Desktop/AI_final/GameAI-Final-Project/Content/Characters/Mannequins/Materials/Functions/MF_logo3layers.uexp" 332
"/Users/shanshanye/Desktop/AI_final/GameAI-Final-Project/Content/Characters/Mannequins/Materials/Functions/ML_BaseColorFallOff.uexp" 333
"/Users/shanshanye/Desktop/AI_final/GameAI-Final-Project/Content/Characters/Mannequins/Materials/Functions/ML_BaseColorFallOff.uasset" 334
"/Users/shanshanye/Desktop/AI_final/GameAI-Final-Project/Content/Characters/Mannequins/Textures/Manny/T_Manny_01_ASAOPMASK_MSK.ubulk" 335
"/Users/shanshanye/Desktop/AI_final/GameAI-Final-Project/Content/Characters/Mannequins/Textures/Manny/T_Manny_01_ASAOPMASK_MSK.uasset" 336
"/Users/shanshanye/Desktop/AI_final/GameAI-Final-Project/Content/Characters/Mannequins/Textures/Manny/T_Manny_01_ASAOPMASK_MSK.uexp" 337
"/Users/shanshanye/Desktop/AI_final/GameAI-Final-Project/Content/Characters/Mannequins/Textures/Manny/T_Manny_01_CCRCCPlastic_MSK.ubulk" 338
"/Users/shanshanye/Desktop/AI_final/GameAI-Final-Project/Content/Characters/Mannequins/Textures/Manny/T_Manny_01_CCRCCPlastic_MSK.uasset" 339
"/Users/shanshanye/Desktop/AI_final/GameAI-Final-Project/Content/Characters/Mannequins/Textures/Manny/T_Manny_01_CCRCCPlastic_MSK.uexp" 340
"/Users/shanshanye/Desktop/AI_final/GameAI-Final-Project/Content/Characters/Mannequins/Textures/Manny/T_Manny_01_MSR_MSK.uexp" 341
"/Users/shanshanye/Desktop/AI_final/GameAI-Final-Project/Content/Characters/Mannequins/Textures/Manny/T_Manny_01_MSR_MSK.ubulk" 342
"/Users/shanshanye/Desktop/AI_final/GameAI-Final-Project/Content/Characters/Mannequins/Textures/Manny/T_Manny_01_MSR_MSK.uasset" 343
"/Users/shanshanye/Desktop/AI_final/GameAI-Final-Project/Content/Characters/Mannequins/Textures/Manny/T_Manny_01_N.ubulk" 344
"/Users/shanshanye/Desktop/AI_final/GameAI-Final-Project/Content/Characters/Mannequins/Textures/Manny/T_Manny_01_N.uexp" 345
"/Users/shanshanye/Desktop/AI_final/GameAI-Final-Project/Content/Characters/Mannequins/Textures/Manny/T_Manny_01_N.uasset" 346
"/Users/shanshanye/Desktop/AI_final/GameAI-Final-Project/Content/Characters/Mannequins/Textures/Manny/T_Manny_01_Tan.uexp" 347
"/Users/shanshanye/Desktop/AI_final/GameAI-Final-Project/Content/Characters/Mannequins/Textures/Manny/T_Manny_01_Tan.uasset" 348
"/Users/shanshanye/Desktop/AI_final/GameAI-Final-Project/Content/Characters/Mannequins/Textures/Manny/T_Manny_01_Tan.ubulk" 349
"/Users/shanshanye/Desktop/AI_final/GameAI-Final-Project/Content/Characters/Mannequins/Materials/M_Mannequin.uexp" 350
"/Users/shanshanye/Desktop/AI_final/GameAI-Final-Project/Content/Characters/Mannequins/Materials/M_Mannequin.uasset" 351
"/Users/shanshanye/Desktop/AI_final/GameAI-Final-Project/Content/Characters/Mannequins/Textures/Quinn/T_Quinn_01ID_BN.uexp" 352
"/Users/shanshanye/Desktop/AI_final/GameAI-Final-Project/Content/Characters/Mannequins/Textures/Quinn/T_Quinn_01ID_BN.uasset" 353
"/Users/shanshanye/Desktop/AI_final/GameAI-Final-Project/Content/Characters/Mannequins/Textures/Quinn/T_Quinn_01ID_BN.ubulk" 354
"/Users/shanshanye/Desktop/AI_final/GameAI-Final-Project/Content/Characters/Mannequins/Textures/Quinn/T_Quinn_01ID_Tan.ubulk" 355
"/Users/shanshanye/Desktop/AI_final/GameAI-Final-Project/Content/Characters/Mannequins/Textures/Quinn/T_Quinn_01ID_Tan.uasset" 356
"/Users/shanshanye/Desktop/AI_final/GameAI-Final-Project/Content/Characters/Mannequins/Textures/Quinn/T_Quinn_01ID_Tan.uexp" 357
"/Users/shanshanye/Desktop/AI_final/GameAI-Final-Project/Content/Characters/Mannequins/Textures/Quinn/T_Quinn_01ID_MSR_MSK.uasset" 358
"/Users/shanshanye/Desktop/AI_final/GameAI-Final-Project/Content/Characters/Mannequins/Textures/Quinn/T_Quinn_01ID_MSR_MSK.uexp" 359
"/Users/shanshanye/Desktop/AI_final/GameAI-Final-Project/Content/Characters/Mannequins/Textures/Quinn/T_Quinn_01ID_MSR_MSK.ubulk" 360
"/Users/shanshanye/Desktop/AI_final/GameAI-Final-Project/Content/Characters/Mannequins/Textures/Quinn/T_Quinn_01_CCRCCPlastic_MSK.ubulk" 361
"/Users/shanshanye/Desktop/AI_final/GameAI-Final-Project/Content/Characters/Mannequins/Textures/Quinn/T_Quinn_01_CCRCCPlastic_MSK.uexp" 362
"/Users/shanshanye/Desktop/AI_final/GameAI-Final-Project/Content/Characters/Mannequins/Textures/Quinn/T_Quinn_01_CCRCCPlastic_MSK.uasset" 363
"/Users/shanshanye/Desktop/AI_final/GameAI-Final-Project/Content/Characters/Mannequins/Textures/Quinn/T_Quinn_01_ASAOMASK_MSK.ubulk" 364
"/Users/shanshanye/Desktop/AI_final/GameAI-Final-Project/Content/Characters/Mannequins/Textures/Quinn/T_Quinn_01_ASAOMASK_MSK.uexp" 365
"/Users/shanshanye/Desktop/AI_final/GameAI-Final-Project/Content/Characters/Mannequins/Textures/Quinn/T_Quinn_01_ASAOMASK_MSK.uasset" 366
"/Users/shanshanye/Desktop/AI_final/GameAI-Final-Project/Content/Characters/Mannequins/Textures/Quinn/T_Quinn_01ID_D.uexp" 367
"/Users/shanshanye/Desktop/AI_final/GameAI-Final-Project/Content/Characters/Mannequins/Textures/Quinn/T_Quinn_01ID_D.ubulk" 368
"/Users/shanshanye/Desktop/AI_final/GameAI-Final-Project/Content/Characters/Mannequins/Textures/Quinn/T_Quinn_01ID_D.uasset" 369
"/Users/shanshanye/Desktop/AI_final/GameAI-Final-Project/Content/Characters/Mannequins/Textures/Quinn/T_Quinn_01ID_N.uasset" 370
"/Users/shanshanye/Desktop/AI_final/GameAI-Final-Project/Content/Characters/Mannequins/Textures/Quinn/T_Quinn_01ID_N.uexp" 371
"/Users/shanshanye/Desktop/AI_final/GameAI-Final-Project/Content/Characters/Mannequins/Textures/Quinn/T_Quinn_01ID_N.ubulk" 372
"/Users/shanshanye/Desktop/AI_final/GameAI-Final-Project/Content/Characters/Mannequins/Materials/Instances/Quinn/MI_Quinn_01.uasset" 373
"/Users/shanshanye/Desktop/AI_final/GameAI-Final-Project/Content/Characters/Mannequins/Materials/Instances/Quinn/MI_Quinn_01.uexp" 374
"/Users/shanshanye/Desktop/AI_final/GameAI-Final-Project/Content/Characters/Mannequins/Textures/Quinn/T_Quinn_02ID_N.ubulk" 375
"/Users/shanshanye/Desktop/AI_final/GameAI-Final-Project/Content/Characters/Mannequins/Textures/Quinn/T_Quinn_02ID_N.uasset" 376
"/Users/shanshanye/Desktop/AI_final/GameAI-Final-Project/Content/Characters/Mannequins/Textures/Quinn/T_Quinn_02ID_N.uexp" 377
"/Users/shanshanye/Desktop/AI_final/GameAI-Final-Project/Content/Characters/Mannequins/Textures/Quinn/T_Quinn_02ID_D.uexp" 378
"/Users/shanshanye/Desktop/AI_final/GameAI-Final-Project/Content/Characters/Mannequins/Textures/Quinn/T_Quinn_02ID_D.uasset" 379
"/Users/shanshanye/Desktop/AI_final/GameAI-Final-Project/Content/Characters/Mannequins/Textures/Quinn/T_Quinn_02ID_D.ubulk" 380
"/Users/shanshanye/Desktop/AI_final/GameAI-Final-Project/Content/Characters/Mannequins/Textures/Quinn/T_Quinn_02ID_MSR_MSK.uexp" 381
"/Users/shanshanye/Desktop/AI_final/GameAI-Final-Project/Content/Characters/Mannequins/Textures/Quinn/T_Quinn_02ID_MSR_MSK.ubulk" 382
"/Users/shanshanye/Desktop/AI_final/GameAI-Final-Project/Content/Characters/Mannequins/Textures/Quinn/T_Quinn_02ID_MSR_MSK.uasset" 383
"/Users/shanshanye/Desktop/AI_final/GameAI-Final-Project/Content/Characters/Mannequins/Textures/Quinn/T_Quinn_02ID_BN.ubulk" 384
"/Users/shanshanye/Desktop/AI_final/GameAI-Final-Project/Content/Characters/Mannequins/Textures/Quinn/T_Quinn_02ID_BN.uasset" 385
"/Users/shanshanye/Desktop/AI_final/GameAI-Final-Project/Content/Characters/Mannequins/Textures/Quinn/T_Quinn_02ID_BN.uexp" 386
"/Users/shanshanye/Desktop/AI_final/GameAI-Final-Project/Content/Characters/Mannequins/Textures/Quinn/T_Quinn_02_ASAOMASK_MSK.ubulk" 387
"/Users/shanshanye/Desktop/AI_final/GameAI-Final-Project/Content/Characters/Mannequins/Textures/Quinn/T_Quinn_02_ASAOMASK_MSK.uexp" 388
"/Users/shanshanye/Desktop/AI_final/GameAI-Final-Project/Content/Characters/Mannequins/Textures/Quinn/T_Quinn_02_ASAOMASK_MSK.uasset" 389
"/Users/shanshanye/Desktop/AI_final/GameAI-Final-Project/Content/Characters/Mannequins/Textures/Quinn/T_Quinn_02_CCRCCPlastic_MSK.uexp" 390
"/Users/shanshanye/Desktop/AI_final/GameAI-Final-Project/Content/Characters/Mannequins/Textures/Quinn/T_Quinn_02_CCRCCPlastic_MSK.ubulk" 391
"/Users/shanshanye/Desktop/AI_final/GameAI-Final-Project/Content/Characters/Mannequins/Textures/Quinn/T_Quinn_02_CCRCCPlastic_MSK.uasset" 392
"/Users/shanshanye/Desktop/AI_final/GameAI-Final-Project/Content/Characters/Mannequins/Textures/Quinn/T_Quinn_02ID_Tan.uexp" 393
"/Users/shanshanye/Desktop/AI_final/GameAI-Final-Project/Content/Characters/Mannequins/Textures/Quinn/T_Quinn_02ID_Tan.ubulk" 394
"/Users/shanshanye/Desktop/AI_final/GameAI-Final-Project/Content/Characters/Mannequins/Textures/Quinn/T_Quinn_02ID_Tan.uasset" 395
"/Users/shanshanye/Desktop/AI_final/GameAI-Final-Project/Content/Characters/Mannequins/Materials/Instances/Quinn/MI_Quinn_02.uexp" 396
"/Users/shanshanye/Desktop/AI_final/GameAI-Final-Project/Content/Characters/Mannequins/Materials/Instances/Quinn/MI_Quinn_02.uasset" 397
"../../../Engine/Plugins/Animation/ControlRig/Content/Controls/DefaultGizmoLibrary.uexp" 398
"../../../Engine/Plugins/Animation/ControlRig/Content/Controls/DefaultGizmoLibrary.uasset" 399
"/Users/shanshanye/Desktop/AI_final/GameAI-Final-Project/Content/Characters/Mannequins/Rigs/CR_Mannequin_Procedural.uexp" 400
"/Users/shanshanye/Desktop/AI_final/GameAI-Final-Project/Content/Characters/Mannequins/Rigs/CR_Mannequin_Procedural.uasset" 401
"/Users/shanshanye/Desktop/AI_final/GameAI-Final-Project/Content/Characters/Mannequins/Rigs/Poses/Quinn/Quinn_calf_l_pose.uasset" 402
"/Users/shanshanye/Desktop/AI_final/GameAI-Final-Project/Content/Characters/Mannequins/Rigs/Poses/Quinn/Quinn_calf_l_pose.uexp" 403
"/Users/shanshanye/Desktop/AI_final/GameAI-Final-Project/Content/Characters/Mannequins/Rigs/Poses/Quinn/Quinn_calf_r_pose.uexp" 404
"/Users/shanshanye/Desktop/AI_final/GameAI-Final-Project/Content/Characters/Mannequins/Rigs/Poses/Quinn/Quinn_calf_r_pose.uasset" 405
"/Users/shanshanye/Desktop/AI_final/GameAI-Final-Project/Content/Characters/Mannequins/Rigs/Poses/Quinn/Quinn_clavicle_l_pose.uexp" 406
"/Users/shanshanye/Desktop/AI_final/GameAI-Final-Project/Content/Characters/Mannequins/Rigs/Poses/Quinn/Quinn_clavicle_l_pose.uasset" 407
"/Users/shanshanye/Desktop/AI_final/GameAI-Final-Project/Content/Characters/Mannequins/Rigs/Poses/Quinn/Quinn_clavicle_r_pose.uexp" 408
"/Users/shanshanye/Desktop/AI_final/GameAI-Final-Project/Content/Characters/Mannequins/Rigs/Poses/Quinn/Quinn_clavicle_r_pose.uasset" 409
"/Users/shanshanye/Desktop/AI_final/GameAI-Final-Project/Content/Characters/Mannequins/Rigs/Poses/Quinn/Quinn_foot_l_pose.uexp" 410
"/Users/shanshanye/Desktop/AI_final/GameAI-Final-Project/Content/Characters/Mannequins/Rigs/Poses/Quinn/Quinn_foot_l_pose.uasset" 411
"/Users/shanshanye/Desktop/AI_final/GameAI-Final-Project/Content/Characters/Mannequins/Rigs/Poses/Quinn/Quinn_foot_r_pose.uexp" 412
"/Users/shanshanye/Desktop/AI_final/GameAI-Final-Project/Content/Characters/Mannequins/Rigs/Poses/Quinn/Quinn_foot_r_pose.uasset" 413
"/Users/shanshanye/Desktop/AI_final/GameAI-Final-Project/Content/Characters/Mannequins/Rigs/Poses/Quinn/Quinn_hand_l_pose.uexp" 414
"/Users/shanshanye/Desktop/AI_final/GameAI-Final-Project/Content/Characters/Mannequins/Rigs/Poses/Quinn/Quinn_hand_l_pose.uasset" 415
"/Users/shanshanye/Desktop/AI_final/GameAI-Final-Project/Content/Characters/Mannequins/Rigs/Poses/Quinn/Quinn_hand_r_pose.uexp" 416
"/Users/shanshanye/Desktop/AI_final/GameAI-Final-Project/Content/Characters/Mannequins/Rigs/Poses/Quinn/Quinn_hand_r_pose.uasset" 417
"/Users/shanshanye/Desktop/AI_final/GameAI-Final-Project/Content/Characters/Mannequins/Rigs/Poses/Quinn/Quinn_lowerarm_l_pose.uasset" 418
"/Users/shanshanye/Desktop/AI_final/GameAI-Final-Project/Content/Characters/Mannequins/Rigs/Poses/Quinn/Quinn_lowerarm_l_pose.uexp" 419
"/Users/shanshanye/Desktop/AI_final/GameAI-Final-Project/Content/Characters/Mannequins/Rigs/Poses/Quinn/Quinn_lowerarm_r_pose.uasset" 420
"/Users/shanshanye/Desktop/AI_final/GameAI-Final-Project/Content/Characters/Mannequins/Rigs/Poses/Quinn/Quinn_lowerarm_r_pose.uexp" 421
"/Users/shanshanye/Desktop/AI_final/GameAI-Final-Project/Content/Characters/Mannequins/Rigs/Poses/Quinn/Quinn_thigh_l_pose.uasset" 422
"/Users/shanshanye/Desktop/AI_final/GameAI-Final-Project/Content/Characters/Mannequins/Rigs/Poses/Quinn/Quinn_thigh_l_pose.uexp" 423
"/Users/shanshanye/Desktop/AI_final/GameAI-Final-Project/Content/Characters/Mannequins/Rigs/Poses/Quinn/Quinn_thigh_r_pose.uexp" 424
"/Users/shanshanye/Desktop/AI_final/GameAI-Final-Project/Content/Characters/Mannequins/Rigs/Poses/Quinn/Quinn_thigh_r_pose.uasset" 425
"/Users/shanshanye/Desktop/AI_final/GameAI-Final-Project/Content/Characters/Mannequins/Rigs/Poses/Quinn/Quinn_upperarm_l_pose.uexp" 426
"/Users/shanshanye/Desktop/AI_final/GameAI-Final-Project/Content/Characters/Mannequins/Rigs/Poses/Quinn/Quinn_upperarm_l_pose.uasset" 427
"/Users/shanshanye/Desktop/AI_final/GameAI-Final-Project/Content/Characters/Mannequins/Rigs/Poses/Quinn/Quinn_upperarm_r_pose.uexp" 428
"/Users/shanshanye/Desktop/AI_final/GameAI-Final-Project/Content/Characters/Mannequins/Rigs/Poses/Quinn/Quinn_upperarm_r_pose.uasset" 429
"/Users/shanshanye/Desktop/AI_final/GameAI-Final-Project/Content/Characters/Mannequins/Rigs/ABP_Quinn_PostProcess.uasset" 430
"/Users/shanshanye/Desktop/AI_final/GameAI-Final-Project/Content/Characters/Mannequins/Rigs/ABP_Quinn_PostProcess.uexp" 431
"/Users/shanshanye/Desktop/AI_final/GameAI-Final-Project/Content/Characters/Mannequins/Meshes/SKM_Quinn.uexp" 432
"/Users/shanshanye/Desktop/AI_final/GameAI-Final-Project/Content/Characters/Mannequins/Meshes/SKM_Quinn.uasset" 433
"/Users/shanshanye/Desktop/AI_final/GameAI-Final-Project/Content/Characters/Mannequins/Materials/Instances/Manny/MI_Manny_01.uasset" 434
"/Users/shanshanye/Desktop/AI_final/GameAI-Final-Project/Content/Characters/Mannequins/Materials/Instances/Manny/MI_Manny_01.uexp" 435
"/Users/shanshanye/Desktop/AI_final/GameAI-Final-Project/Content/Characters/Mannequins/Textures/Manny/T_Manny_02_D.ubulk" 436
"/Users/shanshanye/Desktop/AI_final/GameAI-Final-Project/Content/Characters/Mannequins/Textures/Manny/T_Manny_02_D.uasset" 437
"/Users/shanshanye/Desktop/AI_final/GameAI-Final-Project/Content/Characters/Mannequins/Textures/Manny/T_Manny_02_D.uexp" 438
"/Users/shanshanye/Desktop/AI_final/GameAI-Final-Project/Content/Characters/Mannequins/Textures/Manny/T_Manny_02_BN.uasset" 439
"/Users/shanshanye/Desktop/AI_final/GameAI-Final-Project/Content/Characters/Mannequins/Textures/Manny/T_Manny_02_BN.uexp" 440
"/Users/shanshanye/Desktop/AI_final/GameAI-Final-Project/Content/Characters/Mannequins/Textures/Manny/T_Manny_02_BN.ubulk" 441
"/Users/shanshanye/Desktop/AI_final/GameAI-Final-Project/Content/Characters/Mannequins/Textures/Manny/T_Manny_02_CCRCCPlastic_MSK.uasset" 442
"/Users/shanshanye/Desktop/AI_final/GameAI-Final-Project/Content/Characters/Mannequins/Textures/Manny/T_Manny_02_CCRCCPlastic_MSK.ubulk" 443
"/Users/shanshanye/Desktop/AI_final/GameAI-Final-Project/Content/Characters/Mannequins/Textures/Manny/T_Manny_02_CCRCCPlastic_MSK.uexp" 444
"/Users/shanshanye/Desktop/AI_final/GameAI-Final-Project/Content/Characters/Mannequins/Textures/Manny/T_Manny_02_N.ubulk" 445
"/Users/shanshanye/Desktop/AI_final/GameAI-Final-Project/Content/Characters/Mannequins/Textures/Manny/T_Manny_02_N.uasset" 446
"/Users/shanshanye/Desktop/AI_final/GameAI-Final-Project/Content/Characters/Mannequins/Textures/Manny/T_Manny_02_N.uexp" 447
"/Users/shanshanye/Desktop/AI_final/GameAI-Final-Project/Content/Characters/Mannequins/Textures/Manny/T_Manny_02_Tan.uexp" 448
"/Users/shanshanye/Desktop/AI_final/GameAI-Final-Project/Content/Characters/Mannequins/Textures/Manny/T_Manny_02_Tan.ubulk" 449
"/Users/shanshanye/Desktop/AI_final/GameAI-Final-Project/Content/Characters/Mannequins/Textures/Manny/T_Manny_02_Tan.uasset" 450
"/Users/shanshanye/Desktop/AI_final/GameAI-Final-Project/Content/Characters/Mannequins/Textures/Manny/T_Manny_02_ASAOPMASK_MSK.uasset" 451
"/Users/shanshanye/Desktop/AI_final/GameAI-Final-Project/Content/Characters/Mannequins/Textures/Manny/T_Manny_02_ASAOPMASK_MSK.ubulk" 452
"/Users/shanshanye/Desktop/AI_final/GameAI-Final-Project/Content/Characters/Mannequins/Textures/Manny/T_Manny_02_ASAOPMASK_MSK.uexp" 453
"/Users/shanshanye/Desktop/AI_final/GameAI-Final-Project/Content/Characters/Mannequins/Textures/Manny/T_Manny_02_MSR_MSK.uexp" 454
"/Users/shanshanye/Desktop/AI_final/GameAI-Final-Project/Content/Characters/Mannequins/Textures/Manny/T_Manny_02_MSR_MSK.ubulk" 455
"/Users/shanshanye/Desktop/AI_final/GameAI-Final-Project/Content/Characters/Mannequins/Textures/Manny/T_Manny_02_MSR_MSK.uasset" 456
"/Users/shanshanye/Desktop/AI_final/GameAI-Final-Project/Content/Characters/Mannequins/Materials/Instances/Manny/MI_Manny_02.uexp" 457
"/Users/shanshanye/Desktop/AI_final/GameAI-Final-Project/Content/Characters/Mannequins/Materials/Instances/Manny/MI_Manny_02.uasset" 458
"/Users/shanshanye/Desktop/AI_final/GameAI-Final-Project/Content/Characters/Mannequins/Rigs/Poses/Manny/Manny_calf_l_pose.uexp" 459
"/Users/shanshanye/Desktop/AI_final/GameAI-Final-Project/Content/Characters/Mannequins/Rigs/Poses/Manny/Manny_calf_l_pose.uasset" 460
"/Users/shanshanye/Desktop/AI_final/GameAI-Final-Project/Content/Characters/Mannequins/Rigs/Poses/Manny/Manny_calf_r_pose.uasset" 461
"/Users/shanshanye/Desktop/AI_final/GameAI-Final-Project/Content/Characters/Mannequins/Rigs/Poses/Manny/Manny_calf_r_pose.uexp" 462
"/Users/shanshanye/Desktop/AI_final/GameAI-Final-Project/Content/Characters/Mannequins/Rigs/Poses/Manny/Manny_clavicle_l_pose.uexp" 463
"/Users/shanshanye/Desktop/AI_final/GameAI-Final-Project/Content/Characters/Mannequins/Rigs/Poses/Manny/Manny_clavicle_l_pose.uasset" 464
"/Users/shanshanye/Desktop/AI_final/GameAI-Final-Project/Content/Characters/Mannequins/Rigs/Poses/Manny/Manny_clavicle_r_pose.uexp" 465
"/Users/shanshanye/Desktop/AI_final/GameAI-Final-Project/Content/Characters/Mannequins/Rigs/Poses/Manny/Manny_clavicle_r_pose.uasset" 466
"/Users/shanshanye/Desktop/AI_final/GameAI-Final-Project/Content/Characters/Mannequins/Rigs/Poses/Manny/Manny_foot_l_pose.uexp" 467
"/Users/shanshanye/Desktop/AI_final/GameAI-Final-Project/Content/Characters/Mannequins/Rigs/Poses/Manny/Manny_foot_l_pose.uasset" 468
"/Users/shanshanye/Desktop/AI_final/GameAI-Final-Project/Content/Characters/Mannequins/Rigs/Poses/Manny/Manny_foot_r_pose.uasset" 469
"/Users/shanshanye/Desktop/AI_final/GameAI-Final-Project/Content/Characters/Mannequins/Rigs/Poses/Manny/Manny_foot_r_pose.uexp" 470
"/Users/shanshanye/Desktop/AI_final/GameAI-Final-Project/Content/Characters/Mannequins/Rigs/Poses/Manny/Manny_hand_l_pose.uasset" 471
"/Users/shanshanye/Desktop/AI_final/GameAI-Final-Project/Content/Characters/Mannequins/Rigs/Poses/Manny/Manny_hand_l_pose.uexp" 472
"/Users/shanshanye/Desktop/AI_final/GameAI-Final-Project/Content/Characters/Mannequins/Rigs/Poses/Manny/Manny_hand_r_pose.uasset" 473
"/Users/shanshanye/Desktop/AI_final/GameAI-Final-Project/Content/Characters/Mannequins/Rigs/Poses/Manny/Manny_hand_r_pose.uexp" 474
"/Users/shanshanye/Desktop/AI_final/GameAI-Final-Project/Content/Characters/Mannequins/Rigs/Poses/Manny/Manny_lowerarm_l_pose.uasset" 475
"/Users/shanshanye/Desktop/AI_final/GameAI-Final-Project/Content/Characters/Mannequins/Rigs/Poses/Manny/Manny_lowerarm_l_pose.uexp" 476
"/Users/shanshanye/Desktop/AI_final/GameAI-Final-Project/Content/Characters/Mannequins/Rigs/Poses/Manny/Manny_lowerarm_r_pose.uexp" 477
"/Users/shanshanye/Desktop/AI_final/GameAI-Final-Project/Content/Characters/Mannequins/Rigs/Poses/Manny/Manny_lowerarm_r_pose.uasset" 478
"/Users/shanshanye/Desktop/AI_final/GameAI-Final-Project/Content/Characters/Mannequins/Rigs/Poses/Manny/Manny_thigh_l_pose.uexp" 479
"/Users/shanshanye/Desktop/AI_final/GameAI-Final-Project/Content/Characters/Mannequins/Rigs/Poses/Manny/Manny_thigh_l_pose.uasset" 480
"/Users/shanshanye/Desktop/AI_final/GameAI-Final-Project/Content/Characters/Mannequins/Rigs/Poses/Manny/Manny_thigh_r_pose.uasset" 481
"/Users/shanshanye/Desktop/AI_final/GameAI-Final-Project/Content/Characters/Mannequins/Rigs/Poses/Manny/Manny_thigh_r_pose.uexp" 482
"/Users/shanshanye/Desktop/AI_final/GameAI-Final-Project/Content/Characters/Mannequins/Rigs/Poses/Manny/Manny_upperarm_l_pose.uexp" 483
"/Users/shanshanye/Desktop/AI_final/GameAI-Final-Project/Content/Characters/Mannequins/Rigs/Poses/Manny/Manny_upperarm_l_pose.uasset" 484
"/Users/shanshanye/Desktop/AI_final/GameAI-Final-Project/Content/Characters/Mannequins/Rigs/Poses/Manny/Manny_upperarm_r_pose.uexp" 485
"/Users/shanshanye/Desktop/AI_final/GameAI-Final-Project/Content/Characters/Mannequins/Rigs/Poses/Manny/Manny_upperarm_r_pose.uasset" 486
"/Users/shanshanye/Desktop/AI_final/GameAI-Final-Project/Content/Characters/Mannequins/Rigs/ABP_Manny_PostProcess.uexp" 487
"/Users/shanshanye/Desktop/AI_final/GameAI-Final-Project/Content/Characters/Mannequins/Rigs/ABP_Manny_PostProcess.uasset" 488
"/Users/shanshanye/Desktop/AI_final/GameAI-Final-Project/Content/Characters/Mannequins/Meshes/SKM_Manny.uasset" 489
"/Users/shanshanye/Desktop/AI_final/GameAI-Final-Project/Content/Characters/Mannequins/Meshes/SKM_Manny.uexp" 490
"../../../Engine/Plugins/Interchange/Assets/Content/gltf/MaterialFunctions/MF_Sheen.uasset" 491
"../../../Engine/Plugins/Interchange/Assets/Content/gltf/MaterialFunctions/MF_Sheen.uexp" 492
"../../../Engine/Plugins/Interchange/Assets/Content/gltf/MaterialBodies/MF_Sheen_Body.uexp" 493
"../../../Engine/Plugins/Interchange/Assets/Content/gltf/MaterialBodies/MF_Sheen_Body.uasset" 494
"../../../Engine/Plugins/Interchange/Assets/Content/gltf/M_Sheen.uasset" 495
"../../../Engine/Plugins/Interchange/Assets/Content/gltf/M_Sheen.uexp" 496
"../../../Engine/Plugins/Interchange/Assets/Content/gltf/MaterialInstances/MI_Sheen_Blend_DS.uexp" 497
"../../../Engine/Plugins/Interchange/Assets/Content/gltf/MaterialInstances/MI_Sheen_Blend_DS.uasset" 498
"../../../Engine/Content/Functions/Engine_MaterialFunctions01/Texturing/FlattenNormal.uasset" 499
"../../../Engine/Content/Functions/Engine_MaterialFunctions01/Texturing/FlattenNormal.uexp" 500
"../../../Engine/Plugins/Interchange/Assets/Content/gltf/MaterialFunctions/MF_Clearcoat.uexp" 501
"../../../Engine/Plugins/Interchange/Assets/Content/gltf/MaterialFunctions/MF_Clearcoat.uasset" 502
"../../../Engine/Plugins/Interchange/Assets/Content/gltf/MaterialBodies/MF_ClearCoat_Body.uexp" 503
"../../../Engine/Plugins/Interchange/Assets/Content/gltf/MaterialBodies/MF_ClearCoat_Body.uasset" 504
"../../../Engine/Plugins/Interchange/Assets/Content/gltf/M_ClearCoat.uexp" 505
"../../../Engine/Plugins/Interchange/Assets/Content/gltf/M_ClearCoat.uasset" 506
"../../../Engine/Plugins/Interchange/Assets/Content/gltf/MaterialInstances/MI_ClearCoat_Mask.uexp" 507
"../../../Engine/Plugins/Interchange/Assets/Content/gltf/MaterialInstances/MI_ClearCoat_Mask.uasset" 508
"../../../Engine/Content/Functions/Engine_MaterialFunctions02/Utility/CameraDirectionVector.uexp" 509
"../../../Engine/Content/Functions/Engine_MaterialFunctions02/Utility/CameraDirectionVector.uasset" 510
"../../../Engine/Content/EngineMaterials/Good64x64TilingNoiseHighFreq.uasset" 511
"../../../Engine/Content/EngineMaterials/Good64x64TilingNoiseHighFreq.uexp" 512
"../../../Engine/Content/Functions/Engine_MaterialFunctions02/Texturing/ScreenAlignedPixelToPixelUVs.uasset" 513
"../../../Engine/Content/Functions/Engine_MaterialFunctions02/Texturing/ScreenAlignedPixelToPixelUVs.uexp" 514
"../../../Engine/Plugins/Interchange/Assets/Content/gltf/MaterialFunctions/MF_Fresnel_DS.uexp" 515
"../../../Engine/Plugins/Interchange/Assets/Content/gltf/MaterialFunctions/MF_Fresnel_DS.uasset" 516
"../../../Engine/Plugins/Interchange/Assets/Content/gltf/MaterialFunctions/MF_Temporal_Blur.uexp" 517
"../../../Engine/Plugins/Interchange/Assets/Content/gltf/MaterialFunctions/MF_Temporal_Blur.uasset" 518
"../../../Engine/Plugins/Interchange/Assets/Content/gltf/MaterialFunctions/MF_Transmission.uasset" 519
"../../../Engine/Plugins/Interchange/Assets/Content/gltf/MaterialFunctions/MF_Transmission.uexp" 520
"../../../Engine/Plugins/Interchange/Assets/Content/gltf/MaterialBodies/MF_Transmission_Body.uasset" 521
"../../../Engine/Plugins/Interchange/Assets/Content/gltf/MaterialBodies/MF_Transmission_Body.uexp" 522
"../../../Engine/Plugins/Interchange/Assets/Content/gltf/M_Transmission.uasset" 523
"../../../Engine/Plugins/Interchange/Assets/Content/gltf/M_Transmission.uexp" 524
"../../../Engine/Plugins/Interchange/Assets/Content/gltf/MaterialInstances/MI_Transmission.uexp" 525
"../../../Engine/Plugins/Interchange/Assets/Content/gltf/MaterialInstances/MI_Transmission.uasset" 526
"../../../Engine/Plugins/Interchange/Assets/Content/gltf/MaterialInstances/MI_ClearCoat_Blend_DS.uexp" 527
"../../../Engine/Plugins/Interchange/Assets/Content/gltf/MaterialInstances/MI_ClearCoat_Blend_DS.uasset" 528
"../../../Engine/Content/Functions/Engine_MaterialFunctions02/Math/AddComponents.uexp" 529
"../../../Engine/Content/Functions/Engine_MaterialFunctions02/Math/AddComponents.uasset" 530
"../../../Engine/Plugins/Interchange/Assets/Content/gltf/MaterialFunctions/MF_DiffuseSpecGloss.uasset" 531
"../../../Engine/Plugins/Interchange/Assets/Content/gltf/MaterialFunctions/MF_DiffuseSpecGloss.uexp" 532
"../../../Engine/Plugins/Interchange/Assets/Content/gltf/MaterialFunctions/MF_MaxComponentValue.uexp" 533
"../../../Engine/Plugins/Interchange/Assets/Content/gltf/MaterialFunctions/MF_MaxComponentValue.uasset" 534
"../../../Engine/Plugins/Interchange/Assets/Content/gltf/MaterialFunctions/MF_PerceivedBrightness.uasset" 535
"../../../Engine/Plugins/Interchange/Assets/Content/gltf/MaterialFunctions/MF_PerceivedBrightness.uexp" 536
"../../../Engine/Plugins/Interchange/Assets/Content/gltf/MaterialFunctions/MF_SpecGlossToMetalRoughness.uasset" 537
"../../../Engine/Plugins/Interchange/Assets/Content/gltf/MaterialFunctions/MF_SpecGlossToMetalRoughness.uexp" 538
"../../../Engine/Plugins/Interchange/Assets/Content/gltf/MaterialBodies/MF_SpecularGlossiness_Body.uasset" 539
"../../../Engine/Plugins/Interchange/Assets/Content/gltf/MaterialBodies/MF_SpecularGlossiness_Body.uexp" 540
"../../../Engine/Plugins/Interchange/Assets/Content/gltf/M_SpecularGlossiness.uexp" 541
"../../../Engine/Plugins/Interchange/Assets/Content/gltf/M_SpecularGlossiness.uasset" 542
"../../../Engine/Plugins/Interchange/Assets/Content/gltf/MaterialInstances/MI_SpecularGlossiness_Mask_DS.uexp" 543
"../../../Engine/Plugins/Interchange/Assets/Content/gltf/MaterialInstances/MI_SpecularGlossiness_Mask_DS.uasset" 544
"../../../Engine/Plugins/Interchange/Assets/Content/gltf/MaterialBodies/MF_Unlit_Body.uasset" 545
"../../../Engine/Plugins/Interchange/Assets/Content/gltf/MaterialBodies/MF_Unlit_Body.uexp" 546
"../../../Engine/Plugins/Interchange/Assets/Content/gltf/M_Unlit.uasset" 547
"../../../Engine/Plugins/Interchange/Assets/Content/gltf/M_Unlit.uexp" 548
"../../../Engine/Plugins/Interchange/Assets/Content/gltf/MaterialInstances/MI_Unlit_Mask.uasset" 549
"../../../Engine/Plugins/Interchange/Assets/Content/gltf/MaterialInstances/MI_Unlit_Mask.uexp" 550
"../../../Engine/Plugins/Interchange/Assets/Content/gltf/MaterialInstances/MI_Unlit_Opaque.uexp" 551
"../../../Engine/Plugins/Interchange/Assets/Content/gltf/MaterialInstances/MI_Unlit_Opaque.uasset" 552
"../../../Engine/Plugins/Interchange/Assets/Content/gltf/MaterialInstances/MI_ClearCoat_Opaque.uexp" 553
"../../../Engine/Plugins/Interchange/Assets/Content/gltf/MaterialInstances/MI_ClearCoat_Opaque.uasset" 554
"../../../Engine/Plugins/Interchange/Assets/Content/gltf/MaterialInstances/MI_Transmission_DS.uexp" 555
"../../../Engine/Plugins/Interchange/Assets/Content/gltf/MaterialInstances/MI_Transmission_DS.uasset" 556
"../../../Engine/Plugins/Interchange/Assets/Content/gltf/MaterialInstances/MI_SpecularGlossiness_Opaque_DS.uexp" 557
"../../../Engine/Plugins/Interchange/Assets/Content/gltf/MaterialInstances/MI_SpecularGlossiness_Opaque_DS.uasset" 558
"../../../Engine/Plugins/Interchange/Assets/Content/gltf/MaterialInstances/MI_Unlit_Blend_DS.uexp" 559
"../../../Engine/Plugins/Interchange/Assets/Content/gltf/MaterialInstances/MI_Unlit_Blend_DS.uasset" 560
"../../../Engine/Plugins/Interchange/Assets/Content/gltf/MaterialInstances/MI_SpecularGlossiness_Opaque.uasset" 561
"../../../Engine/Plugins/Interchange/Assets/Content/gltf/MaterialInstances/MI_SpecularGlossiness_Opaque.uexp" 562
"../../../Engine/Plugins/Interchange/Assets/Content/gltf/MaterialInstances/MI_ClearCoat_Mask_DS.uexp" 563
"../../../Engine/Plugins/Interchange/Assets/Content/gltf/MaterialInstances/MI_ClearCoat_Mask_DS.uasset" 564
"../../../Engine/Plugins/Interchange/Assets/Content/gltf/MaterialInstances/MI_SpecularGlossiness_Mask.uexp" 565
"../../../Engine/Plugins/Interchange/Assets/Content/gltf/MaterialInstances/MI_SpecularGlossiness_Mask.uasset" 566
"../../../Engine/Plugins/Interchange/Assets/Content/gltf/MaterialInstances/MI_Sheen_Opaque_DS.uasset" 567
"../../../Engine/Plugins/Interchange/Assets/Content/gltf/MaterialInstances/MI_Sheen_Opaque_DS.uexp" 568
"../../../Engine/Plugins/Interchange/Assets/Content/gltf/MaterialInstances/MI_Unlit_Mask_DS.uasset" 569
"../../../Engine/Plugins/Interchange/Assets/Content/gltf/MaterialInstances/MI_Unlit_Mask_DS.uexp" 570
"../../../Engine/Plugins/Interchange/Assets/Content/gltf/MaterialInstances/MI_Sheen_Mask.uexp" 571
"../../../Engine/Plugins/Interchange/Assets/Content/gltf/MaterialInstances/MI_Sheen_Mask.uasset" 572
"../../../Engine/Plugins/Interchange/Assets/Content/gltf/MaterialInstances/MI_Unlit_Blend.uasset" 573
"../../../Engine/Plugins/Interchange/Assets/Content/gltf/MaterialInstances/MI_Unlit_Blend.uexp" 574
"../../../Engine/Plugins/Interchange/Assets/Content/gltf/MaterialInstances/MI_Sheen_Opaque.uasset" 575
"../../../Engine/Plugins/Interchange/Assets/Content/gltf/MaterialInstances/MI_Sheen_Opaque.uexp" 576
"../../../Engine/Plugins/Interchange/Assets/Content/gltf/MaterialInstances/MI_Sheen_Mask_DS.uasset" 577
"../../../Engine/Plugins/Interchange/Assets/Content/gltf/MaterialInstances/MI_Sheen_Mask_DS.uexp" 578
"../../../Engine/Plugins/Interchange/Assets/Content/gltf/MaterialInstances/MI_Unlit_Opaque_DS.uexp" 579
"../../../Engine/Plugins/Interchange/Assets/Content/gltf/MaterialInstances/MI_Unlit_Opaque_DS.uasset" 580
"../../../Engine/Plugins/Interchange/Assets/Content/gltf/MaterialInstances/MI_ClearCoat_Blend.uexp" 581
"../../../Engine/Plugins/Interchange/Assets/Content/gltf/MaterialInstances/MI_ClearCoat_Blend.uasset" 582
"../../../Engine/Plugins/Interchange/Assets/Content/gltf/MaterialInstances/MI_Default_Blend.uasset" 583
"../../../Engine/Plugins/Interchange/Assets/Content/gltf/MaterialInstances/MI_Default_Blend.uexp" 584
"../../../Engine/Plugins/Interchange/Assets/Content/gltf/MaterialInstances/MI_Default_Opaque.uexp" 585
"../../../Engine/Plugins/Interchange/Assets/Content/gltf/MaterialInstances/MI_Default_Opaque.uasset" 586
"../../../Engine/Plugins/Interchange/Assets/Content/gltf/MaterialInstances/MI_Default_Blend_DS.uexp" 587
"../../../Engine/Plugins/Interchange/Assets/Content/gltf/MaterialInstances/MI_Default_Blend_DS.uasset" 588
"../../../Engine/Plugins/Interchange/Assets/Content/gltf/MaterialInstances/MI_SpecularGlossiness_Blend.uasset" 589
"../../../Engine/Plugins/Interchange/Assets/Content/gltf/MaterialInstances/MI_SpecularGlossiness_Blend.uexp" 590
"../../../Engine/Plugins/Interchange/Assets/Content/gltf/MaterialInstances/MI_ClearCoat_Opaque_DS.uexp" 591
"../../../Engine/Plugins/Interchange/Assets/Content/gltf/MaterialInstances/MI_ClearCoat_Opaque_DS.uasset" 592
"../../../Engine/Plugins/Interchange/Assets/Content/gltf/MaterialInstances/MI_Sheen_Blend.uexp" 593
"../../../Engine/Plugins/Interchange/Assets/Content/gltf/MaterialInstances/MI_Sheen_Blend.uasset" 594
"../../../Engine/Plugins/Interchange/Assets/Content/gltf/MaterialInstances/MI_SpecularGlossiness_Blend_DS.uasset" 595
"../../../Engine/Plugins/Interchange/Assets/Content/gltf/MaterialInstances/MI_SpecularGlossiness_Blend_DS.uexp" 596
"../../../Engine/Plugins/Interchange/Assets/Content/gltf/MaterialInstances/MI_Default_Mask.uasset" 597
"../../../Engine/Plugins/Interchange/Assets/Content/gltf/MaterialInstances/MI_Default_Mask.uexp" 598
"../../../Engine/Content/EngineSky/VolumetricClouds/T_CloudMask.uasset" 599
"../../../Engine/Content/EngineSky/VolumetricClouds/T_CloudMask.uexp" 600
"../../../Engine/Content/EngineSky/VolumetricClouds/T_CloudMask.ubulk" 601
"../../../Engine/Content/EngineSky/VolumetricClouds/T_Profile_08.uasset" 602
"../../../Engine/Content/EngineSky/VolumetricClouds/T_Profile_08.uexp" 603
"../../../Engine/Content/EngineSky/VolumetricClouds/T_Profile_08.ubulk" 604
"../../../Engine/Content/Functions/Engine_MaterialFunctions02/Utility/BreakOutFloat4Components.uasset" 605
"../../../Engine/Content/Functions/Engine_MaterialFunctions02/Utility/BreakOutFloat4Components.uexp" 606
"../../../Engine/Content/Functions/Engine_MaterialFunctions02/Utility/MakeFloat4.uexp" 607
"../../../Engine/Content/Functions/Engine_MaterialFunctions02/Utility/MakeFloat4.uasset" 608
"../../../Engine/Content/Functions/Engine_MaterialFunctions02/PivotPainter2/Black_1x1_EXR_Texture.uexp" 609
"../../../Engine/Content/Functions/Engine_MaterialFunctions02/PivotPainter2/Black_1x1_EXR_Texture.uasset" 610
"../../../Engine/Content/EngineResources/DefaultVolumeTexture2D.uexp" 611
"../../../Engine/Content/EngineResources/DefaultVolumeTexture2D.uasset" 612
"../../../Engine/Content/EngineResources/DefaultVolumeTexture.uexp" 613
"../../../Engine/Content/EngineResources/DefaultVolumeTexture.uasset" 614
"../../../Engine/Content/EngineSky/VolumetricClouds/VT_Lightning.uexp" 615
"../../../Engine/Content/EngineSky/VolumetricClouds/VT_Lightning.uasset" 616
"../../../Engine/Content/Functions/Engine_MaterialFunctions01/Units/Km-to-Cm.uasset" 617
"../../../Engine/Content/Functions/Engine_MaterialFunctions01/Units/Km-to-Cm.uexp" 618
"../../../Engine/Content/EngineSky/VolumetricClouds/m_SimpleVolumetricCloud.uasset" 619
"../../../Engine/Content/EngineSky/VolumetricClouds/m_SimpleVolumetricCloud.uexp" 620
"../../../Engine/Content/EngineSky/VolumetricClouds/T_CloudPattern.ubulk" 621
"../../../Engine/Content/EngineSky/VolumetricClouds/T_CloudPattern.uexp" 622
"../../../Engine/Content/EngineSky/VolumetricClouds/T_CloudPattern.uasset" 623
"../../../Engine/Content/EngineSky/VolumetricClouds/VT_PerlinWorley_Balanced.uexp" 624
"../../../Engine/Content/EngineSky/VolumetricClouds/VT_PerlinWorley_Balanced.uasset" 625
"../../../Engine/Content/EngineSky/VolumetricClouds/m_SimpleVolumetricCloud_Inst.uexp" 626
"../../../Engine/Content/EngineSky/VolumetricClouds/m_SimpleVolumetricCloud_Inst.uasset" 627
"../../../Engine/Content/EngineResources/FilmGrains/Marcie_Grain_v3_128_M2_000.uexp" 628
"../../../Engine/Content/EngineResources/FilmGrains/Marcie_Grain_v3_128_M2_000.uasset" 629
"../../../Engine/Content/EngineResources/Development/ZenLogo_64.uasset" 630
"../../../Engine/Content/EngineResources/Development/ZenLogo_64.uexp" 631
"../../../Engine/Content/EngineMaterials/LTC/GGX_LTCAmp.uexp" 632
"../../../Engine/Content/EngineMaterials/LTC/GGX_LTCAmp.uasset" 633
"../../../Engine/Content/EngineMaterials/LTC/Sheen_LTC.uasset" 634
"../../../Engine/Content/EngineMaterials/LTC/Sheen_LTC.uexp" 635
"../../../Engine/Content/EngineMaterials/LTC/GGX_LTCMat.uexp" 636
"../../../Engine/Content/EngineMaterials/LTC/GGX_LTCMat.uasset" 637
"../../../Engine/Content/EngineMaterials/EnergyConservation/Diffuse_Energy.uexp" 638
"../../../Engine/Content/EngineMaterials/EnergyConservation/Diffuse_Energy.uasset" 639
"../../../Engine/Content/EngineMaterials/EnergyConservation/SheenLegacy_Energy.uasset" 640
"../../../Engine/Content/EngineMaterials/EnergyConservation/SheenLegacy_Energy.uexp" 641
"../../../Engine/Content/EngineMaterials/EnergyConservation/Sheen_Energy.uasset" 642
"../../../Engine/Content/EngineMaterials/EnergyConservation/Sheen_Energy.uexp" 643
"../../../Engine/Content/EngineMaterials/EnergyConservation/GGX_TransmissionEnergyArray.uasset" 644
"../../../Engine/Content/EngineMaterials/EnergyConservation/GGX_TransmissionEnergyArray.uexp" 645
"../../../Engine/Content/EngineMaterials/EnergyConservation/GGX_ReflectionEnergy.uasset" 646
"../../../Engine/Content/EngineMaterials/EnergyConservation/GGX_ReflectionEnergy.uexp" 647
"../../../Engine/Content/VREditor/LaserPointer/VR_LaserPower_01.uexp" 648
"../../../Engine/Content/VREditor/LaserPointer/VR_LaserPower_01.ubulk" 649
"../../../Engine/Content/VREditor/LaserPointer/VR_LaserPower_01.uasset" 650
"../../../Engine/Content/VREditor/TransformGizmo/TransformGizmoMaterial.uasset" 651
"../../../Engine/Content/VREditor/TransformGizmo/TransformGizmoMaterial.uexp" 652
"../../../Engine/Content/VREditor/TransformGizmo/TranslucentTransformGizmoMaterial.uasset" 653
"../../../Engine/Content/VREditor/TransformGizmo/TranslucentTransformGizmoMaterial.uexp" 654
"../../../Engine/Content/VREditor/TransformGizmo/BoundingBoxEdge.ubulk" 655
"../../../Engine/Content/VREditor/TransformGizmo/BoundingBoxEdge.uexp" 656
"../../../Engine/Content/VREditor/TransformGizmo/BoundingBoxEdge.uasset" 657
"../../../Engine/Content/VREditor/TransformGizmo/Main.uasset" 658
"../../../Engine/Content/VREditor/TransformGizmo/Main.uexp" 659
"../../../Engine/Content/VREditor/TransformGizmo/Xray.uexp" 660
"../../../Engine/Content/VREditor/TransformGizmo/Xray.uasset" 661
"../../../Engine/Content/VREditor/TransformGizmo/SM_Sequencer_Node.uexp" 662
"../../../Engine/Content/VREditor/TransformGizmo/SM_Sequencer_Node.ubulk" 663
"../../../Engine/Content/VREditor/TransformGizmo/SM_Sequencer_Node.uasset" 664
"../../../Engine/Content/EditorResources/SequenceRecorder/RecordingIndicator.uexp" 665
"../../../Engine/Content/EditorResources/SequenceRecorder/RecordingIndicator.uasset" 666
"../../../Engine/Content/VREditor/TransformGizmo/BoundingBoxCorner.ubulk" 667
"../../../Engine/Content/VREditor/TransformGizmo/BoundingBoxCorner.uasset" 668
"../../../Engine/Content/VREditor/TransformGizmo/BoundingBoxCorner.uexp" 669
"../../../Engine/Content/EditorResources/SequenceRecorder/Countdown.uasset" 670
"../../../Engine/Content/EditorResources/SequenceRecorder/Countdown.uexp" 671
"../../../Engine/Content/EditorMaterials/Camera/CineMat.uasset" 672
"../../../Engine/Content/EditorMaterials/Camera/CineMat.uexp" 673
"../../../Engine/Content/EditorMaterials/Camera/MI_CineMat_Rig.uasset" 674
"../../../Engine/Content/EditorMaterials/Camera/MI_CineMat_Rig.uexp" 675
"../../../Engine/Content/EditorMeshes/Camera/SM_RailRig_Track.uexp" 676
"../../../Engine/Content/EditorMeshes/Camera/SM_RailRig_Track.ubulk" 677
"../../../Engine/Content/EditorMeshes/Camera/SM_RailRig_Track.uasset" 678
"../../../Engine/Content/EditorMeshes/Camera/SM_CraneRig_Arm.ubulk" 679
"../../../Engine/Content/EditorMeshes/Camera/SM_CraneRig_Arm.uexp" 680
"../../../Engine/Content/EditorMeshes/Camera/SM_CraneRig_Arm.uasset" 681
"../../../Engine/Content/EditorMeshes/Camera/SM_CraneRig_Mount.uexp" 682
"../../../Engine/Content/EditorMeshes/Camera/SM_CraneRig_Mount.ubulk" 683
"../../../Engine/Content/EditorMeshes/Camera/SM_CraneRig_Mount.uasset" 684
"../../../Engine/Content/EditorMeshes/Camera/SM_CraneRig_Base.ubulk" 685
"../../../Engine/Content/EditorMeshes/Camera/SM_CraneRig_Base.uexp" 686
"../../../Engine/Content/EditorMeshes/Camera/SM_CraneRig_Base.uasset" 687
"../../../Engine/Content/EditorMeshes/Camera/SM_RailRig_Mount.ubulk" 688
"../../../Engine/Content/EditorMeshes/Camera/SM_RailRig_Mount.uexp" 689
"../../../Engine/Content/EditorMeshes/Camera/SM_RailRig_Mount.uasset" 690
"../../../Engine/Content/EditorMeshes/Camera/SM_CraneRig_Body.ubulk" 691
"../../../Engine/Content/EditorMeshes/Camera/SM_CraneRig_Body.uasset" 692
"../../../Engine/Content/EditorMeshes/Camera/SM_CraneRig_Body.uexp" 693
"../../../Engine/Content/EditorMaterials/ParticleSystems/PSysThumbnail_OOD.ubulk" 694
"../../../Engine/Content/EditorMaterials/ParticleSystems/PSysThumbnail_OOD.uexp" 695
"../../../Engine/Content/EditorMaterials/ParticleSystems/PSysThumbnail_OOD.uasset" 696
"../../../Engine/Content/EditorMaterials/ParticleSystems/PSysThumbnail_NoImage.ubulk" 697
"../../../Engine/Content/EditorMaterials/ParticleSystems/PSysThumbnail_NoImage.uexp" 698
"../../../Engine/Content/EditorMaterials/ParticleSystems/PSysThumbnail_NoImage.uasset" 699
"../../../Engine/Content/EditorMaterials/Dataflow/DataflowTwoSidedVertexMaterial.uasset" 700
"../../../Engine/Content/EditorMaterials/Dataflow/DataflowTwoSidedVertexMaterial.uexp" 701
"../../../Engine/Content/EditorMaterials/Dataflow/DataflowVertexMaterial.uasset" 702
"../../../Engine/Content/EditorMaterials/Dataflow/DataflowVertexMaterial.uexp" 703
"/Users/shanshanye/Desktop/AI_final/GameAI-Final-Project/Content/StarterContent/Audio/Explosion01.uasset" 704
"/Users/shanshanye/Desktop/AI_final/GameAI-Final-Project/Content/StarterContent/Audio/Explosion01.uexp" 705
"/Users/shanshanye/Desktop/AI_final/GameAI-Final-Project/Content/StarterContent/Audio/Explosion01.ubulk" 706
"/Users/shanshanye/Desktop/AI_final/GameAI-Final-Project/Content/StarterContent/Audio/Explosion02.uexp" 707
"/Users/shanshanye/Desktop/AI_final/GameAI-Final-Project/Content/StarterContent/Audio/Explosion02.uasset" 708
"/Users/shanshanye/Desktop/AI_final/GameAI-Final-Project/Content/StarterContent/Audio/Explosion02.ubulk" 709
"../../../Engine/Content/Functions/Engine_MaterialFunctions01/Gradient/LinearGradient.uasset" 710
"../../../Engine/Content/Functions/Engine_MaterialFunctions01/Gradient/LinearGradient.uexp" 711
"../../../Engine/Content/Functions/Engine_MaterialFunctions01/ImageAdjustment/CheapContrast.uasset" 712
"../../../Engine/Content/Functions/Engine_MaterialFunctions01/ImageAdjustment/CheapContrast.uexp" 713
"/Users/shanshanye/Desktop/AI_final/GameAI-Final-Project/Content/LevelPrototyping/Textures/T_GridChecker_A.uasset" 714
"/Users/shanshanye/Desktop/AI_final/GameAI-Final-Project/Content/LevelPrototyping/Textures/T_GridChecker_A.uexp" 715
"/Users/shanshanye/Desktop/AI_final/GameAI-Final-Project/Content/LevelPrototyping/Textures/T_GridChecker_A.ubulk" 716
"/Users/shanshanye/Desktop/AI_final/GameAI-Final-Project/Content/LevelPrototyping/Materials/MF_ProcGrid.uexp" 717
"/Users/shanshanye/Desktop/AI_final/GameAI-Final-Project/Content/LevelPrototyping/Materials/MF_ProcGrid.uasset" 718
"/Users/shanshanye/Desktop/AI_final/GameAI-Final-Project/Content/LevelPrototyping/Materials/M_PrototypeGrid.uexp" 719
"/Users/shanshanye/Desktop/AI_final/GameAI-Final-Project/Content/LevelPrototyping/Materials/M_PrototypeGrid.uasset" 720
"/Users/shanshanye/Desktop/AI_final/GameAI-Final-Project/Content/LevelPrototyping/Materials/MI_PrototypeGrid_Gray.uexp" 721
"/Users/shanshanye/Desktop/AI_final/GameAI-Final-Project/Content/LevelPrototyping/Materials/MI_PrototypeGrid_Gray.uasset" 722
"/Users/shanshanye/Desktop/AI_final/GameAI-Final-Project/Content/LevelPrototyping/Meshes/SM_Cube.ubulk" 723
"/Users/shanshanye/Desktop/AI_final/GameAI-Final-Project/Content/LevelPrototyping/Meshes/SM_Cube.uexp" 724
"/Users/shanshanye/Desktop/AI_final/GameAI-Final-Project/Content/LevelPrototyping/Meshes/SM_Cube.uasset" 725
"/Users/shanshanye/Desktop/AI_final/GameAI-Final-Project/Content/Input/Actions/IA_Jump.uexp" 726
"/Users/shanshanye/Desktop/AI_final/GameAI-Final-Project/Content/Input/Actions/IA_Jump.uasset" 727
"/Users/shanshanye/Desktop/AI_final/GameAI-Final-Project/Content/Input/Actions/IA_Look.uexp" 728
"/Users/shanshanye/Desktop/AI_final/GameAI-Final-Project/Content/Input/Actions/IA_Look.uasset" 729
"/Users/shanshanye/Desktop/AI_final/GameAI-Final-Project/Content/Input/Actions/IA_Move.uasset" 730
"/Users/shanshanye/Desktop/AI_final/GameAI-Final-Project/Content/Input/Actions/IA_Move.uexp" 731
"/Users/shanshanye/Desktop/AI_final/GameAI-Final-Project/Content/Input/IMC_Default.uexp" 732
"/Users/shanshanye/Desktop/AI_final/GameAI-Final-Project/Content/Input/IMC_Default.uasset" 733
"/Users/shanshanye/Desktop/AI_final/GameAI-Final-Project/Content/UI/MainHUD_UIW.uasset" 734
"/Users/shanshanye/Desktop/AI_final/GameAI-Final-Project/Content/UI/MainHUD_UIW.uexp" 735
"../../../Engine/Content/EngineFonts/Faces/DroidSansMono.ufont" 736
"../../../Engine/Content/EngineFonts/Faces/DroidSansMono.uasset" 737
"../../../Engine/Content/EngineFonts/Faces/DroidSansMono.uexp" 738
"../../../Engine/Content/EngineFonts/DroidSansMono.uasset" 739
"../../../Engine/Content/EngineFonts/DroidSansMono.uexp" 740
"/Users/shanshanye/Desktop/AI_final/GameAI-Final-Project/Content/UI/Death_UIW.uasset" 741
"/Users/shanshanye/Desktop/AI_final/GameAI-Final-Project/Content/UI/Death_UIW.uexp" 742
"/Users/shanshanye/Desktop/AI_final/GameAI-Final-Project/Content/Characters/Mannequins/Meshes/SKM_Quinn_Simple.uexp" 743
"/Users/shanshanye/Desktop/AI_final/GameAI-Final-Project/Content/Characters/Mannequins/Meshes/SKM_Quinn_Simple.uasset" 744
"/Users/shanshanye/Desktop/AI_final/GameAI-Final-Project/Content/Characters/Mannequins/Rigs/CR_Mannequin_BasicFootIK.uasset" 745
"/Users/shanshanye/Desktop/AI_final/GameAI-Final-Project/Content/Characters/Mannequins/Rigs/CR_Mannequin_BasicFootIK.uexp" 746
"../../../Engine/Content/Animation/DefaultAnimCurveCompressionSettings.uasset" 747
"../../../Engine/Content/Animation/DefaultAnimCurveCompressionSettings.uexp" 748
"../../../Engine/Content/Animation/DefaultAnimBoneCompressionSettings.uasset" 749
"../../../Engine/Content/Animation/DefaultAnimBoneCompressionSettings.uexp" 750
"/Users/shanshanye/Desktop/AI_final/GameAI-Final-Project/Content/Characters/Mannequins/Animations/Manny/MM_Land.uexp" 751
"/Users/shanshanye/Desktop/AI_final/GameAI-Final-Project/Content/Characters/Mannequins/Animations/Manny/MM_Land.uasset" 752
"/Users/shanshanye/Desktop/AI_final/GameAI-Final-Project/Content/Characters/Mannequins/Animations/Manny/MM_Jump.uasset" 753
"/Users/shanshanye/Desktop/AI_final/GameAI-Final-Project/Content/Characters/Mannequins/Animations/Manny/MM_Jump.uexp" 754
"/Users/shanshanye/Desktop/AI_final/GameAI-Final-Project/Content/Characters/Mannequins/Animations/Manny/MM_Run_Fwd.uasset" 755
"/Users/shanshanye/Desktop/AI_final/GameAI-Final-Project/Content/Characters/Mannequins/Animations/Manny/MM_Run_Fwd.uexp" 756
"/Users/shanshanye/Desktop/AI_final/GameAI-Final-Project/Content/Characters/Mannequins/Animations/Manny/MM_Walk_Fwd.uasset" 757
"/Users/shanshanye/Desktop/AI_final/GameAI-Final-Project/Content/Characters/Mannequins/Animations/Manny/MM_Walk_Fwd.uexp" 758
"../../../Engine/Content/Animation/DefaultRecorderBoneCompression.uexp" 759
"../../../Engine/Content/Animation/DefaultRecorderBoneCompression.uasset" 760
"/Users/shanshanye/Desktop/AI_final/GameAI-Final-Project/Content/Characters/Mannequins/Animations/Manny/MM_Walk_InPlace.uasset" 761
"/Users/shanshanye/Desktop/AI_final/GameAI-Final-Project/Content/Characters/Mannequins/Animations/Manny/MM_Walk_InPlace.uexp" 762
"/Users/shanshanye/Desktop/AI_final/GameAI-Final-Project/Content/Characters/Mannequins/Animations/Manny/BS_MM_WalkRun.uexp" 763
"/Users/shanshanye/Desktop/AI_final/GameAI-Final-Project/Content/Characters/Mannequins/Animations/Manny/BS_MM_WalkRun.uasset" 764
"/Users/shanshanye/Desktop/AI_final/GameAI-Final-Project/Content/Characters/Mannequins/Animations/Manny/MM_Fall_Loop.uexp" 765
"/Users/shanshanye/Desktop/AI_final/GameAI-Final-Project/Content/Characters/Mannequins/Animations/Manny/MM_Fall_Loop.uasset" 766
"/Users/shanshanye/Desktop/AI_final/GameAI-Final-Project/Content/Characters/Mannequins/Animations/Manny/MM_Idle.uexp" 767
"/Users/shanshanye/Desktop/AI_final/GameAI-Final-Project/Content/Characters/Mannequins/Animations/Manny/MM_Idle.uasset" 768
"../../../Engine/Content/Animation/DefaultVariableFrameStrippingSettings.uexp" 769
"../../../Engine/Content/Animation/DefaultVariableFrameStrippingSettings.uasset" 770
"/Users/shanshanye/Desktop/AI_final/GameAI-Final-Project/Content/Characters/Mannequins/Animations/Manny/anim_Crouch_Idle.uasset" 771
"/Users/shanshanye/Desktop/AI_final/GameAI-Final-Project/Content/Characters/Mannequins/Animations/Manny/anim_Crouch_Idle.uexp" 772
"/Users/shanshanye/Desktop/AI_final/GameAI-Final-Project/Content/Characters/Mannequins/Animations/ABP_Manny.uasset" 773
"/Users/shanshanye/Desktop/AI_final/GameAI-Final-Project/Content/Characters/Mannequins/Animations/ABP_Manny.uexp" 774
"/Users/shanshanye/Desktop/AI_final/GameAI-Final-Project/Content/Characters/Mannequins/Animations/Quinn/MF_Idle.uasset" 775
"/Users/shanshanye/Desktop/AI_final/GameAI-Final-Project/Content/Characters/Mannequins/Animations/Quinn/MF_Idle.uexp" 776
"/Users/shanshanye/Desktop/AI_final/GameAI-Final-Project/Content/Characters/Mannequins/Animations/Quinn/MF_Walk_Fwd.uasset" 777
"/Users/shanshanye/Desktop/AI_final/GameAI-Final-Project/Content/Characters/Mannequins/Animations/Quinn/MF_Walk_Fwd.uexp" 778
"/Users/shanshanye/Desktop/AI_final/GameAI-Final-Project/Content/Characters/Mannequins/Animations/Quinn/MF_Run_Fwd.uasset" 779
"/Users/shanshanye/Desktop/AI_final/GameAI-Final-Project/Content/Characters/Mannequins/Animations/Quinn/MF_Run_Fwd.uexp" 780
"/Users/shanshanye/Desktop/AI_final/GameAI-Final-Project/Content/Characters/Mannequins/Animations/Quinn/BS_MF_Unarmed_WalkRun.uexp" 781
"/Users/shanshanye/Desktop/AI_final/GameAI-Final-Project/Content/Characters/Mannequins/Animations/Quinn/BS_MF_Unarmed_WalkRun.uasset" 782
"/Users/shanshanye/Desktop/AI_final/GameAI-Final-Project/Content/Characters/Mannequins/Animations/ABP_Quinn.uasset" 783
"/Users/shanshanye/Desktop/AI_final/GameAI-Final-Project/Content/Characters/Mannequins/Animations/ABP_Quinn.uexp" 784
"/Users/shanshanye/Desktop/AI_final/GameAI-Final-Project/Content/Maps/Door/SM_Door_NN_06c.ubulk" 785
"/Users/shanshanye/Desktop/AI_final/GameAI-Final-Project/Content/Maps/Door/SM_Door_NN_06c.uasset" 786
"/Users/shanshanye/Desktop/AI_final/GameAI-Final-Project/Content/Maps/Door/SM_Door_NN_06c.uexp" 787
"/Users/shanshanye/Desktop/AI_final/GameAI-Final-Project/Content/Maps/Door/Door_Open_03-6.ubulk" 788
"/Users/shanshanye/Desktop/AI_final/GameAI-Final-Project/Content/Maps/Door/Door_Open_03-6.uasset" 789
"/Users/shanshanye/Desktop/AI_final/GameAI-Final-Project/Content/Maps/Door/Door_Open_03-6.uexp" 790
"/Users/shanshanye/Desktop/AI_final/GameAI-Final-Project/Content/Maps/Door/Door_Creak_03.uasset" 791
"/Users/shanshanye/Desktop/AI_final/GameAI-Final-Project/Content/Maps/Door/Door_Creak_03.uexp" 792
"/Users/shanshanye/Desktop/AI_final/GameAI-Final-Project/Content/Maps/Door/Door_Creak_03.ubulk" 793
"/Users/shanshanye/Desktop/AI_final/GameAI-Final-Project/Content/Maps/Door/Door_Creak_04.uexp" 794
"/Users/shanshanye/Desktop/AI_final/GameAI-Final-Project/Content/Maps/Door/Door_Creak_04.ubulk" 795
"/Users/shanshanye/Desktop/AI_final/GameAI-Final-Project/Content/Maps/Door/Door_Creak_04.uasset" 796
"/Users/shanshanye/Desktop/AI_final/GameAI-Final-Project/Content/Maps/Door/Door_Creak_08.uasset" 797
"/Users/shanshanye/Desktop/AI_final/GameAI-Final-Project/Content/Maps/Door/Door_Creak_08.uexp" 798
"/Users/shanshanye/Desktop/AI_final/GameAI-Final-Project/Content/Maps/Door/Door_Creak_08.ubulk" 799
"/Users/shanshanye/Desktop/AI_final/GameAI-Final-Project/Content/Maps/Door/Door_Creak_02.uexp" 800
"/Users/shanshanye/Desktop/AI_final/GameAI-Final-Project/Content/Maps/Door/Door_Creak_02.ubulk" 801
"/Users/shanshanye/Desktop/AI_final/GameAI-Final-Project/Content/Maps/Door/Door_Creak_02.uasset" 802
"/Users/shanshanye/Desktop/AI_final/GameAI-Final-Project/Content/Maps/Door/Door_Creak_12.ubulk" 803
"/Users/shanshanye/Desktop/AI_final/GameAI-Final-Project/Content/Maps/Door/Door_Creak_12.uexp" 804
"/Users/shanshanye/Desktop/AI_final/GameAI-Final-Project/Content/Maps/Door/Door_Creak_12.uasset" 805
"/Users/shanshanye/Desktop/AI_final/GameAI-Final-Project/Content/Maps/Door/SC_DoorCreak_Random.uasset" 806
"/Users/shanshanye/Desktop/AI_final/GameAI-Final-Project/Content/Maps/Door/SC_DoorCreak_Random.uexp" 807
"/Users/shanshanye/Desktop/AI_final/GameAI-Final-Project/Content/Maps/Door/Door_Close_05-1.ubulk" 808
"/Users/shanshanye/Desktop/AI_final/GameAI-Final-Project/Content/Maps/Door/Door_Close_05-1.uexp" 809
"/Users/shanshanye/Desktop/AI_final/GameAI-Final-Project/Content/Maps/Door/Door_Close_05-1.uasset" 810
"/Users/shanshanye/Desktop/AI_final/GameAI-Final-Project/Content/Maps/Door/BP_Door.uexp" 811
"/Users/shanshanye/Desktop/AI_final/GameAI-Final-Project/Content/Maps/Door/BP_Door.uasset" 812
"/Users/shanshanye/Desktop/AI_final/GameAI-Final-Project/Content/Characters/Player/BP_PlayerCharacter.uexp" 813
"/Users/shanshanye/Desktop/AI_final/GameAI-Final-Project/Content/Characters/Player/BP_PlayerCharacter.uasset" 814
"../../../Engine/Plugins/Runtime/HairStrands/Content/Materials/HairCardsDefaultMaterial.uexp" 815
"../../../Engine/Plugins/Runtime/HairStrands/Content/Materials/HairCardsDefaultMaterial.uasset" 816
"../../../Engine/Content/Functions/Engine_MaterialFunctions02/Utility/MakeFloat2.uexp" 817
"../../../Engine/Content/Functions/Engine_MaterialFunctions02/Utility/MakeFloat2.uasset" 818
"../../../Engine/Content/EngineMaterials/HairColorMap.uasset" 819
"../../../Engine/Content/EngineMaterials/HairColorMap.uexp" 820
"../../../Engine/Content/EngineMaterials/HairDebugColor.uexp" 821
"../../../Engine/Content/EngineMaterials/HairDebugColor.uasset" 822
"../../../Engine/Plugins/Runtime/HairStrands/Content/Materials/HairGroupColors.uexp" 823
"../../../Engine/Plugins/Runtime/HairStrands/Content/Materials/HairGroupColors.uasset" 824
"../../../Engine/Plugins/Runtime/HairStrands/Content/Materials/HairDebugMaterial.uexp" 825
"../../../Engine/Plugins/Runtime/HairStrands/Content/Materials/HairDebugMaterial.uasset" 826
"../../../Engine/Plugins/Runtime/HairStrands/Content/Materials/HairDefaultMaterial.uasset" 827
"../../../Engine/Plugins/Runtime/HairStrands/Content/Materials/HairDefaultMaterial.uexp" 828
"../../../Engine/Plugins/Runtime/HairStrands/Content/Materials/HairMeshesDefaultMaterial.uasset" 829
"../../../Engine/Plugins/Runtime/HairStrands/Content/Materials/HairMeshesDefaultMaterial.uexp" 830
"../../../Engine/Plugins/Runtime/AudioWidgets/Content/Resources/ScrubHandleDown_Clamped.uasset" 831
"../../../Engine/Plugins/Runtime/AudioWidgets/Content/Resources/ScrubHandleDown_Clamped.uexp" 832
"../../../Engine/Plugins/Interchange/Assets/Content/Substrate/MX_SimpleVolume.uexp" 833
"../../../Engine/Plugins/Interchange/Assets/Content/Substrate/MX_SimpleVolume.uasset" 834
"../../../Engine/Content/Functions/Engine_MaterialFunctions02/Utility/VectorLength.uexp" 835
"../../../Engine/Content/Functions/Engine_MaterialFunctions02/Utility/VectorLength.uasset" 836
"../../../Engine/Plugins/Experimental/MeshModelingToolsetExp/Content/Materials/GetDisplacementVectorForDepthBias.uexp" 837
"../../../Engine/Plugins/Experimental/MeshModelingToolsetExp/Content/Materials/GetDisplacementVectorForDepthBias.uasset" 838
"../../../Engine/Content/Functions/Engine_MaterialFunctions03/Viewport/MF_OrthoWidth.uasset" 839
"../../../Engine/Content/Functions/Engine_MaterialFunctions03/Viewport/MF_OrthoWidth.uexp" 840
"../../../Engine/Content/Functions/Engine_MaterialFunctions02/Utility/FOV.uasset" 841
"../../../Engine/Content/Functions/Engine_MaterialFunctions02/Utility/FOV.uexp" 842
"../../../Engine/Content/Functions/Engine_MaterialFunctions02/WorldPositionOffset/V2/ObjectScale.uexp" 843
"../../../Engine/Content/Functions/Engine_MaterialFunctions02/WorldPositionOffset/V2/ObjectScale.uasset" 844
"../../../Engine/Plugins/Experimental/MeshModelingToolsetExp/Content/Materials/PointSetOverlaidComponentMaterial.uasset" 845
"../../../Engine/Plugins/Experimental/MeshModelingToolsetExp/Content/Materials/PointSetOverlaidComponentMaterial.uexp" 846
"../../../Engine/Plugins/Interchange/Assets/Content/Functions/MX_Displacement.uexp" 847
"../../../Engine/Plugins/Interchange/Assets/Content/Functions/MX_Displacement.uasset" 848
"../../../Engine/Plugins/Interchange/Assets/Content/Functions/MX_GeneralizedSchlickBSDF.uexp" 849
"../../../Engine/Plugins/Interchange/Assets/Content/Functions/MX_GeneralizedSchlickBSDF.uasset" 850
"../../../Engine/Plugins/Interchange/Assets/Content/Functions/MX_UniformEDF.uexp" 851
"../../../Engine/Plugins/Interchange/Assets/Content/Functions/MX_UniformEDF.uasset" 852
"../../../Engine/Plugins/Interchange/Assets/Content/Functions/MX_Surface.uexp" 853
"../../../Engine/Plugins/Interchange/Assets/Content/Functions/MX_Surface.uasset" 854
"../../../Engine/Plugins/Interchange/Assets/Content/Functions/MX_SurfaceUnlit.uasset" 855
"../../../Engine/Plugins/Interchange/Assets/Content/Functions/MX_SurfaceUnlit.uexp" 856
"../../../Engine/Plugins/Interchange/Assets/Content/Functions/MX_ConductorBSDF.uexp" 857
"../../../Engine/Plugins/Interchange/Assets/Content/Functions/MX_ConductorBSDF.uasset" 858
"../../../Engine/Plugins/Interchange/Assets/Content/Functions/MX_StandardSurface.uasset" 859
"../../../Engine/Plugins/Interchange/Assets/Content/Functions/MX_StandardSurface.uexp" 860
"../../../Engine/Plugins/Interchange/Assets/Content/Functions/MX_OpenPBR_Opaque.uexp" 861
"../../../Engine/Plugins/Interchange/Assets/Content/Functions/MX_OpenPBR_Opaque.uasset" 862
"../../../Engine/Plugins/Interchange/Assets/Content/Functions/MX_UsdPreviewSurface.uexp" 863
"../../../Engine/Plugins/Interchange/Assets/Content/Functions/MX_UsdPreviewSurface.uasset" 864
"../../../Engine/Plugins/Interchange/Assets/Content/Functions/MX_TranslucentBSDF.uasset" 865
"../../../Engine/Plugins/Interchange/Assets/Content/Functions/MX_TranslucentBSDF.uexp" 866
"../../../Engine/Plugins/Interchange/Assets/Content/Functions/MX_AnisotropicVDF.uexp" 867
"../../../Engine/Plugins/Interchange/Assets/Content/Functions/MX_AnisotropicVDF.uasset" 868
"../../../Engine/Content/Functions/Engine_MaterialFunctions02/WorldPositionOffset/ObjectScale.uexp" 869
"../../../Engine/Content/Functions/Engine_MaterialFunctions02/WorldPositionOffset/ObjectScale.uasset" 870
"../../../Engine/Plugins/Editor/SpeedTreeImporter/Content/SpeedTree9/game_wind_noise.uexp" 871
"../../../Engine/Plugins/Editor/SpeedTreeImporter/Content/SpeedTree9/game_wind_noise.uasset" 872
"../../../Engine/Plugins/Editor/SpeedTreeImporter/Content/SpeedTree9/game_wind_noise.ubulk" 873
"../../../Engine/Content/Functions/Engine_MaterialFunctions02/SafeNormalize.uasset" 874
"../../../Engine/Content/Functions/Engine_MaterialFunctions02/SafeNormalize.uexp" 875
"../../../Engine/Plugins/Editor/SpeedTreeImporter/Content/SpeedTree9/SpeedTreeWindMotion.uexp" 876
"../../../Engine/Plugins/Editor/SpeedTreeImporter/Content/SpeedTree9/SpeedTreeWindMotion.uasset" 877
"../../../Engine/Plugins/Editor/SpeedTreeImporter/Content/SpeedTree9/UnpackDirection.uexp" 878
"../../../Engine/Plugins/Editor/SpeedTreeImporter/Content/SpeedTree9/UnpackDirection.uasset" 879
"../../../Engine/Plugins/Editor/SpeedTreeImporter/Content/SpeedTree9/UnpackInteger3.uexp" 880
"../../../Engine/Plugins/Editor/SpeedTreeImporter/Content/SpeedTree9/UnpackInteger3.uasset" 881
"../../../Engine/Plugins/Editor/SpeedTreeImporter/Content/SpeedTree9/SpeedTreeBranchMotion.uexp" 882
"../../../Engine/Plugins/Editor/SpeedTreeImporter/Content/SpeedTree9/SpeedTreeBranchMotion.uasset" 883
"../../../Engine/Content/Functions/Engine_MaterialFunctions02/ObjectLocalBounds.uasset" 884
"../../../Engine/Content/Functions/Engine_MaterialFunctions02/ObjectLocalBounds.uexp" 885
"../../../Engine/Content/Functions/Engine_MaterialFunctions02/UVs/BoundingBoxBased_0-1_UVW.uexp" 886
"../../../Engine/Content/Functions/Engine_MaterialFunctions02/UVs/BoundingBoxBased_0-1_UVW.uasset" 887
"../../../Engine/Plugins/Editor/SpeedTreeImporter/Content/SpeedTree9/SpeedTreeWind.uasset" 888
"../../../Engine/Plugins/Editor/SpeedTreeImporter/Content/SpeedTree9/SpeedTreeWind.uexp" 889
"../../../Engine/Plugins/Editor/SpeedTreeImporter/Content/SpeedTree9/SpeedTreeCameraFacing.uasset" 890
"../../../Engine/Plugins/Editor/SpeedTreeImporter/Content/SpeedTree9/SpeedTreeCameraFacing.uexp" 891
"../../../Engine/Plugins/Editor/SpeedTreeImporter/Content/SpeedTree9/EmptyNormal.uasset" 892
"../../../Engine/Plugins/Editor/SpeedTreeImporter/Content/SpeedTree9/EmptyNormal.uexp" 893
"../../../Engine/Plugins/Editor/SpeedTreeImporter/Content/SpeedTree9/Empty.uasset" 894
"../../../Engine/Plugins/Editor/SpeedTreeImporter/Content/SpeedTree9/Empty.uexp" 895
"../../../Engine/Plugins/Editor/SpeedTreeImporter/Content/SpeedTree9/SpeedTreeMaster.uexp" 896
"../../../Engine/Plugins/Editor/SpeedTreeImporter/Content/SpeedTree9/SpeedTreeMaster.uasset" 897
"../../../Engine/Plugins/Interchange/Assets/Content/Functions/MX_SheenBSDF.uexp" 898
"../../../Engine/Plugins/Interchange/Assets/Content/Functions/MX_SheenBSDF.uasset" 899
"../../../Engine/Plugins/Interchange/Assets/Content/Functions/MX_SubsurfaceBSDF.uexp" 900
"../../../Engine/Plugins/Interchange/Assets/Content/Functions/MX_SubsurfaceBSDF.uasset" 901
"../../../Engine/Plugins/Editor/SpeedTreeImporter/Content/SpeedTree9/SpeedTreeBillboard.uexp" 902
"../../../Engine/Plugins/Editor/SpeedTreeImporter/Content/SpeedTree9/SpeedTreeBillboard.uasset" 903
"../../../Engine/Plugins/Editor/SpeedTreeImporter/Content/SpeedTree9/SpeedTreeBillboardMaster.uasset" 904
"../../../Engine/Plugins/Editor/SpeedTreeImporter/Content/SpeedTree9/SpeedTreeBillboardMaster.uexp" 905
"../../../Engine/Plugins/Interchange/Assets/Content/Functions/MX_ConicalEDF.uasset" 906
"../../../Engine/Plugins/Interchange/Assets/Content/Functions/MX_ConicalEDF.uexp" 907
"../../../Engine/Plugins/Interchange/Assets/Content/Functions/MX_MeasuredEDF.uasset" 908
"../../../Engine/Plugins/Interchange/Assets/Content/Functions/MX_MeasuredEDF.uexp" 909
"../../../Engine/Plugins/Interchange/Assets/Content/Functions/MX_ChiangHairBSDF.uasset" 910
"../../../Engine/Plugins/Interchange/Assets/Content/Functions/MX_ChiangHairBSDF.uexp" 911
"../../../Engine/Plugins/Interchange/Assets/Content/Functions/MX_BurleyDiffuseBSDF.uasset" 912
"../../../Engine/Plugins/Interchange/Assets/Content/Functions/MX_BurleyDiffuseBSDF.uexp" 913
"../../../Engine/Plugins/Interchange/Assets/Content/Functions/MX_DielectricBSDF.uasset" 914
"../../../Engine/Plugins/Interchange/Assets/Content/Functions/MX_DielectricBSDF.uexp" 915
"../../../Engine/Plugins/Interchange/Assets/Content/Functions/MX_AbsorptionVDF.uasset" 916
"../../../Engine/Plugins/Interchange/Assets/Content/Functions/MX_AbsorptionVDF.uexp" 917
"../../../Engine/Plugins/Interchange/Assets/Content/Functions/MX_OrenNayarBSDF.uasset" 918
"../../../Engine/Plugins/Interchange/Assets/Content/Functions/MX_OrenNayarBSDF.uexp" 919
"../../../Engine/Plugins/Interchange/Assets/Content/Functions/MX_TransmissionSurface.uexp" 920
"../../../Engine/Plugins/Interchange/Assets/Content/Functions/MX_TransmissionSurface.uasset" 921
"../../../Engine/Plugins/Interchange/Assets/Content/Functions/MX_OpenPBR_Translucent.uasset" 922
"../../../Engine/Plugins/Interchange/Assets/Content/Functions/MX_OpenPBR_Translucent.uexp" 923
"../../../Engine/Plugins/Animation/DeformerGraph/Content/DeformerFunctions/DG_Function_LinearBlendSkin_Morph_Cloth.uexp" 924
"../../../Engine/Plugins/Animation/DeformerGraph/Content/DeformerFunctions/DG_Function_LinearBlendSkin_Morph_Cloth.uasset" 925
"../../../Engine/Plugins/Animation/DeformerGraph/Content/Deformers/DG_LinearBlendSkin_Morph_Cloth.uasset" 926
"../../../Engine/Plugins/Animation/DeformerGraph/Content/Deformers/DG_LinearBlendSkin_Morph_Cloth.uexp" 927
"../../../Engine/Plugins/Animation/DeformerGraph/Content/DeformerFunctions/DG_Function_LinearBlendSkin_Morph_Cloth_PositionOnly.uexp" 928
"../../../Engine/Plugins/Animation/DeformerGraph/Content/DeformerFunctions/DG_Function_LinearBlendSkin_Morph_Cloth_PositionOnly.uasset" 929
"../../../Engine/Plugins/Animation/DeformerGraph/Content/DeformerFunctions/DG_Function_ComputeNormalsTangents.uexp" 930
"../../../Engine/Plugins/Animation/DeformerGraph/Content/DeformerFunctions/DG_Function_ComputeNormalsTangents.uasset" 931
"../../../Engine/Plugins/Animation/DeformerGraph/Content/Deformers/DG_LinearBlendSkin_Morph_Cloth_RecomputeNormals.uasset" 932
"../../../Engine/Plugins/Animation/DeformerGraph/Content/Deformers/DG_LinearBlendSkin_Morph_Cloth_RecomputeNormals.uexp" 933
"../../../Engine/Content/EngineFonts/RobotoDistanceField.uexp" 934
"../../../Engine/Content/EngineFonts/RobotoDistanceField.uasset" 935
"../../../Engine/Content/EngineMaterials/DefaultTextMaterialOpaque.uexp" 936
"../../../Engine/Content/EngineMaterials/DefaultTextMaterialOpaque.uasset" 937
"../../../Engine/Content/EngineMaterials/InvalidLightmapSettings.ubulk" 938
"../../../Engine/Content/EngineMaterials/InvalidLightmapSettings.uasset" 939
"../../../Engine/Content/EngineMaterials/InvalidLightmapSettings.uexp" 940
"../../../Engine/Content/EngineMaterials/M_InvalidLightmapSettings.uexp" 941
"../../../Engine/Content/EngineMaterials/M_InvalidLightmapSettings.uasset" 942
"../../../Engine/Content/EngineMaterials/FastBlueNoise_scalar_128x128x64.uexp" 943
"../../../Engine/Content/EngineMaterials/FastBlueNoise_scalar_128x128x64.uasset" 944
"../../../Engine/Content/EngineMaterials/Black_1x1_EXR_Texture_VT.uasset" 945
"../../../Engine/Content/EngineMaterials/Black_1x1_EXR_Texture_VT.uexp" 946
"../../../Engine/Content/EngineMaterials/BaseFlattenNormalMap_VT.uasset" 947
"../../../Engine/Content/EngineMaterials/BaseFlattenNormalMap_VT.uexp" 948
"../../../Engine/Content/EngineMaterials/BaseFlattenGrayscaleMap_VT.uexp" 949
"../../../Engine/Content/EngineMaterials/BaseFlattenGrayscaleMap_VT.uasset" 950
"../../../Engine/Content/EngineMaterials/BaseFlattenLinearColor_VT.uasset" 951
"../../../Engine/Content/EngineMaterials/BaseFlattenLinearColor_VT.uexp" 952
"../../../Engine/Content/EngineMaterials/BaseFlattenDiffuseMap_VT.uasset" 953
"../../../Engine/Content/EngineMaterials/BaseFlattenDiffuseMap_VT.uexp" 954
"../../../Engine/Content/EngineMaterials/BaseFlattenEmissiveMap_VT.uexp" 955
"../../../Engine/Content/EngineMaterials/BaseFlattenEmissiveMap_VT.uasset" 956
"../../../Engine/Content/EngineMaterials/FlattenMaterial_VT.uasset" 957
"../../../Engine/Content/EngineMaterials/FlattenMaterial_VT.uexp" 958
"../../../Engine/Content/EngineMaterials/DefaultDiffuse.ubulk" 959
"../../../Engine/Content/EngineMaterials/DefaultDiffuse.uexp" 960
"../../../Engine/Content/EngineMaterials/DefaultDiffuse.uasset" 961
"../../../Engine/Content/EngineMaterials/DefaultPostProcessMaterial.uexp" 962
"../../../Engine/Content/EngineMaterials/DefaultPostProcessMaterial.uasset" 963
"../../../Engine/Content/EngineMaterials/DefaultDeferredDecalMaterial.uexp" 964
"../../../Engine/Content/EngineMaterials/DefaultDeferredDecalMaterial.uasset" 965
"../../../Engine/Content/EngineMaterials/RemoveSurfaceMaterial.uasset" 966
"../../../Engine/Content/EngineMaterials/RemoveSurfaceMaterial.uexp" 967
"../../../Engine/Content/EngineMaterials/FlattenMaterial_WS_Normal_VT.uexp" 968
"../../../Engine/Content/EngineMaterials/FlattenMaterial_WS_Normal_VT.uasset" 969
"../../../Engine/Content/EngineMaterials/DefaultBloomKernel.uexp" 970
"../../../Engine/Content/EngineMaterials/DefaultBloomKernel.uasset" 971
"../../../Engine/Content/EngineResources/WhiteSquareTexture.uexp" 972
"../../../Engine/Content/EngineResources/WhiteSquareTexture.uasset" 973
"../../../Engine/Content/EngineMaterials/Widget3DPassThrough.uexp" 974
"../../../Engine/Content/EngineMaterials/Widget3DPassThrough.uasset" 975
"../../../Engine/Content/EngineMaterials/Widget3DPassThrough_Opaque.uasset" 976
"../../../Engine/Content/EngineMaterials/Widget3DPassThrough_Opaque.uexp" 977
"../../../Engine/Content/EngineMaterials/Widget3DPassThrough_Masked_OneSided.uexp" 978
"../../../Engine/Content/EngineMaterials/Widget3DPassThrough_Masked_OneSided.uasset" 979
"../../../Engine/Content/EngineMaterials/DefaultWhiteGrid_Low.uasset" 980
"../../../Engine/Content/EngineMaterials/DefaultWhiteGrid_Low.uexp" 981
"../../../Engine/Content/EngineMaterials/EmissiveMeshMaterial.uexp" 982
"../../../Engine/Content/EngineMaterials/EmissiveMeshMaterial.uasset" 983
"../../../Engine/Content/EngineMaterials/BaseFlattenDiffuseMap.uasset" 984
"../../../Engine/Content/EngineMaterials/BaseFlattenDiffuseMap.uexp" 985
"../../../Engine/Content/EngineMaterials/BaseFlattenLinearColor.uasset" 986
"../../../Engine/Content/EngineMaterials/BaseFlattenLinearColor.uexp" 987
"../../../Engine/Content/EngineMaterials/BaseFlattenGrayscaleMap.uasset" 988
"../../../Engine/Content/EngineMaterials/BaseFlattenGrayscaleMap.uexp" 989
"../../../Engine/Content/EngineMaterials/BaseFlattenNormalMap.uexp" 990
"../../../Engine/Content/EngineMaterials/BaseFlattenNormalMap.uasset" 991
"../../../Engine/Content/EngineMaterials/BaseFlattenEmissiveMap.uexp" 992
"../../../Engine/Content/EngineMaterials/BaseFlattenEmissiveMap.uasset" 993
"../../../Engine/Content/EngineMaterials/FlattenMaterial.uasset" 994
"../../../Engine/Content/EngineMaterials/FlattenMaterial.uexp" 995
"../../../Engine/Content/EngineMaterials/GizmoMaterial.uexp" 996
"../../../Engine/Content/EngineMaterials/GizmoMaterial.uasset" 997
"../../../Engine/Content/EngineMaterials/SMAAAreaTex.uasset" 998
"../../../Engine/Content/EngineMaterials/SMAAAreaTex.uexp" 999
"../../../Engine/Content/Functions/Engine_MaterialFunctions02/WorldPositionOffset/CameraOffset.uexp" 1000
"../../../Engine/Content/Functions/Engine_MaterialFunctions02/WorldPositionOffset/CameraOffset.uasset" 1001
"../../../Engine/Content/EngineMaterials/PhAT_JointLimitMaterial.uasset" 1002
"../../../Engine/Content/EngineMaterials/PhAT_JointLimitMaterial.uexp" 1003
"../../../Engine/Content/MapTemplates/SM_Template_Map_Floor.ubulk" 1004
"../../../Engine/Content/MapTemplates/SM_Template_Map_Floor.uasset" 1005
"../../../Engine/Content/MapTemplates/SM_Template_Map_Floor.uexp" 1006
"../../../Engine/Content/EngineMaterials/FastBlueNoise_scalar_128x128x8.uasset" 1007
"../../../Engine/Content/EngineMaterials/FastBlueNoise_scalar_128x128x8.uexp" 1008
"../../../Engine/Content/EngineMaterials/DefaultCalibrationColor.uexp" 1009
"../../../Engine/Content/EngineMaterials/DefaultCalibrationColor.uasset" 1010
"../../../Engine/Content/EngineMaterials/PPM_DefaultCalibrationColor.uasset" 1011
"../../../Engine/Content/EngineMaterials/PPM_DefaultCalibrationColor.uexp" 1012
"../../../Engine/Content/EngineMaterials/Widget3DPassThrough_Translucent.uasset" 1013
"../../../Engine/Content/EngineMaterials/Widget3DPassThrough_Translucent.uexp" 1014
"../../../Engine/Content/EngineMaterials/Widget3DPassThrough_Translucent_OneSided.uasset" 1015
"../../../Engine/Content/EngineMaterials/Widget3DPassThrough_Translucent_OneSided.uexp" 1016
"../../../Engine/Content/EngineMaterials/Widget3DPassThrough_Masked.uasset" 1017
"../../../Engine/Content/EngineMaterials/Widget3DPassThrough_Masked.uexp" 1018
"../../../Engine/Content/EngineMaterials/NaniteHiddenSectionMaterial.uasset" 1019
"../../../Engine/Content/EngineMaterials/NaniteHiddenSectionMaterial.uexp" 1020
"../../../Engine/Content/EngineMaterials/DefaultCalibrationGrayscale.uexp" 1021
"../../../Engine/Content/EngineMaterials/DefaultCalibrationGrayscale.uasset" 1022
"../../../Engine/Content/EngineMaterials/PPM_DefaultCalibrationGrayscale.uasset" 1023
"../../../Engine/Content/EngineMaterials/PPM_DefaultCalibrationGrayscale.uexp" 1024
"../../../Engine/Content/EngineDebugMaterials/DebugMeshMaterial.uexp" 1025
"../../../Engine/Content/EngineDebugMaterials/DebugMeshMaterial.uasset" 1026
"../../../Engine/Content/EngineDebugMaterials/M_SimpleUnlitTranslucent.uexp" 1027
"../../../Engine/Content/EngineDebugMaterials/M_SimpleUnlitTranslucent.uasset" 1028
"../../../Engine/Content/EngineDebugMaterials/VolumeToRender.uexp" 1029
"../../../Engine/Content/EngineDebugMaterials/VolumeToRender.uasset" 1030
"../../../Engine/Content/EngineDebugMaterials/M_VolumeRenderSphereTracePP.uexp" 1031
"../../../Engine/Content/EngineDebugMaterials/M_VolumeRenderSphereTracePP.uasset" 1032
"../../../Engine/Content/EngineDebugMaterials/DebugEditorMaterial.uasset" 1033
"../../../Engine/Content/EngineDebugMaterials/DebugEditorMaterial.uexp" 1034
"../../../Engine/Content/EngineDamageTypes/DmgTypeBP_Environmental.uasset" 1035
"../../../Engine/Content/EngineDamageTypes/DmgTypeBP_Environmental.uexp" 1036
"../../../Engine/Content/EditorResources/BSPVertex.uexp" 1037
"../../../Engine/Content/EditorResources/BSPVertex.uasset" 1038
"../../../Engine/Content/EditorResources/S_Actor.uexp" 1039
"../../../Engine/Content/EditorResources/S_Actor.ubulk" 1040
"../../../Engine/Content/EditorResources/S_Actor.uasset" 1041
"../../../Engine/Content/EditorResources/S_Trigger.uexp" 1042
"../../../Engine/Content/EditorResources/S_Trigger.ubulk" 1043
"../../../Engine/Content/EditorResources/S_Trigger.uasset" 1044
"../../../Engine/Content/EditorResources/S_Terrain.uasset" 1045
"../../../Engine/Content/EditorResources/S_Terrain.uexp" 1046
"../../../Engine/Content/EditorResources/S_Terrain.ubulk" 1047
"../../../Engine/Content/EngineSky/T_Sky_Clouds_M.ubulk" 1048
"../../../Engine/Content/EngineSky/T_Sky_Clouds_M.uasset" 1049
"../../../Engine/Content/EngineSky/T_Sky_Clouds_M.uexp" 1050
"../../../Engine/Content/EngineSky/T_Sky_Stars.uasset" 1051
"../../../Engine/Content/EngineSky/T_Sky_Stars.ubulk" 1052
"../../../Engine/Content/EngineSky/T_Sky_Stars.uexp" 1053
"../../../Engine/Content/EngineSky/T_Sky_Blue.uasset" 1054
"../../../Engine/Content/EngineSky/T_Sky_Blue.uexp" 1055
"../../../Engine/Content/EngineSky/T_Sky_Blue.ubulk" 1056
"../../../Engine/Content/EngineSky/M_Sky_Panning_Clouds2.uexp" 1057
"../../../Engine/Content/EngineSky/M_Sky_Panning_Clouds2.uasset" 1058
"../../../Engine/Content/EngineSky/SM_SkySphere.ubulk" 1059
"../../../Engine/Content/EngineSky/SM_SkySphere.uasset" 1060
"../../../Engine/Content/EngineSky/SM_SkySphere.uexp" 1061
"../../../Engine/Content/EditorResources/S_Solver.uasset" 1062
"../../../Engine/Content/EditorResources/S_Solver.uexp" 1063
"../../../Engine/Content/EditorResources/S_Solver.ubulk" 1064
"../../../Engine/Content/EditorResources/S_TriggerCapsule.uexp" 1065
"../../../Engine/Content/EditorResources/S_TriggerCapsule.uasset" 1066
"../../../Engine/Content/EditorResources/S_BoxReflectionCapture.uasset" 1067
"../../../Engine/Content/EditorResources/S_BoxReflectionCapture.uexp" 1068
"../../../Engine/Content/EditorResources/S_TriggerBox.uexp" 1069
"../../../Engine/Content/EditorResources/S_TriggerBox.uasset" 1070
"../../../Engine/Content/EngineResources/GradientTexture0.uexp" 1071
"../../../Engine/Content/EngineResources/GradientTexture0.uasset" 1072
"../../../Engine/Content/EditorResources/S_TriggerSphere.uasset" 1073
"../../../Engine/Content/EditorResources/S_TriggerSphere.uexp" 1074
"../../../Engine/Content/EngineResources/LandscapeVisibilityLayerInfo.uexp" 1075
"../../../Engine/Content/EngineResources/LandscapeVisibilityLayerInfo.uasset" 1076
"../../../Engine/Content/EngineResources/Black.uasset" 1077
"../../../Engine/Content/EngineResources/Black.uexp" 1078
"../../../Engine/Content/EditorMaterials/PhAT_UnselectedMaterial.uexp" 1079
"../../../Engine/Content/EditorMaterials/PhAT_UnselectedMaterial.uasset" 1080
"../../../Engine/Content/EngineResources/DefaultTextureCube.uasset" 1081
"../../../Engine/Content/EngineResources/DefaultTextureCube.uexp" 1082
"../../../Engine/Content/EngineMeshes/Sphere.uexp" 1083
"../../../Engine/Content/EngineMeshes/Sphere.ubulk" 1084
"../../../Engine/Content/EngineMeshes/Sphere.uasset" 1085
"../../../Engine/Content/EditorMaterials/PhAT_NoCollisionMaterial.uexp" 1086
"../../../Engine/Content/EditorMaterials/PhAT_NoCollisionMaterial.uasset" 1087
"../../../Engine/Content/EditorMaterials/PreviewShadowIndicator.uasset" 1088
"../../../Engine/Content/EditorMaterials/PreviewShadowIndicator.uexp" 1089
"../../../Engine/Content/EditorMaterials/PreviewShadowIndicator.ubulk" 1090
"../../../Engine/Content/EditorMaterials/PreviewShadowIndicatorMaterial.uasset" 1091
"../../../Engine/Content/EditorMaterials/PreviewShadowIndicatorMaterial.uexp" 1092
"../../../Engine/Content/EditorLandscapeResources/WhiteSquareTexture.uexp" 1093
"../../../Engine/Content/EditorLandscapeResources/WhiteSquareTexture.uasset" 1094
"../../../Engine/Content/EditorLandscapeResources/LayerVisMaterial.uexp" 1095
"../../../Engine/Content/EditorLandscapeResources/LayerVisMaterial.uasset" 1096
"../../../Engine/Content/EditorLandscapeResources/DefaultAlphaTexture.uexp" 1097
"../../../Engine/Content/EditorLandscapeResources/DefaultAlphaTexture.uasset" 1098
"../../../Engine/Content/Functions/Engine_MaterialFunctions03/Math/WithinRangeFloat2.uexp" 1099
"../../../Engine/Content/Functions/Engine_MaterialFunctions03/Math/WithinRangeFloat2.uasset" 1100
"../../../Engine/Content/EditorLandscapeResources/MaskBrushMaterial.uasset" 1101
"../../../Engine/Content/EditorLandscapeResources/MaskBrushMaterial.uexp" 1102
"../../../Engine/Content/EditorLandscapeResources/MaskBrushMaterial_MaskedRegion.uexp" 1103
"../../../Engine/Content/EditorLandscapeResources/MaskBrushMaterial_MaskedRegion.uasset" 1104
"../../../Engine/Content/EngineMaterials/DefaultWhiteGrid.ubulk" 1105
"../../../Engine/Content/EngineMaterials/DefaultWhiteGrid.uexp" 1106
"../../../Engine/Content/EngineMaterials/DefaultWhiteGrid.uasset" 1107
"../../../Engine/Content/EditorLandscapeResources/ColorMaskBrushMaterial.uexp" 1108
"../../../Engine/Content/EditorLandscapeResources/ColorMaskBrushMaterial.uasset" 1109
"../../../Engine/Content/EditorLandscapeResources/ColorMaskBrushMaterial_MaskedRegion.uasset" 1110
"../../../Engine/Content/EditorLandscapeResources/ColorMaskBrushMaterial_MaskedRegion.uexp" 1111
"../../../Engine/Content/EngineMaterials/MiniFont.uexp" 1112
"../../../Engine/Content/EngineMaterials/MiniFont.uasset" 1113
"../../../Engine/Content/Functions/Engine_MaterialFunctions01/Texturing/TextureCropping.uasset" 1114
"../../../Engine/Content/Functions/Engine_MaterialFunctions01/Texturing/TextureCropping.uexp" 1115
"../../../Engine/Content/Functions/Engine_MaterialFunctions02/ExampleContent/DebugNumberStrip.uexp" 1116
"../../../Engine/Content/Functions/Engine_MaterialFunctions02/ExampleContent/DebugNumberStrip.uasset" 1117
"../../../Engine/Content/Functions/Engine_MaterialFunctions01/Debug/DebugIntValues.uexp" 1118
"../../../Engine/Content/Functions/Engine_MaterialFunctions01/Debug/DebugIntValues.uasset" 1119
"../../../Engine/Content/Functions/Engine_MaterialFunctions02/WorldPositionOffset/LocalPosition.uexp" 1120
"../../../Engine/Content/Functions/Engine_MaterialFunctions02/WorldPositionOffset/LocalPosition.uasset" 1121
"../../../Engine/Content/EditorLandscapeResources/LandscapeLayerUsageMaterial.uexp" 1122
"../../../Engine/Content/EditorLandscapeResources/LandscapeLayerUsageMaterial.uasset" 1123
"../../../Engine/Content/EngineMaterials/DefaultLightFunctionMaterial.uasset" 1124
"../../../Engine/Content/EngineMaterials/DefaultLightFunctionMaterial.uexp" 1125
"../../../Engine/Content/EngineMaterials/DefaultBokeh.uexp" 1126
"../../../Engine/Content/EngineMaterials/DefaultBokeh.uasset" 1127
"../../../Engine/Content/EditorLandscapeResources/SplineEditorMeshMat.uasset" 1128
"../../../Engine/Content/EditorLandscapeResources/SplineEditorMeshMat.uexp" 1129
"../../../Engine/Content/EditorLandscapeResources/SplineEditorMesh.uexp" 1130
"../../../Engine/Content/EditorLandscapeResources/SplineEditorMesh.uasset" 1131
"../../../Engine/Content/EditorLandscapeResources/SplineEditorMesh.ubulk" 1132
"../../../Engine/Content/EditorLandscapeResources/LandscapeDirtyMaterial.uexp" 1133
"../../../Engine/Content/EditorLandscapeResources/LandscapeDirtyMaterial.uasset" 1134
"../../../Engine/Content/EditorLandscapeResources/SelectBrushMaterial.uexp" 1135
"../../../Engine/Content/EditorLandscapeResources/SelectBrushMaterial.uasset" 1136
"../../../Engine/Content/EditorLandscapeResources/SelectBrushMaterial_SelectedRegion.uasset" 1137
"../../../Engine/Content/EditorLandscapeResources/SelectBrushMaterial_SelectedRegion.uexp" 1138
"../../../Engine/Content/EngineMaterials/WeightMapPlaceholderTexture.uasset" 1139
"../../../Engine/Content/EngineMaterials/WeightMapPlaceholderTexture.uexp" 1140
"../../../Engine/Content/EngineMaterials/WeightMapArrayPlaceholderTexture.uasset" 1141
"../../../Engine/Content/EngineMaterials/WeightMapArrayPlaceholderTexture.uexp" 1142
"../../../Engine/Content/EditorLandscapeResources/SelectBrushMaterial_Selected.uexp" 1143
"../../../Engine/Content/EditorLandscapeResources/SelectBrushMaterial_Selected.uasset" 1144
"../../../Engine/Content/EngineMaterials/Widget3DPassThrough_Opaque_OneSided.uasset" 1145
"../../../Engine/Content/EngineMaterials/Widget3DPassThrough_Opaque_OneSided.uexp" 1146
"../../../Engine/Content/EngineMaterials/SMAASearchTex.uasset" 1147
"../../../Engine/Content/EngineMaterials/SMAASearchTex.uexp" 1148
"../../../Engine/Content/EngineMaterials/FastBlueNoise_vec2_128x128x64.uexp" 1149
"../../../Engine/Content/EngineMaterials/FastBlueNoise_vec2_128x128x64.uasset" 1150
"../../../Engine/Content/EngineMaterials/PreintegratedSkinBRDF.uexp" 1151
"../../../Engine/Content/EngineMaterials/PreintegratedSkinBRDF.uasset" 1152
"../../../Engine/Content/BasicShapes/BasicShapeMaterial.uexp" 1153
"../../../Engine/Content/BasicShapes/BasicShapeMaterial.uasset" 1154
"../../../Engine/Content/BasicShapes/Plane.ubulk" 1155
"../../../Engine/Content/BasicShapes/Plane.uasset" 1156
"../../../Engine/Content/BasicShapes/Plane.uexp" 1157
"../../../Engine/Content/BasicShapes/Cone.uasset" 1158
"../../../Engine/Content/BasicShapes/Cone.uexp" 1159
"../../../Engine/Content/BasicShapes/Cone.ubulk" 1160
"../../../Engine/Content/EngineResources/DefaultTexture.uasset" 1161
"../../../Engine/Content/EngineResources/DefaultTexture.uexp" 1162
"../../../Engine/Content/EngineResources/DefaultTexture.ubulk" 1163
"/Users/shanshanye/Desktop/AI_final/GameAI-Final-Project/Content/Grid/Debug/GridDebugMaterial.uexp" 1164
"/Users/shanshanye/Desktop/AI_final/GameAI-Final-Project/Content/Grid/Debug/GridDebugMaterial.uasset" 1165
"/Users/shanshanye/Desktop/AI_final/GameAI-Final-Project/Content/Grid/BP_GridActor.uexp" 1166
"/Users/shanshanye/Desktop/AI_final/GameAI-Final-Project/Content/Grid/BP_GridActor.uasset" 1167
"/Users/shanshanye/Desktop/AI_final/GameAI-Final-Project/Content/GameLogic/BP_GameAIGameMode.uexp" 1168
"/Users/shanshanye/Desktop/AI_final/GameAI-Final-Project/Content/GameLogic/BP_GameAIGameMode.uasset" 1169
"../../../Engine/Plugins/NNE/NNEDenoiser/Content/NNED_Oidn2-3_Balanced_Alpha.uexp" 1170
"../../../Engine/Plugins/NNE/NNEDenoiser/Content/NNED_Oidn2-3_Balanced_Alpha.uasset" 1171
"../../../Engine/Plugins/NNE/NNEDenoiser/Content/NNE_oidn2-3-0_rt_hdr_calb_cnrm_large__dyn__fp16_opset11_DenoiseAlpha.uexp" 1172
"../../../Engine/Plugins/NNE/NNEDenoiser/Content/NNE_oidn2-3-0_rt_hdr_calb_cnrm_large__dyn__fp16_opset11_DenoiseAlpha.uasset" 1173
"../../../Engine/Plugins/NNE/NNEDenoiser/Content/NNE_oidn2-3-0_rt_hdr_alb_nrm_small__dyn__fp16_opset11_ForwardAlpha.uexp" 1174
"../../../Engine/Plugins/NNE/NNEDenoiser/Content/NNE_oidn2-3-0_rt_hdr_alb_nrm_small__dyn__fp16_opset11_ForwardAlpha.uasset" 1175
"../../../Engine/Plugins/NNE/NNEDenoiser/Content/NNED_Oidn2-3_Balanced.uasset" 1176
"../../../Engine/Plugins/NNE/NNEDenoiser/Content/NNED_Oidn2-3_Balanced.uexp" 1177
"../../../Engine/Plugins/NNE/NNEDenoiser/Content/NNED_Oidn2-3_HighQuality.uasset" 1178
"../../../Engine/Plugins/NNE/NNEDenoiser/Content/NNED_Oidn2-3_HighQuality.uexp" 1179
"../../../Engine/Plugins/NNE/NNEDenoiser/Content/NNE_oidn2-3-0_rt_hdr_alb_nrm__dyn__fp16_opset11_DenoiseAlpha.uexp" 1180
"../../../Engine/Plugins/NNE/NNEDenoiser/Content/NNE_oidn2-3-0_rt_hdr_alb_nrm__dyn__fp16_opset11_DenoiseAlpha.uasset" 1181
"../../../Engine/Plugins/NNE/NNEDenoiser/Content/NNED_Oidn2-3_Fast.uasset" 1182
"../../../Engine/Plugins/NNE/NNEDenoiser/Content/NNED_Oidn2-3_Fast.uexp" 1183
"../../../Engine/Plugins/NNE/NNEDenoiser/Content/NNEDT_Oidn2-3_Balanced.uexp" 1184
"../../../Engine/Plugins/NNE/NNEDenoiser/Content/NNEDT_Oidn2-3_Balanced.uasset" 1185
"../../../Engine/Plugins/NNE/NNEDenoiser/Content/NNED_Oidn2-3_HighQuality_Alpha.uasset" 1186
"../../../Engine/Plugins/NNE/NNEDenoiser/Content/NNED_Oidn2-3_HighQuality_Alpha.uexp" 1187
"../../../Engine/Plugins/NNE/NNEDenoiser/Content/NNE_oidn2-3-0_rt_hdr_alb_nrm__dyn__fp16_opset11_ForwardAlpha.uasset" 1188
"../../../Engine/Plugins/NNE/NNEDenoiser/Content/NNE_oidn2-3-0_rt_hdr_alb_nrm__dyn__fp16_opset11_ForwardAlpha.uexp" 1189
"../../../Engine/Plugins/NNE/NNEDenoiser/Content/NNE_oidn2-3-0_rt_hdr_calb_cnrm_large__dyn__fp16_opset11_ForwardAlpha.uasset" 1190
"../../../Engine/Plugins/NNE/NNEDenoiser/Content/NNE_oidn2-3-0_rt_hdr_calb_cnrm_large__dyn__fp16_opset11_ForwardAlpha.uexp" 1191
"../../../Engine/Plugins/NNE/NNEDenoiser/Content/NNEDT_Oidn2-3_Balanced_Alpha.uasset" 1192
"../../../Engine/Plugins/NNE/NNEDenoiser/Content/NNEDT_Oidn2-3_Balanced_Alpha.uexp" 1193
"../../../Engine/Plugins/NNE/NNEDenoiser/Content/NNE_oidn2-3-0_rt_hdr_alb_nrm_small__dyn__fp16_opset11_DenoiseAlpha.uasset" 1194
"../../../Engine/Plugins/NNE/NNEDenoiser/Content/NNE_oidn2-3-0_rt_hdr_alb_nrm_small__dyn__fp16_opset11_DenoiseAlpha.uexp" 1195
"../../../Engine/Plugins/NNE/NNEDenoiser/Content/NNED_Oidn2-3_Fast_Alpha.uasset" 1196
"../../../Engine/Plugins/NNE/NNEDenoiser/Content/NNED_Oidn2-3_Fast_Alpha.uexp" 1197
"../../../Engine/Plugins/Media/MediaPlate/Content/SM_MediaPlateScreen.ubulk" 1198
"../../../Engine/Plugins/Media/MediaPlate/Content/SM_MediaPlateScreen.uasset" 1199
"../../../Engine/Plugins/Media/MediaPlate/Content/SM_MediaPlateScreen.uexp" 1200
"../../../Engine/Plugins/Animation/ControlRig/Content/M_Manip.uasset" 1201
"../../../Engine/Plugins/Animation/ControlRig/Content/M_Manip.uexp" 1202
"../../../Engine/Plugins/2D/Paper2D/Content/DefaultSpriteMaterial.uexp" 1203
"../../../Engine/Plugins/2D/Paper2D/Content/DefaultSpriteMaterial.uasset" 1204
"../../../Engine/Plugins/2D/Paper2D/Content/MaskedUnlitSpriteMaterial.uexp" 1205
"../../../Engine/Plugins/2D/Paper2D/Content/MaskedUnlitSpriteMaterial.uasset" 1206
"../../../Engine/Plugins/2D/Paper2D/Content/OpaqueUnlitSpriteMaterial.uasset" 1207
"../../../Engine/Plugins/2D/Paper2D/Content/OpaqueUnlitSpriteMaterial.uexp" 1208
"../../../Engine/Plugins/Animation/ControlRig/Content/Controls/ControlRig_Octagon_solid.uexp" 1209
"../../../Engine/Plugins/Animation/ControlRig/Content/Controls/ControlRig_Octagon_solid.ubulk" 1210
"../../../Engine/Plugins/Animation/ControlRig/Content/Controls/ControlRig_Octagon_solid.uasset" 1211
"../../../Engine/Plugins/Animation/ControlRig/Content/Controls/ControlRig_Pyramid_solid.uexp" 1212
"../../../Engine/Plugins/Animation/ControlRig/Content/Controls/ControlRig_Pyramid_solid.ubulk" 1213
"../../../Engine/Plugins/Animation/ControlRig/Content/Controls/ControlRig_Pyramid_solid.uasset" 1214
"../../../Engine/Plugins/Animation/ControlRig/Content/Controls/ControlRig_Wedge_solid.uexp" 1215
"../../../Engine/Plugins/Animation/ControlRig/Content/Controls/ControlRig_Wedge_solid.ubulk" 1216
"../../../Engine/Plugins/Animation/ControlRig/Content/Controls/ControlRig_Wedge_solid.uasset" 1217
"../../../Engine/Plugins/Animation/ControlRig/Content/Controls/ControlRig_RoundedSquare_1mm.ubulk" 1218
"../../../Engine/Plugins/Animation/ControlRig/Content/Controls/ControlRig_RoundedSquare_1mm.uexp" 1219
"../../../Engine/Plugins/Animation/ControlRig/Content/Controls/ControlRig_RoundedSquare_1mm.uasset" 1220
"../../../Engine/Plugins/Animation/ControlRig/Content/Controls/ControlRig_Star4_1mm.ubulk" 1221
"../../../Engine/Plugins/Animation/ControlRig/Content/Controls/ControlRig_Star4_1mm.uexp" 1222
"../../../Engine/Plugins/Animation/ControlRig/Content/Controls/ControlRig_Star4_1mm.uasset" 1223
"../../../Engine/Plugins/Animation/ControlRig/Content/Controls/ControlRigXRayMaterial.uexp" 1224
"../../../Engine/Plugins/Animation/ControlRig/Content/Controls/ControlRigXRayMaterial.uasset" 1225
"../../../Engine/Plugins/Animation/ControlRig/Content/Controls/ControlRig_Hexagon_solid.ubulk" 1226
"../../../Engine/Plugins/Animation/ControlRig/Content/Controls/ControlRig_Hexagon_solid.uexp" 1227
"../../../Engine/Plugins/Animation/ControlRig/Content/Controls/ControlRig_Hexagon_solid.uasset" 1228
"../../../Engine/Plugins/Animation/ControlRig/Content/Controls/ControlRig_Arrow_solid.ubulk" 1229
"../../../Engine/Plugins/Animation/ControlRig/Content/Controls/ControlRig_Arrow_solid.uexp" 1230
"../../../Engine/Plugins/Animation/ControlRig/Content/Controls/ControlRig_Arrow_solid.uasset" 1231
"../../../Engine/Plugins/Animation/ControlRig/Content/Controls/ControlRig_Triangle_3mm.uasset" 1232
"../../../Engine/Plugins/Animation/ControlRig/Content/Controls/ControlRig_Triangle_3mm.uexp" 1233
"../../../Engine/Plugins/Animation/ControlRig/Content/Controls/ControlRig_Triangle_3mm.ubulk" 1234
"../../../Engine/Plugins/Animation/ControlRig/Content/Controls/ControlRig_Box_solid.uasset" 1235
"../../../Engine/Plugins/Animation/ControlRig/Content/Controls/ControlRig_Box_solid.ubulk" 1236
"../../../Engine/Plugins/Animation/ControlRig/Content/Controls/ControlRig_Box_solid.uexp" 1237
"../../../Engine/Plugins/Animation/ControlRig/Content/Controls/ControlRig_Wedge_3mm.uasset" 1238
"../../../Engine/Plugins/Animation/ControlRig/Content/Controls/ControlRig_Wedge_3mm.ubulk" 1239
"../../../Engine/Plugins/Animation/ControlRig/Content/Controls/ControlRig_Wedge_3mm.uexp" 1240
"../../../Engine/Plugins/Animation/ControlRig/Content/Controls/ControlRig_HalfCircle_1mm.ubulk" 1241
"../../../Engine/Plugins/Animation/ControlRig/Content/Controls/ControlRig_HalfCircle_1mm.uexp" 1242
"../../../Engine/Plugins/Animation/ControlRig/Content/Controls/ControlRig_HalfCircle_1mm.uasset" 1243
"../../../Engine/Plugins/Animation/ControlRig/Content/Controls/ControlRig_HalfCircle_solid.uexp" 1244
"../../../Engine/Plugins/Animation/ControlRig/Content/Controls/ControlRig_HalfCircle_solid.ubulk" 1245
"../../../Engine/Plugins/Animation/ControlRig/Content/Controls/ControlRig_HalfCircle_solid.uasset" 1246
"../../../Engine/Plugins/Animation/ControlRig/Content/Controls/ControlRig_Arrow2_1mm.uexp" 1247
"../../../Engine/Plugins/Animation/ControlRig/Content/Controls/ControlRig_Arrow2_1mm.ubulk" 1248
"../../../Engine/Plugins/Animation/ControlRig/Content/Controls/ControlRig_Arrow2_1mm.uasset" 1249
"../../../Engine/Plugins/Animation/ControlRig/Content/Controls/ControlRig_Octagon_3mm.uexp" 1250
"../../../Engine/Plugins/Animation/ControlRig/Content/Controls/ControlRig_Octagon_3mm.ubulk" 1251
"../../../Engine/Plugins/Animation/ControlRig/Content/Controls/ControlRig_Octagon_3mm.uasset" 1252
"../../../Engine/Plugins/Animation/ControlRig/Content/Controls/ControlRig_Box_3mm.uexp" 1253
"../../../Engine/Plugins/Animation/ControlRig/Content/Controls/ControlRig_Box_3mm.ubulk" 1254
"../../../Engine/Plugins/Animation/ControlRig/Content/Controls/ControlRig_Box_3mm.uasset" 1255
"../../../Engine/Plugins/Animation/ControlRig/Content/Controls/ControlRig_Sphere_1mm.uasset" 1256
"../../../Engine/Plugins/Animation/ControlRig/Content/Controls/ControlRig_Sphere_1mm.uexp" 1257
"../../../Engine/Plugins/Animation/ControlRig/Content/Controls/ControlRig_Sphere_1mm.ubulk" 1258
"../../../Engine/Plugins/Animation/ControlRig/Content/Controls/ControlRig_Pyramid_3mm.uasset" 1259
"../../../Engine/Plugins/Animation/ControlRig/Content/Controls/ControlRig_Pyramid_3mm.ubulk" 1260
"../../../Engine/Plugins/Animation/ControlRig/Content/Controls/ControlRig_Pyramid_3mm.uexp" 1261
"../../../Engine/Plugins/Animation/ControlRig/Content/Controls/ControlRig_QuarterCircle_3mm.ubulk" 1262
"../../../Engine/Plugins/Animation/ControlRig/Content/Controls/ControlRig_QuarterCircle_3mm.uexp" 1263
"../../../Engine/Plugins/Animation/ControlRig/Content/Controls/ControlRig_QuarterCircle_3mm.uasset" 1264
"../../../Engine/Plugins/Animation/ControlRig/Content/Controls/ControlRig_Circle_1mm.ubulk" 1265
"../../../Engine/Plugins/Animation/ControlRig/Content/Controls/ControlRig_Circle_1mm.uexp" 1266
"../../../Engine/Plugins/Animation/ControlRig/Content/Controls/ControlRig_Circle_1mm.uasset" 1267
"../../../Engine/Plugins/Animation/ControlRig/Content/Controls/ControlRig_RoundedTriangle_3mm.uasset" 1268
"../../../Engine/Plugins/Animation/ControlRig/Content/Controls/ControlRig_RoundedTriangle_3mm.uexp" 1269
"../../../Engine/Plugins/Animation/ControlRig/Content/Controls/ControlRig_RoundedTriangle_3mm.ubulk" 1270
"../../../Engine/Plugins/Animation/ControlRig/Content/Controls/ControlRig_Triangle_solid.uasset" 1271
"../../../Engine/Plugins/Animation/ControlRig/Content/Controls/ControlRig_Triangle_solid.ubulk" 1272
"../../../Engine/Plugins/Animation/ControlRig/Content/Controls/ControlRig_Triangle_solid.uexp" 1273
"../../../Engine/Plugins/Animation/ControlRig/Content/Controls/ControlRig_Diamond_1mm.uasset" 1274
"../../../Engine/Plugins/Animation/ControlRig/Content/Controls/ControlRig_Diamond_1mm.uexp" 1275
"../../../Engine/Plugins/Animation/ControlRig/Content/Controls/ControlRig_Diamond_1mm.ubulk" 1276
"../../../Engine/Plugins/Animation/ControlRig/Content/Controls/ControlRig_Arrow2_solid.uasset" 1277
"../../../Engine/Plugins/Animation/ControlRig/Content/Controls/ControlRig_Arrow2_solid.uexp" 1278
"../../../Engine/Plugins/Animation/ControlRig/Content/Controls/ControlRig_Arrow2_solid.ubulk" 1279
"../../../Engine/Plugins/Animation/ControlRig/Content/Controls/ControlRig_Arrow4_3mm.uasset" 1280
"../../../Engine/Plugins/Animation/ControlRig/Content/Controls/ControlRig_Arrow4_3mm.ubulk" 1281
"../../../Engine/Plugins/Animation/ControlRig/Content/Controls/ControlRig_Arrow4_3mm.uexp" 1282
"../../../Engine/Plugins/Animation/ControlRig/Content/Controls/ControlRig_Hexagon_1mm.uasset" 1283
"../../../Engine/Plugins/Animation/ControlRig/Content/Controls/ControlRig_Hexagon_1mm.uexp" 1284
"../../../Engine/Plugins/Animation/ControlRig/Content/Controls/ControlRig_Hexagon_1mm.ubulk" 1285
"../../../Engine/Plugins/Animation/ControlRig/Content/Controls/ControlRig_QuarterCircle_solid.uasset" 1286
"../../../Engine/Plugins/Animation/ControlRig/Content/Controls/ControlRig_QuarterCircle_solid.ubulk" 1287
"../../../Engine/Plugins/Animation/ControlRig/Content/Controls/ControlRig_QuarterCircle_solid.uexp" 1288
"../../../Engine/Plugins/Animation/ControlRig/Content/Controls/ControlRig_Arrow_1mm.uasset" 1289
"../../../Engine/Plugins/Animation/ControlRig/Content/Controls/ControlRig_Arrow_1mm.uexp" 1290
"../../../Engine/Plugins/Animation/ControlRig/Content/Controls/ControlRig_Arrow_1mm.ubulk" 1291
"../../../Engine/Plugins/Animation/ControlRig/Content/Controls/ControlRig_Square_1mm.ubulk" 1292
"../../../Engine/Plugins/Animation/ControlRig/Content/Controls/ControlRig_Square_1mm.uexp" 1293
"../../../Engine/Plugins/Animation/ControlRig/Content/Controls/ControlRig_Square_1mm.uasset" 1294
"../../../Engine/Plugins/Animation/ControlRig/Content/Controls/ControlRig_Circle_solid.ubulk" 1295
"../../../Engine/Plugins/Animation/ControlRig/Content/Controls/ControlRig_Circle_solid.uexp" 1296
"../../../Engine/Plugins/Animation/ControlRig/Content/Controls/ControlRig_Circle_solid.uasset" 1297
"../../../Engine/Plugins/Animation/ControlRig/Content/Controls/ControlRig_Arrow4_solid.uexp" 1298
"../../../Engine/Plugins/Animation/ControlRig/Content/Controls/ControlRig_Arrow4_solid.uasset" 1299
"../../../Engine/Plugins/Animation/ControlRig/Content/Controls/ControlRig_Arrow4_solid.ubulk" 1300
"../../../Engine/Plugins/Animation/ControlRig/Content/Controls/ControlRig_RoundedSquare_solid.uexp" 1301
"../../../Engine/Plugins/Animation/ControlRig/Content/Controls/ControlRig_RoundedSquare_solid.ubulk" 1302
"../../../Engine/Plugins/Animation/ControlRig/Content/Controls/ControlRig_RoundedSquare_solid.uasset" 1303
"../../../Engine/Plugins/Animation/ControlRig/Content/Controls/ControlRig_Star4_solid.uasset" 1304
"../../../Engine/Plugins/Animation/ControlRig/Content/Controls/ControlRig_Star4_solid.uexp" 1305
"../../../Engine/Plugins/Animation/ControlRig/Content/Controls/ControlRig_Star4_solid.ubulk" 1306
"../../../Engine/Plugins/Animation/ControlRig/Content/Controls/ControlRig_Diamond_solid.uexp" 1307
"../../../Engine/Plugins/Animation/ControlRig/Content/Controls/ControlRig_Diamond_solid.ubulk" 1308
"../../../Engine/Plugins/Animation/ControlRig/Content/Controls/ControlRig_Diamond_solid.uasset" 1309
"../../../Engine/Plugins/Animation/ControlRig/Content/Controls/ControlRig_Arrow2_3mm.uasset" 1310
"../../../Engine/Plugins/Animation/ControlRig/Content/Controls/ControlRig_Arrow2_3mm.ubulk" 1311
"../../../Engine/Plugins/Animation/ControlRig/Content/Controls/ControlRig_Arrow2_3mm.uexp" 1312
"../../../Engine/Plugins/Animation/ControlRig/Content/Controls/ControlRig_Box_1mm.ubulk" 1313
"../../../Engine/Plugins/Animation/ControlRig/Content/Controls/ControlRig_Box_1mm.uexp" 1314
"../../../Engine/Plugins/Animation/ControlRig/Content/Controls/ControlRig_Box_1mm.uasset" 1315
"../../../Engine/Plugins/Animation/ControlRig/Content/Controls/ControlRig_Octagon_1mm.uasset" 1316
"../../../Engine/Plugins/Animation/ControlRig/Content/Controls/ControlRig_Octagon_1mm.ubulk" 1317
"../../../Engine/Plugins/Animation/ControlRig/Content/Controls/ControlRig_Octagon_1mm.uexp" 1318
"../../../Engine/Plugins/Animation/ControlRig/Content/Controls/ControlRig_Sphere_3mm.uasset" 1319
"../../../Engine/Plugins/Animation/ControlRig/Content/Controls/ControlRig_Sphere_3mm.uexp" 1320
"../../../Engine/Plugins/Animation/ControlRig/Content/Controls/ControlRig_Sphere_3mm.ubulk" 1321
"../../../Engine/Plugins/Animation/ControlRig/Content/Controls/ControlRig_Triangle_1mm.uasset" 1322
"../../../Engine/Plugins/Animation/ControlRig/Content/Controls/ControlRig_Triangle_1mm.uexp" 1323
"../../../Engine/Plugins/Animation/ControlRig/Content/Controls/ControlRig_Triangle_1mm.ubulk" 1324
"../../../Engine/Plugins/Animation/ControlRig/Content/Controls/ControlRig_RoundedTriangle_solid.ubulk" 1325
"../../../Engine/Plugins/Animation/ControlRig/Content/Controls/ControlRig_RoundedTriangle_solid.uasset" 1326
"../../../Engine/Plugins/Animation/ControlRig/Content/Controls/ControlRig_RoundedTriangle_solid.uexp" 1327
"../../../Engine/Plugins/Animation/ControlRig/Content/Controls/ControlRig_HalfCircle_3mm.uasset" 1328
"../../../Engine/Plugins/Animation/ControlRig/Content/Controls/ControlRig_HalfCircle_3mm.uexp" 1329
"../../../Engine/Plugins/Animation/ControlRig/Content/Controls/ControlRig_HalfCircle_3mm.ubulk" 1330
"../../../Engine/Plugins/Animation/ControlRig/Content/Controls/ControlRig_Wedge_1mm.uasset" 1331
"../../../Engine/Plugins/Animation/ControlRig/Content/Controls/ControlRig_Wedge_1mm.ubulk" 1332
"../../../Engine/Plugins/Animation/ControlRig/Content/Controls/ControlRig_Wedge_1mm.uexp" 1333
"../../../Engine/Plugins/Animation/ControlRig/Content/Controls/ControlRig_RoundedSquare_3mm.uasset" 1334
"../../../Engine/Plugins/Animation/ControlRig/Content/Controls/ControlRig_RoundedSquare_3mm.ubulk" 1335
"../../../Engine/Plugins/Animation/ControlRig/Content/Controls/ControlRig_RoundedSquare_3mm.uexp" 1336
"../../../Engine/Plugins/Animation/ControlRig/Content/Controls/ControlRig_Star4_3mm.uasset" 1337
"../../../Engine/Plugins/Animation/ControlRig/Content/Controls/ControlRig_Star4_3mm.uexp" 1338
"../../../Engine/Plugins/Animation/ControlRig/Content/Controls/ControlRig_Star4_3mm.ubulk" 1339
"../../../Engine/Plugins/Animation/ControlRig/Content/Controls/ControlRig_Square_3mm.uexp" 1340
"../../../Engine/Plugins/Animation/ControlRig/Content/Controls/ControlRig_Square_3mm.ubulk" 1341
"../../../Engine/Plugins/Animation/ControlRig/Content/Controls/ControlRig_Square_3mm.uasset" 1342
"../../../Engine/Plugins/Animation/ControlRig/Content/Controls/ControlRig_Sphere_solid.uexp" 1343
"../../../Engine/Plugins/Animation/ControlRig/Content/Controls/ControlRig_Sphere_solid.uasset" 1344
"../../../Engine/Plugins/Animation/ControlRig/Content/Controls/ControlRig_Sphere_solid.ubulk" 1345
"../../../Engine/Plugins/Animation/ControlRig/Content/Controls/ControlRig_Hexagon_3mm.uexp" 1346
"../../../Engine/Plugins/Animation/ControlRig/Content/Controls/ControlRig_Hexagon_3mm.uasset" 1347
"../../../Engine/Plugins/Animation/ControlRig/Content/Controls/ControlRig_Hexagon_3mm.ubulk" 1348
"../../../Engine/Plugins/Animation/ControlRig/Content/Controls/ControlRig_Arrow_3mm.uexp" 1349
"../../../Engine/Plugins/Animation/ControlRig/Content/Controls/ControlRig_Arrow_3mm.uasset" 1350
"../../../Engine/Plugins/Animation/ControlRig/Content/Controls/ControlRig_Arrow_3mm.ubulk" 1351
"../../../Engine/Plugins/Animation/ControlRig/Content/Controls/ControlRig_Diamond_3mm.ubulk" 1352
"../../../Engine/Plugins/Animation/ControlRig/Content/Controls/ControlRig_Diamond_3mm.uasset" 1353
"../../../Engine/Plugins/Animation/ControlRig/Content/Controls/ControlRig_Diamond_3mm.uexp" 1354
"../../../Engine/Plugins/Animation/ControlRig/Content/Controls/ControlRig_Square_solid.uexp" 1355
"../../../Engine/Plugins/Animation/ControlRig/Content/Controls/ControlRig_Square_solid.uasset" 1356
"../../../Engine/Plugins/Animation/ControlRig/Content/Controls/ControlRig_Square_solid.ubulk" 1357
"../../../Engine/Plugins/Animation/ControlRig/Content/Controls/ControlRig_Arrow4_1mm.ubulk" 1358
"../../../Engine/Plugins/Animation/ControlRig/Content/Controls/ControlRig_Arrow4_1mm.uasset" 1359
"../../../Engine/Plugins/Animation/ControlRig/Content/Controls/ControlRig_Arrow4_1mm.uexp" 1360
"../../../Engine/Plugins/Animation/ControlRig/Content/Controls/ControlRig_Pyramid_1mm.ubulk" 1361
"../../../Engine/Plugins/Animation/ControlRig/Content/Controls/ControlRig_Pyramid_1mm.uasset" 1362
"../../../Engine/Plugins/Animation/ControlRig/Content/Controls/ControlRig_Pyramid_1mm.uexp" 1363
"../../../Engine/Plugins/Animation/ControlRig/Content/Controls/ControlRig_QuarterCircle_1mm.uexp" 1364
"../../../Engine/Plugins/Animation/ControlRig/Content/Controls/ControlRig_QuarterCircle_1mm.uasset" 1365
"../../../Engine/Plugins/Animation/ControlRig/Content/Controls/ControlRig_QuarterCircle_1mm.ubulk" 1366
"../../../Engine/Plugins/Animation/ControlRig/Content/Controls/ControlRig_Circle_3mm.ubulk" 1367
"../../../Engine/Plugins/Animation/ControlRig/Content/Controls/ControlRig_Circle_3mm.uasset" 1368
"../../../Engine/Plugins/Animation/ControlRig/Content/Controls/ControlRig_Circle_3mm.uexp" 1369
"../../../Engine/Plugins/Animation/ControlRig/Content/Controls/ControlRig_RoundedTriangle_1mm.uexp" 1370
"../../../Engine/Plugins/Animation/ControlRig/Content/Controls/ControlRig_RoundedTriangle_1mm.uasset" 1371
"../../../Engine/Plugins/Animation/ControlRig/Content/Controls/ControlRig_RoundedTriangle_1mm.ubulk" 1372
"../../../Engine/Plugins/Animation/ControlRig/Content/Controls/ControlRigGizmoMaterial.uasset" 1373
"../../../Engine/Plugins/Animation/ControlRig/Content/Controls/ControlRigGizmoMaterial.uexp" 1374
"../../../Engine/Content/VREditor/Sounds/UI/Drop_Item_From_ContentBrowser.ubulk" 1375
"../../../Engine/Content/VREditor/Sounds/UI/Drop_Item_From_ContentBrowser.uasset" 1376
"../../../Engine/Content/VREditor/Sounds/UI/Drop_Item_From_ContentBrowser.uexp" 1377
"../../../Engine/Content/VREditor/TransformGizmo/TransformGizmoMaterial_Inst.uexp" 1378
"../../../Engine/Content/VREditor/TransformGizmo/TransformGizmoMaterial_Inst.uasset" 1379
"../../../Engine/Content/VREditor/TransformGizmo/TranslucentTransformGizmoMaterial_Inst.uexp" 1380
"../../../Engine/Content/VREditor/TransformGizmo/TranslucentTransformGizmoMaterial_Inst.uasset" 1381
"../../../Engine/Content/Functions/Engine_MaterialFunctions02/SplitComponents.uasset" 1382
"../../../Engine/Content/Functions/Engine_MaterialFunctions02/SplitComponents.uexp" 1383
"../../../Engine/Content/VREditor/SnapGrid/SnapGridMaterial.uasset" 1384
"../../../Engine/Content/VREditor/SnapGrid/SnapGridMaterial.uexp" 1385
"../../../Engine/Content/VREditor/SnapGrid/SnapGridPlaneMesh.uexp" 1386
"../../../Engine/Content/VREditor/SnapGrid/SnapGridPlaneMesh.ubulk" 1387
"../../../Engine/Content/VREditor/SnapGrid/SnapGridPlaneMesh.uasset" 1388
"../../../Engine/Content/VREditor/Sounds/UI/Gizmo_Handle_Clicked.uasset" 1389
"../../../Engine/Content/VREditor/Sounds/UI/Gizmo_Handle_Clicked.uexp" 1390
"../../../Engine/Content/VREditor/Sounds/UI/Gizmo_Handle_Clicked.ubulk" 1391
"../../../Engine/Content/VREditor/Sounds/UI/Object_PickUp.ubulk" 1392
"../../../Engine/Content/VREditor/Sounds/UI/Object_PickUp.uexp" 1393
"../../../Engine/Content/VREditor/Sounds/UI/Object_PickUp.uasset" 1394
"../../../Engine/Content/VREditor/Sounds/UI/Object_Snaps_To_Another_Actor.uasset" 1395
"../../../Engine/Content/VREditor/Sounds/UI/Object_Snaps_To_Another_Actor.ubulk" 1396
"../../../Engine/Content/VREditor/Sounds/UI/Object_Snaps_To_Another_Actor.uexp" 1397
"../../../Engine/Content/VREditor/Sounds/UI/Object_Snaps_To_Grid.ubulk" 1398
"../../../Engine/Content/VREditor/Sounds/UI/Object_Snaps_To_Grid.uasset" 1399
"../../../Engine/Content/VREditor/Sounds/UI/Object_Snaps_To_Grid.uexp" 1400
"../../../Engine/Content/VREditor/Sounds/UI/Scaling_Down.ubulk" 1401
"../../../Engine/Content/VREditor/Sounds/UI/Scaling_Down.uexp" 1402
"../../../Engine/Content/VREditor/Sounds/UI/Scaling_Down.uasset" 1403
"../../../Engine/Content/VREditor/Sounds/UI/Scaling_Up.ubulk" 1404
"../../../Engine/Content/VREditor/Sounds/UI/Scaling_Up.uasset" 1405
"../../../Engine/Content/VREditor/Sounds/UI/Scaling_Up.uexp" 1406
"../../../Engine/Content/VREditor/Sounds/UI/Selection_Changes.ubulk" 1407
"../../../Engine/Content/VREditor/Sounds/UI/Selection_Changes.uasset" 1408
"../../../Engine/Content/VREditor/Sounds/UI/Selection_Changes.uexp" 1409
"../../../Engine/Content/VREditor/TransformGizmo/PlaneTranslationHandle.ubulk" 1410
"../../../Engine/Content/VREditor/TransformGizmo/PlaneTranslationHandle.uasset" 1411
"../../../Engine/Content/VREditor/TransformGizmo/PlaneTranslationHandle.uexp" 1412
"../../../Engine/Content/VREditor/TransformGizmo/RotationHandleFull.uexp" 1413
"../../../Engine/Content/VREditor/TransformGizmo/RotationHandleFull.ubulk" 1414
"../../../Engine/Content/VREditor/TransformGizmo/RotationHandleFull.uasset" 1415
"../../../Engine/Content/VREditor/TransformGizmo/RotationHandleIndicator.uexp" 1416
"../../../Engine/Content/VREditor/TransformGizmo/RotationHandleIndicator.ubulk" 1417
"../../../Engine/Content/VREditor/TransformGizmo/RotationHandleIndicator.uasset" 1418
"../../../Engine/Content/VREditor/TransformGizmo/RotationHandleQuarter.uasset" 1419
"../../../Engine/Content/VREditor/TransformGizmo/RotationHandleQuarter.ubulk" 1420
"../../../Engine/Content/VREditor/TransformGizmo/RotationHandleQuarter.uexp" 1421
"../../../Engine/Content/VREditor/TransformGizmo/StartRotationHandleIndicator.ubulk" 1422
"../../../Engine/Content/VREditor/TransformGizmo/StartRotationHandleIndicator.uexp" 1423
"../../../Engine/Content/VREditor/TransformGizmo/StartRotationHandleIndicator.uasset" 1424
"../../../Engine/Content/VREditor/TransformGizmo/TransformGizmoFreeRotation.ubulk" 1425
"../../../Engine/Content/VREditor/TransformGizmo/TransformGizmoFreeRotation.uasset" 1426
"../../../Engine/Content/VREditor/TransformGizmo/TransformGizmoFreeRotation.uexp" 1427
"../../../Engine/Content/VREditor/TransformGizmo/TranslateArrowHandle.ubulk" 1428
"../../../Engine/Content/VREditor/TransformGizmo/TranslateArrowHandle.uasset" 1429
"../../../Engine/Content/VREditor/TransformGizmo/TranslateArrowHandle.uexp" 1430
"../../../Engine/Content/VREditor/TransformGizmo/UniformScaleHandle.ubulk" 1431
"../../../Engine/Content/VREditor/TransformGizmo/UniformScaleHandle.uasset" 1432
"../../../Engine/Content/VREditor/TransformGizmo/UniformScaleHandle.uexp" 1433
"../../../Engine/Content/MobileResources/HUD/VirtualJoystick_Thumb.uasset" 1434
"../../../Engine/Content/MobileResources/HUD/VirtualJoystick_Thumb.uexp" 1435
"../../../Engine/Content/MobileResources/HUD/VirtualJoystick_Background.uexp" 1436
"../../../Engine/Content/MobileResources/HUD/VirtualJoystick_Background.uasset" 1437
"../../../Engine/Content/MobileResources/HUD/DefaultVirtualJoysticks.uasset" 1438
"../../../Engine/Content/MobileResources/HUD/DefaultVirtualJoysticks.uexp" 1439
"../../../Engine/Content/Maps/Entry_BuiltData.uexp" 1440
"../../../Engine/Content/Maps/Entry_BuiltData.uasset" 1441
"../../../Engine/Content/Maps/Entry.umap" 1442
"../../../Engine/Content/Maps/Entry.uexp" 1443
"/Users/shanshanye/Desktop/AI_final/GameAI-Final-Project/Content/Maps/TheKillingHour.uexp" 1444
"/Users/shanshanye/Desktop/AI_final/GameAI-Final-Project/Content/Maps/TheKillingHour.umap" 1445
