"/Users/shanshanye/Desktop/AI_final/GameAI-Final-Project/TheKillingHour.uproject" 1
"../../../../../../shanshanye/Desktop/AI_final/GameAI-Final-Project/Binaries/Mac/UnrealEditor.modules" 2
"../../../Engine/Plugins/EnhancedInput/EnhancedInput.uplugin" 3
"../../../Engine/Plugins/LightWeightInstancesEditor/LightWeightInstancesEditor.uplugin" 4
"../../../Engine/Plugins/ChaosCloth/ChaosCloth.uplugin" 5
"../../../Engine/Plugins/CmdLinkServer/CmdLinkServer.uplugin" 6
"../../../Engine/Plugins/PCG/PCG.uplugin" 7
"../../../Engine/Plugins/BlueprintFileUtils/BlueprintFileUtils.uplugin" 8
"../../../Engine/Plugins/TraceUtilities/TraceUtilities.uplugin" 9
"../../../Engine/Plugins/AudioInsights/AudioInsights.uplugin" 10
"../../../Engine/Plugins/Mutable/Mutable.uplugin" 11
"../../../Engine/Plugins/MeshPainting/MeshPainting.uplugin" 12
"../../../Engine/Plugins/Chooser/Chooser.uplugin" 13
"../../../Engine/Plugins/TextureGraph/TextureGraph.uplugin" 14
"../../../Engine/Plugins/Bridge/Bridge.uplugin" 15
"../../../Engine/Plugins/AudioGameplayVolume/AudioGameplayVolume.uplugin" 16
"../../../Engine/Plugins/Fab/Fab.uplugin" 17
"../../../Engine/Plugins/ChaosClothAsset/ChaosClothAsset.uplugin" 18
"../../../Engine/Plugins/FastBuildController/FastBuildController.uplugin" 19
"../../../Engine/Plugins/RenderGraphInsights/RenderGraphInsights.uplugin" 20
"../../../Engine/Plugins/XGEController/XGEController.uplugin" 21
"../../../Engine/Plugins/UbaController/UbaController.uplugin" 22
"../../../Engine/Plugins/DiscoveryBeaconReceiver/DiscoveryBeaconReceiver.uplugin" 23
"../../../Engine/Plugins/MemoryUsageQueries/MemoryUsageQueries.uplugin" 24
"../../../Engine/Plugins/BaseMaterial/BaseMaterial.uplugin" 25
"../../../Engine/Plugins/ScriptPlugin/ScriptPlugin.uplugin" 26
"../../../Engine/Plugins/ChaosVD/ChaosVD.uplugin" 27
"../../../Engine/Plugins/MassInsights/MassInsights.uplugin" 28
"../../../Engine/Plugins/ChaosInsights/ChaosInsights.uplugin" 29
"../../../Engine/Plugins/WorldMetrics/WorldMetrics.uplugin" 30
"../../../Engine/Plugins/AudioGameplay/AudioGameplay.uplugin" 31
"../../../Engine/Plugins/JsonBlueprintUtilities/JsonBlueprintUtilities.uplugin" 32
"../../../Engine/Plugins/ChaosClothAssetEditor/ChaosClothAssetEditor.uplugin" 33
"../../../Engine/Plugins/IoStoreInsights/IoStoreInsights.uplugin" 34
"../../../Engine/Plugins/Developer/GPUReshape/GPUReshape.uplugin" 35
"../../../Engine/Plugins/Developer/AnimationSharing/AnimationSharing.uplugin" 36
"../../../Engine/Plugins/Developer/PropertyAccessNode/PropertyAccessNode.uplugin" 37
"../../../Engine/Plugins/Developer/RiderSourceCodeAccess/RiderSourceCodeAccess.uplugin" 38
"../../../Engine/Plugins/Developer/KDevelopSourceCodeAccess/KDevelopSourceCodeAccess.uplugin" 39
"../../../Engine/Plugins/Developer/TraceSourceFiltering/TraceSourceFilters.uplugin" 40
"../../../Engine/Plugins/Developer/PlasticSourceControl/PlasticSourceControl.uplugin" 41
"../../../Engine/Plugins/Developer/FieldNotificationTrace/FieldNotificationTrace.uplugin" 42
"../../../Engine/Plugins/Developer/UObjectPlugin/UObjectPlugin.uplugin" 43
"../../../Engine/Plugins/Developer/ProjectLauncher/ProjectLauncher.uplugin" 44
"../../../Engine/Plugins/Developer/TextureFormatOodle/TextureFormatOodle.uplugin" 45
"../../../Engine/Plugins/Developer/CodeLiteSourceCodeAccess/CodeLiteSourceCodeAccess.uplugin" 46
"../../../Engine/Plugins/Developer/RenderDocPlugin/RenderDocPlugin.uplugin" 47
"../../../Engine/Plugins/Developer/XcodeGPUDebuggerPlugin/XcodeGPUDebuggerPlugin.uplugin" 48
"../../../Engine/Plugins/Developer/VisualStudioSourceCodeAccess/VisualStudioSourceCodeAccess.uplugin" 49
"../../../Engine/Plugins/Developer/SubversionSourceControl/SubversionSourceControl.uplugin" 50
"../../../Engine/Plugins/Developer/OneSkyLocalizationService/OneSkyLocalizationService.uplugin" 51
"../../../Engine/Plugins/Developer/NamingTokens/NamingTokens.uplugin" 52
"../../../Engine/Plugins/Developer/N10XSourceCodeAccess/N10XSourceCodeAccess.uplugin" 53
"../../../Engine/Plugins/Developer/CLionSourceCodeAccess/CLionSourceCodeAccess.uplugin" 54
"../../../Engine/Plugins/Developer/GitSourceControl/GitSourceControl.uplugin" 55
"../../../Engine/Plugins/Developer/XCodeSourceCodeAccess/XCodeSourceCodeAccess.uplugin" 56
"../../../Engine/Plugins/Developer/PixWinPlugin/PixWinPlugin.uplugin" 57
"../../../Engine/Plugins/Importers/USDImporter/USDImporter.uplugin" 58
"../../../Engine/Plugins/Developer/PerforceSourceControl/PerforceSourceControl.uplugin" 59
"../../../Engine/Plugins/Importers/AlembicHairImporter/AlembicHairImporter.uplugin" 60
"../../../Engine/Plugins/Developer/DirectoryPlaceholder/DirectoryPlaceholder.uplugin" 61
"../../../Engine/Plugins/Developer/DumpGPUServices/DumpGPUServices.uplugin" 62
"../../../Engine/Plugins/Importers/USDMultiUser/USDMultiUser.uplugin" 63
"../../../Engine/Plugins/Developer/NullSourceCodeAccess/NullSourceCodeAccess.uplugin" 64
"../../../Engine/Plugins/Portal/LauncherChunkInstaller/LauncherChunkInstaller.uplugin" 65
"../../../Engine/Plugins/Importers/AlembicImporter/AlembicImporter.uplugin" 66
"../../../Engine/Plugins/MovieScene/MoviePipelineMaskRenderPass/MoviePipelineMaskRenderPass.uplugin" 67
"../../../Engine/Plugins/Developer/VisualStudioCodeSourceCodeAccess/VisualStudioCodeSourceCodeAccess.uplugin" 68
"../../../Engine/Plugins/MovieScene/TemplateSequence/TemplateSequence.uplugin" 69
"../../../Engine/Plugins/MovieScene/ActorSequence/ActorSequence.uplugin" 70
"../../../Engine/Plugins/Developer/BlankPlugin/BlankPlugin.uplugin" 71
"../../../Engine/Plugins/MovieScene/ReplayTracks/ReplayTracks.uplugin" 72
"../../../Engine/Plugins/MovieScene/SequenceValidator/SequenceValidator.uplugin" 73
"../../../Engine/Plugins/MovieScene/MovieRenderPipeline/MovieRenderPipeline.uplugin" 74
"../../../Engine/Plugins/MovieScene/LevelSequenceEditor/LevelSequenceEditor.uplugin" 75
"../../../Engine/Plugins/MetaHuman/MetaHumanLiveLink/MetaHumanLiveLink.uplugin" 76
"../../../Engine/Plugins/MetaHuman/MetaHumanCalibrationProcessing/MetaHumanCalibrationProcessing.uplugin" 77
"../../../Engine/Plugins/MovieScene/CustomizableSequencerTracks/CustomizableSequencerTracks.uplugin" 78
"../../../Engine/Plugins/MetaHuman/MetaHumanAnimator/MetaHuman.uplugin" 79
"../../../Engine/Plugins/MetaHuman/MetaHumanSDK/MetaHumanSDK.uplugin" 80
"../../../Engine/Plugins/MetaHuman/MetaHumanCoreTechLib/MetaHumanCoreTech.uplugin" 81
"../../../Engine/Plugins/2D/Paper2D/Paper2D.uplugin" 82
"../../../Engine/Plugins/MovieScene/MovieSceneTextTrack/MovieSceneTextTrack.uplugin" 83
"../../../Engine/Plugins/Developer/PluginUtils/PluginUtils.uplugin" 84
"../../../Engine/Plugins/MetaHuman/MetaHumanCharacter/MetaHumanCharacter.uplugin" 85
"../../../Engine/Plugins/Compositing/Composure/Composure.uplugin" 86
"../../../Engine/Plugins/Compositing/OpenCVLensDistortion/OpenCVLensDistortion.uplugin" 87
"../../../Engine/Plugins/Compositing/CompositeCore/CompositeCore.uplugin" 88
"../../../Engine/Plugins/Performance/AutomatedPerfTesting/AutomatedPerfTesting.uplugin" 89
"../../../Engine/Plugins/AI/EnvironmentQueryEditor/EnvironmentQueryEditor.uplugin" 90
"../../../Engine/Plugins/AI/AISupport/AISupport.uplugin" 91
"../../../Engine/Plugins/MovieScene/SequencerScripting/SequencerScripting.uplugin" 92
"../../../Engine/Plugins/Compositing/LensDistortion/LensDistortion.uplugin" 93
"../../../Engine/Plugins/Compositing/HoldoutComposite/HoldoutComposite.uplugin" 94
"../../../Engine/Plugins/Compositing/Composite/Composite.uplugin" 95
"../../../Engine/Plugins/AI/MassCrowd/MassCrowd.uplugin" 96
"../../../Engine/Plugins/AI/HTNPlanner/HTNPlanner.uplugin" 97
"../../../Engine/Plugins/AI/MassAI/MassAI.uplugin" 98
"../../../Engine/Plugins/Online/OnlineSubsystem/OnlineSubsystem.uplugin" 99
"../../../Engine/Plugins/Online/OnlineServicesNull/OnlineServicesNull.uplugin" 100
"../../../Engine/Plugins/Online/OnlineServicesEOS/OnlineServicesEOS.uplugin" 101
"../../../Engine/Plugins/Online/OnlineServicesOSSAdapter/OnlineServicesOSSAdapter.uplugin" 102
"../../../Engine/Plugins/Online/OnlineSubsystemGoogle/OnlineSubsystemGoogle.uplugin" 103
"../../../Engine/Plugins/Compression/OodleNetwork/OodleNetwork.uplugin" 104
"../../../Engine/Plugins/Online/OnlineSubsystemAmazon/OnlineSubsystemAmazon.uplugin" 105
"../../../Engine/Plugins/Online/EOSShared/EOSShared.uplugin" 106
"../../../Engine/Plugins/Online/OnlineSubsystemApple/OnlineSubsystemApple.uplugin" 107
"../../../Engine/Plugins/Online/OnlineServicesEpicCommon/OnlineServicesEpicCommon.uplugin" 108
"../../../Engine/Plugins/Online/OnlineSubsystemEOS/OnlineSubsystemEOS.uplugin" 109
"../../../Engine/Plugins/Online/SocketSubsystemEOS/SocketSubsystemEOS.uplugin" 110
"../../../Engine/Plugins/Online/OnlineBase/OnlineBase.uplugin" 111
"../../../Engine/Plugins/Online/EOSOverlayInputProvider/EOSOverlayInputProvider.uplugin" 112
"../../../Engine/Plugins/Online/OnlineSubsystemSteam/OnlineSubsystemSteam.uplugin" 113
"../../../Engine/Plugins/Online/SocketSubsystemSteamIP/SocketSubsystemSteamIP.uplugin" 114
"../../../Engine/Plugins/Online/OnlineServicesEOSGS/OnlineServicesEOSGS.uplugin" 115
"../../../Engine/Plugins/Online/OnlineSubsystemTencent/OnlineSubsystemTencent.uplugin" 116
"../../../Engine/Plugins/Online/OnlineSubsystemFacebook/OnlineSubsystemFacebook.uplugin" 117
"../../../Engine/Plugins/Online/OnlineFrameworkCommon/OnlineFrameworkCommon.uplugin" 118
"../../../Engine/Plugins/Online/OnlineSubsystemNull/OnlineSubsystemNull.uplugin" 119
"../../../Engine/Plugins/Performance/PerformanceMonitor/PerformanceMonitor.uplugin" 120
"../../../Engine/Plugins/Online/WebAuth/WebAuth.uplugin" 121
"../../../Engine/Plugins/Messaging/MessagingDebugger/MessagingDebugger.uplugin" 122
"../../../Engine/Plugins/Messaging/TcpMessaging/TcpMessaging.uplugin" 123
"../../../Engine/Plugins/Editor/GuidedTutorials/GuidedTutorials.uplugin" 124
"../../../Engine/Plugins/Editor/FacialAnimation/FacialAnimation.uplugin" 125
"../../../Engine/Plugins/Online/OnlineFramework/OnlineFramework.uplugin" 126
"../../../Engine/Plugins/Editor/MeshLODToolset/MeshLODToolset.uplugin" 127
"../../../Engine/Plugins/Editor/EditorDebugTools/EditorDebugTools.uplugin" 128
"../../../Engine/Plugins/Online/OnlineSubsystemUtils/OnlineSubsystemUtils.uplugin" 129
"../../../Engine/Plugins/Compositing/OpenColorIO/OpenColorIO.uplugin" 130
"../../../Engine/Plugins/Editor/MaterialAnalyzer/MaterialAnalyzer.uplugin" 131
"../../../Engine/Plugins/Editor/StaticMeshEditorModeling/StaticMeshEditorModeling.uplugin" 132
"../../../Engine/Plugins/Editor/BlueprintMaterialTextureNodes/BlueprintMaterialTextureNodes.uplugin" 133
"../../../Engine/Plugins/Editor/AssetSearch/AssetSearch.uplugin" 134
"../../../Engine/Plugins/Editor/LiveUpdateForSlate/LiveUpdateForSlate.uplugin" 135
"../../../Engine/Plugins/Online/OnlineServices/OnlineServices.uplugin" 136
"../../../Engine/Plugins/AI/MLAdapter/MLAdapter.uplugin" 137
"../../../Engine/Plugins/Messaging/UdpMessaging/UdpMessaging.uplugin" 138
"../../../Engine/Plugins/Editor/AssetReferenceRestrictions/AssetReferenceRestrictions.uplugin" 139
"../../../Engine/Plugins/Editor/ModelViewViewModelPreview/ModelViewViewModelPreview.uplugin" 140
"../../../Engine/Plugins/Editor/MobileLauncherProfileWizard/MobileLauncherProfileWizard.uplugin" 141
"../../../Engine/Plugins/Editor/AssetManagerEditor/AssetManagerEditor.uplugin" 142
"../../../Engine/Plugins/Editor/SequencerAnimTools/SequencerAnimTools.uplugin" 143
"../../../Engine/Plugins/Editor/GameplayTagsEditor/GameplayTagsEditor.uplugin" 144
"../../../Engine/Plugins/Editor/EditorScriptingUtilities/EditorScriptingUtilities.uplugin" 145
"../../../Engine/Plugins/Editor/AssetRegistryExport/AssetRegistryExport.uplugin" 146
"../../../Engine/Plugins/Editor/ConsoleVariablesEditor/ConsoleVariables.uplugin" 147
"../../../Engine/Plugins/Editor/CryptoKeys/CryptoKeys.uplugin" 148
"../../../Engine/Plugins/Editor/CurveEditorTools/CurveEditorTools.uplugin" 149
"../../../Engine/Plugins/Editor/UVEditor/UVEditor.uplugin" 150
"../../../Engine/Plugins/Editor/WorldPartitionHLODUtilities/WorldPartitionHLODUtilities.uplugin" 151
"../../../Engine/Plugins/Editor/ChangelistReview/ChangelistReview.uplugin" 152
"../../../Engine/Plugins/Editor/BlueprintHeaderView/BlueprintHeaderView.uplugin" 153
"../../../Engine/Plugins/Editor/StylusInput/StylusInput.uplugin" 154
"../../../Engine/Plugins/Editor/ProxyLODPlugin/ProxyLODPlugin.uplugin" 155
"../../../Engine/Plugins/Editor/WaveformEditor/WaveformEditor.uplugin" 156
"../../../Engine/Plugins/Editor/MacGraphicsSwitching/MacGraphicsSwitching.uplugin" 157
"../../../Engine/Plugins/Editor/PluginBrowser/PluginBrowser.uplugin" 158
"../../../Engine/Plugins/Editor/MakeCookedEditorAsDLC/MakeCookedEditorAsDLC.uplugin" 159
"../../../Engine/Plugins/Editor/GeometryMode/GeometryMode.uplugin" 160
"../../../Engine/Plugins/Editor/UMGWidgetPreview/UMGWidgetPreview.uplugin" 161
"../../../Engine/Plugins/Editor/LandscapePatch/LandscapePatch.uplugin" 162
"../../../Engine/Plugins/Editor/DataValidation/DataValidation.uplugin" 163
"../../../Engine/Plugins/Editor/ScriptableToolsEditorMode/ScriptableToolsEditorMode.uplugin" 164
"../../../Engine/Plugins/Editor/EditorSysConfigAssistant/EditorSysConfigAssistant.uplugin" 165
"../../../Engine/Plugins/Editor/SpeedTreeImporter/SpeedTreeImporter.uplugin" 166
"../../../Engine/Plugins/Editor/EngineAssetDefinitions/EngineAssetDefinitions.uplugin" 167
"../../../Engine/Plugins/Editor/SampleToolsEditorMode/SampleToolsEditorMode.uplugin" 168
"../../../Engine/Plugins/Editor/ColorGrading/ColorGrading.uplugin" 169
"../../../Engine/Plugins/Editor/ModelingToolsEditorMode/ModelingToolsEditorMode.uplugin" 170
"../../../Engine/Plugins/Editor/DisplayClusterLaunch/DisplayClusterLaunch.uplugin" 171
"../../../Engine/Plugins/Media/MediaPlate/MediaPlate.uplugin" 172
"../../../Engine/Plugins/Media/OpusDecoderElectra/OpusDecoderElectra.uplugin" 173
"../../../Engine/Plugins/Media/ElectraCDM/ElectraCDM.uplugin" 174
"../../../Engine/Plugins/Media/AvidDNxMedia/AvidDNxMedia.uplugin" 175
"../../../Engine/Plugins/Media/BlackmagicMedia/BlackmagicMedia.uplugin" 176
"../../../Engine/Plugins/Media/HAPMedia/HAPMedia.uplugin" 177
"../../../Engine/Plugins/Media/MJPEGDecoderElectra/MJPEGDecoderElectra.uplugin" 178
"../../../Engine/Plugins/Media/MfMedia/MfMedia.uplugin" 179
"../../../Engine/Plugins/Media/D3D12VideoDecodersElectra/D3D12VideoDecodersElectra.uplugin" 180
"../../../Engine/Plugins/Media/ElectraUtil/ElectraUtil.uplugin" 181
"../../../Engine/Plugins/Media/AvidDNxHDDecoderElectra/AvidDNxHDDecoderElectra.uplugin" 182
"../../../Engine/Plugins/Media/NDIMedia/NDIMedia.uplugin" 183
"../../../Engine/Plugins/Media/MediaCompositing/MediaCompositing.uplugin" 184
"../../../Engine/Plugins/Media/HardwareEncoders/HardwareEncoders.uplugin" 185
"../../../Engine/Plugins/Media/MediaViewer/MediaViewer.uplugin" 186
"../../../Engine/Plugins/Media/TimecodeSynchronizer/TimecodeSynchronizer.uplugin" 187
"../../../Engine/Plugins/Media/AndroidMedia/AndroidMedia.uplugin" 188
"../../../Engine/Plugins/Media/AppleProResMedia/AppleProResMedia.uplugin" 189
"../../../Engine/Plugins/Media/ElectraPlayer/ElectraPlayer.uplugin" 190
"../../../Engine/Plugins/Media/VPxDecoderElectra/VPxDecoderElectra.uplugin" 191
"../../../Engine/Plugins/Media/MediaPlayerEditor/MediaPlayerEditor.uplugin" 192
"../../../Engine/Plugins/Media/PixelCapture/PixelCapture.uplugin" 193
"../../../Engine/Plugins/Media/BinkMedia/BinkMedia.uplugin" 194
"../../../Engine/Plugins/Media/AppleProResDecoderElectra/AppleProResDecoderElectra.uplugin" 195
"../../../Engine/Plugins/Media/MediaFrameworkUtilities/MediaFrameworkUtilities.uplugin" 196
"../../../Engine/Plugins/Media/PixelStreaming/PixelStreaming.uplugin" 197
"../../../Engine/Plugins/Media/AudioCaptureTimecodeProvider/AudioCaptureTimecodeProvider.uplugin" 198
"../../../Engine/Plugins/Media/ImgMedia/ImgMedia.uplugin" 199
"../../../Engine/Plugins/Media/ElectraSubtitles/ElectraSubtitles.uplugin" 200
"../../../Engine/Plugins/Media/MediaIOFramework/MediaIOFramework.uplugin" 201
"../../../Engine/Plugins/Media/ElectraCodecs/ElectraCodecs.uplugin" 202
"../../../Engine/Plugins/Media/FlacDecoderElectra/FlacDecoderElectra.uplugin" 203
"../../../Engine/Plugins/Media/HAPDecoderElectra/HAPDecoderElectra.uplugin" 204
"../../../Engine/Plugins/Media/WmfMedia/WmfMedia.uplugin" 205
"../../../Engine/Plugins/Media/LinearTimecode/LinearTimecode.uplugin" 206
"../../../Engine/Plugins/Media/AvfMedia/AvfMedia.uplugin" 207
"../../../Engine/Plugins/Media/PixelStreaming2/PixelStreaming2.uplugin" 208
"../../../Engine/Plugins/Experimental/JWT/JWT.uplugin" 209
"../../../Engine/Plugins/Media/MediaMovieStreamer/MediaMovieStreamer.uplugin" 210
"../../../Engine/Plugins/Media/WebMMedia/WebMMedia.uplugin" 211
"../../../Engine/Plugins/Media/AndroidCamera/AndroidCamera.uplugin" 212
"../../../Engine/Plugins/Media/AjaMedia/AjaMedia.uplugin" 213
"../../../Engine/Plugins/Experimental/ChaosVehiclesPlugin/ChaosVehiclesPlugin.uplugin" 214
"../../../Engine/Plugins/Experimental/PlainPropsUObject/PlainPropsUObject.uplugin" 215
"../../../Engine/Plugins/Experimental/MovieSceneAnimMixer/MovieSceneAnimMixer.uplugin" 216
"../../../Engine/Plugins/Experimental/Dataflow/Dataflow.uplugin" 217
"../../../Engine/Plugins/Experimental/AsyncMessageSystem/AsyncMessageSystem.uplugin" 218
"../../../Engine/Plugins/Experimental/CommonConversation/CommonConversation.uplugin" 219
"../../../Engine/Plugins/Experimental/HairStrandsMutable/HairStrandsMutable.uplugin" 220
"../../../Engine/Plugins/Experimental/PanoramicCapture/PanoramicCapture.uplugin" 221
"../../../Engine/Plugins/Experimental/SlateIM/SlateIM.uplugin" 222
"../../../Engine/Plugins/Experimental/LocalizableMessage/LocalizableMessage.uplugin" 223
"../../../Engine/Plugins/Experimental/SubmitToolEditor/SubmitToolEditor.uplugin" 224
"../../../Engine/Plugins/Experimental/PluginAudit/PluginAudit.uplugin" 225
"../../../Engine/Plugins/Experimental/BlueprintSnapNodes/BlueprintSnapNodes.uplugin" 226
"../../../Engine/Plugins/Experimental/EditorTelemetry/EditorTelemetry.uplugin" 227
"../../../Engine/Plugins/Experimental/CodeEditor/CodeEditor.uplugin" 228
"../../../Engine/Plugins/Experimental/MotoSynth/MotoSynth.uplugin" 229
"../../../Engine/Plugins/Experimental/Mover/Mover.uplugin" 230
"../../../Engine/Plugins/Experimental/DrawDebugLibrary/DrawDebugLibrary.uplugin" 231
"../../../Engine/Plugins/Experimental/WebSocketMessaging/WebSocketMessaging.uplugin" 232
"../../../Engine/Plugins/Experimental/TechAudioTools/TechAudioTools.uplugin" 233
"../../../Engine/Plugins/Experimental/NNERuntimeCoreML/NNERuntimeCoreML.uplugin" 234
"../../../Engine/Plugins/Experimental/AutomationUtils/AutomationUtils.uplugin" 235
"../../../Engine/Plugins/Experimental/PluginTemplateTool/PluginTemplateTool.uplugin" 236
"../../../Engine/Plugins/Experimental/RuntimeTelemetry/RuntimeTelemetry.uplugin" 237
"../../../Engine/Plugins/Experimental/AnimToTexture/AnimToTexture.uplugin" 238
"../../../Engine/Plugins/Experimental/ActorPalette/ActorPalette.uplugin" 239
"../../../Engine/Plugins/Experimental/BackChannel/BackChannel.uplugin" 240
"../../../Engine/Plugins/Experimental/InEditorDocumentation/InEditorDocumentation.uplugin" 241
"../../../Engine/Plugins/Experimental/BlueprintStats/BlueprintStats.uplugin" 242
"../../../Engine/Plugins/Experimental/NNERuntimeBasicCpu/NNERuntimeBasicCpu.uplugin" 243
"../../../Engine/Plugins/Experimental/LevelSequenceNavigatorBridge/LevelSequenceNavigatorBridge.uplugin" 244
"../../../Engine/Plugins/Experimental/MoverExamples/MoverExamples.uplugin" 245
"../../../Engine/Plugins/Experimental/AvalancheSequenceNavigator/AvalancheSequenceNavigator.uplugin" 246
"../../../Engine/Plugins/Experimental/Water/Water.uplugin" 247
"../../../Engine/Plugins/Experimental/InlineMaterialInstance/InlineMaterialInstance.uplugin" 248
"../../../Engine/Plugins/Experimental/PixelStreamingPlayer/PixelStreamingPlayer.uplugin" 249
"../../../Engine/Plugins/Experimental/MutablePopulation/MutablePopulation.uplugin" 250
"../../../Engine/Plugins/Experimental/WidgetEditorToolPalette/WidgetEditorToolPalette.uplugin" 251
"../../../Engine/Plugins/Experimental/SkeletalReduction/SkeletalReduction.uplugin" 252
"../../../Engine/Plugins/Experimental/Iris/Iris.uplugin" 253
"../../../Engine/Plugins/Experimental/VirtualProductionUtilities/VirtualProductionUtilities.uplugin" 254
"../../../Engine/Plugins/Experimental/Buoyancy/Buoyancy.uplugin" 255
"../../../Engine/Plugins/Experimental/MoverAnimNext/MoverAnimNext.uplugin" 256
"../../../Engine/Plugins/Experimental/ChaosModularVehicleExamples/ChaosModularVehicleExamples.uplugin" 257
"../../../Engine/Plugins/Experimental/PSDImporterMaterialDesignerBridge/PSDImporterMaterialDesignerBridge.uplugin" 258
"../../../Engine/Plugins/Experimental/ChaosRigidAsset/ChaosRigidAsset.uplugin" 259
"../../../Engine/Plugins/Experimental/HairModelingToolset/HairModelingToolset.uplugin" 260
"../../../Engine/Plugins/Experimental/CinematicPrestreaming/CinematicPrestreaming.uplugin" 261
"../../../Engine/Plugins/Experimental/LowLevelNetTrace/LowLevelNetTrace.uplugin" 262
"../../../Engine/Plugins/Experimental/SlateModelViewViewModel/SlateModelViewViewModel.uplugin" 263
"../../../Engine/Plugins/Experimental/ChaosModularVehicle/ChaosModularVehicle.uplugin" 264
"../../../Engine/Plugins/Experimental/SequenceNavigator/SequenceNavigator.uplugin" 265
"../../../Engine/Plugins/Experimental/UserToolBoxBasicCommand/UserToolBoxBasicCommand.uplugin" 266
"../../../Engine/Plugins/Experimental/WaveFunctionCollapse/WaveFunctionCollapse.uplugin" 267
"../../../Engine/Plugins/Experimental/PythonScriptPlugin/PythonScriptPlugin.uplugin" 268
"../../../Engine/Plugins/Experimental/ChaosNiagara/ChaosNiagara.uplugin" 269
"../../../Engine/Plugins/Experimental/GameInputWindows/GameInputWindows.uplugin" 270
"../../../Engine/Plugins/Experimental/NaniteAssemblyEditorUtils/NaniteAssemblyEditorUtils.uplugin" 271
"../../../Engine/Plugins/Experimental/SubtitlesAndClosedCaptions/SubtitlesAndClosedCaptions.uplugin" 272
"../../../Engine/Plugins/Experimental/ChaosUserDataPT/ChaosUserDataPT.uplugin" 273
"../../../Engine/Plugins/Experimental/XRCreativeFramework/XRCreativeFramework.uplugin" 274
"../../../Engine/Plugins/Experimental/ToolPresets/ToolPresets.uplugin" 275
"../../../Engine/Plugins/Experimental/GeometryCacheAbcFile/GeometryCacheAbcFile.uplugin" 276
"../../../Engine/Plugins/Experimental/Landmass/Landmass.uplugin" 277
"../../../Engine/Plugins/Experimental/Workspace/Workspace.uplugin" 278
"../../../Engine/Plugins/Experimental/ChaosFlesh/ChaosFlesh.uplugin" 279
"../../../Engine/Plugins/Experimental/MetasoundExperimental/MetasoundExperimental.uplugin" 280
"../../../Engine/Plugins/Experimental/MovieScenePoseSearchTracks/MovieScenePoseSearchTracks.uplugin" 281
"../../../Engine/Plugins/Experimental/TetMeshing/TetMeshing.uplugin" 282
"../../../Engine/Plugins/Experimental/RigLogicMutable/RigLogicMutable.uplugin" 283
"../../../Engine/Plugins/Experimental/GeometryFlow/GeometryFlow.uplugin" 284
"../../../Engine/Plugins/Experimental/MLflow/MLflow.uplugin" 285
"../../../Engine/Plugins/Experimental/FieldSystemPlugin/FieldSystemPlugin.uplugin" 286
"../../../Engine/Plugins/Experimental/AbilitySystemGameFeatureActions/AbilitySystemGameFeatureActions.uplugin" 287
"../../../Engine/Plugins/Experimental/PluginReferenceViewer/PluginReferenceViewer.uplugin" 288
"../../../Engine/Plugins/Experimental/ChaosOutfitAsset/ChaosOutfitAsset.uplugin" 289
"../../../Engine/Plugins/Experimental/ProceduralVegetationEditor/ProceduralVegetationEditor.uplugin" 290
"../../../Engine/Plugins/Experimental/ChaosSolverPlugin/ChaosSolverPlugin.uplugin" 291
"../../../Engine/Plugins/Experimental/ImageWidgets/ImageWidgets.uplugin" 292
"../../../Engine/Plugins/Experimental/GameplayTargetingSystem/TargetingSystem.uplugin" 293
"../../../Engine/Plugins/Experimental/EditorDataStorageFeatures/EditorDataStorageFeatures.uplugin" 294
"../../../Engine/Plugins/Experimental/WaterExtras/WaterExtras.uplugin" 295
"../../../Engine/Plugins/Experimental/SerializationUtils/SerializationUtils.uplugin" 296
"../../../Engine/Plugins/Experimental/RenderGrid/RenderGrid.uplugin" 297
"../../../Engine/Plugins/Experimental/ImagePlate/ImagePlate.uplugin" 298
"../../../Engine/Plugins/Experimental/EvaluationNotifies/EvaluationNotifies.uplugin" 299
"../../../Engine/Plugins/Experimental/MoverIntegrations/MoverIntegrations.uplugin" 300
"../../../Engine/Plugins/Experimental/MoverTests/MoverTests.uplugin" 301
"../../../Engine/Plugins/Experimental/DaySequence/DaySequence.uplugin" 302
"../../../Engine/Plugins/Experimental/StateGraph/StateGraph.uplugin" 303
"../../../Engine/Plugins/Experimental/FastGeoStreaming/FastGeoStreaming.uplugin" 304
"../../../Engine/Plugins/Experimental/GPULightmass/GPULightmass.uplugin" 305
"../../../Engine/Plugins/Experimental/OpenImageDenoise/OpenImageDenoise.uplugin" 306
"../../../Engine/Plugins/Experimental/CinematicSequenceNavigator/CinematicSequenceNavigator.uplugin" 307
"../../../Engine/Plugins/Experimental/StructUtils/StructUtils.uplugin" 308
"../../../Engine/Plugins/Experimental/RigLogicUAF/RigLogicUAF.uplugin" 309
"../../../Engine/Plugins/Experimental/AdvancedRenamer/AdvancedRenamer.uplugin" 310
"../../../Engine/Plugins/Experimental/SurfaceEffects/SurfaceEffects.uplugin" 311
"../../../Engine/Plugins/Experimental/GameplayBehaviors/GameplayBehaviors.uplugin" 312
"../../../Engine/Plugins/Experimental/MutableClothing/MutableClothing.uplugin" 313
"../../../Engine/Plugins/Experimental/PythonFoundationPackages/PythonFoundationPackages.uplugin" 314
"../../../Engine/Plugins/Experimental/SimpleHMD/SimpleHMD.uplugin" 315
"../../../Engine/Plugins/Experimental/PCGBiomeCore/PCGBiomeCore.uplugin" 316
"../../../Engine/Plugins/Experimental/ChaosEditor/ChaosEditor.uplugin" 317
"../../../Engine/Plugins/Experimental/ImpostorBaker/ImpostorBaker.uplugin" 318
"../../../Engine/Plugins/Experimental/PythonMLPackages/PythonMLPackages.uplugin" 319
"../../../Engine/Plugins/Experimental/NNERuntimeRDG/NNERuntimeRDG.uplugin" 320
"../../../Engine/Plugins/Experimental/DynamicWind/DynamicWind.uplugin" 321
"../../../Engine/Plugins/Experimental/AvalancheDisplayCluster/AvalancheDisplayCluster.uplugin" 322
"../../../Engine/Plugins/Experimental/ControlRigPhysics/ControlRigPhysics.uplugin" 323
"../../../Engine/Plugins/Experimental/UserToolBoxCore/UserToolBoxCore.uplugin" 324
"../../../Engine/Plugins/Experimental/UIFramework/UIFramework.uplugin" 325
"../../../Engine/Plugins/Experimental/InstanceDataObjectFixupTool/InstanceDataObjectFixupTool.uplugin" 326
"../../../Engine/Plugins/Experimental/PlainProps/PlainProps.uplugin" 327
"../../../Engine/Plugins/Experimental/MediaStream/MediaStream.uplugin" 328
"../../../Engine/Plugins/Experimental/NaniteDisplacedMesh/NaniteDisplacedMesh.uplugin" 329
"../../../Engine/Plugins/Experimental/Tensorboard/Tensorboard.uplugin" 330
"../../../Engine/Plugins/Experimental/RemoteControlActorModifierBridge/RemoteControlActorModifierBridge.uplugin" 331
"../../../Engine/Plugins/Experimental/MeshResizing/MeshResizing.uplugin" 332
"../../../Engine/Plugins/Experimental/LiveLinkOpenVR/LiveLinkOpenVR.uplugin" 333
"../../../Engine/Plugins/Experimental/MeshModelingToolsetExp/MeshModelingToolsetExp.uplugin" 334
"../../../Engine/Plugins/Experimental/GizmoFramework/GizmoFramework.uplugin" 335
"../../../Engine/Plugins/Experimental/FloatingProperties/FloatingProperties.uplugin" 336
"../../../Engine/Plugins/Experimental/HairCardGenerator/HairCardGenerator.uplugin" 337
"../../../Engine/Plugins/Experimental/PSDImporter/PSDImporter.uplugin" 338
"../../../Engine/Plugins/Experimental/SecuritySandbox/SecuritySandbox.uplugin" 339
"../../../Engine/Plugins/Experimental/Volumetrics/Volumetrics.uplugin" 340
"../../../Engine/Plugins/Experimental/TextToSpeech/TextToSpeech.uplugin" 341
"../../../Engine/Plugins/Experimental/TargetDeviceServicesScripting/TargetDeviceServicesScripting.uplugin" 342
"../../../Engine/Plugins/Experimental/EditorPerformance/EditorPerformance.uplugin" 343
"../../../Engine/Plugins/Experimental/RemoteSession/RemoteSession.uplugin" 344
"../../../Engine/Plugins/Experimental/DefaultInstallBundleManager/DefaultInstallBundleManager.uplugin" 345
"../../../Engine/Plugins/Experimental/ControlFlows/ControlFlows.uplugin" 346
"../../../Engine/Plugins/Experimental/QuicMessaging/QuicMessaging.uplugin" 347
"../../../Engine/Plugins/Experimental/PlatformCrypto/PlatformCrypto.uplugin" 348
"../../../Engine/Plugins/Experimental/Gauntlet/Gauntlet.uplugin" 349
"../../../Engine/Plugins/Experimental/RazerChromaDevices/RazerChromaDevices.uplugin" 350
"../../../Engine/Plugins/Experimental/ChaosCaching/ChaosCaching.uplugin" 351
"../../../Engine/Plugins/Experimental/AIAssistant/AIAssistant.uplugin" 352
"../../../Engine/Plugins/Experimental/EditorDataStorage/EditorDataStorage.uplugin" 353
"../../../Engine/Plugins/Experimental/ChaosCachingUSD/ChaosCachingUSD.uplugin" 354
"../../../Engine/Plugins/Experimental/FullBodyIK/FullBodyIK.uplugin" 355
"../../../Engine/Plugins/Experimental/CineCameraSceneCapture/CineCameraSceneCapture.uplugin" 356
"../../../Engine/Plugins/Experimental/GameplayGraph/GameplayGraph.uplugin" 357
"../../../Engine/Plugins/Experimental/WebSocketNetworking/WebSocketNetworking.uplugin" 358
"../../../Engine/Plugins/Experimental/ChaosClothEditor/ChaosClothEditor.uplugin" 359
"../../../Engine/Plugins/Experimental/ColorCorrectRegions/ColorCorrectRegions.uplugin" 360
"../../../Engine/Plugins/Experimental/GeometryCacheLevelSequenceBaker/GeometryCacheLevelSequenceBaker.uplugin" 361
"../../../Engine/Plugins/Experimental/InteractionInterface/InteractionInterface.uplugin" 362
"../../../Engine/Plugins/Experimental/WaterAdvanced/WaterAdvanced.uplugin" 363
"../../../Engine/Plugins/Experimental/ChaosMover/ChaosMover.uplugin" 364
"../../../Engine/Plugins/Experimental/MutableDataflow/MutableDataflow.uplugin" 365
"../../../Engine/Plugins/Experimental/ScreenReader/ScreenReader.uplugin" 366
"../../../Engine/Plugins/Experimental/SlateScreenReader/SlateScreenReader.uplugin" 367
"../../../Engine/Plugins/Experimental/VirtualHeightfieldMesh/VirtualHeightfieldMesh.uplugin" 368
"../../../Engine/Plugins/Experimental/PostProcessMaterialChainGraph/PostProcessMaterialChainGraph.uplugin" 369
"../../../Engine/Plugins/Experimental/PCGBiomeSample/PCGBiomeSample.uplugin" 370
"../../../Engine/Plugins/Experimental/NeuralRendering/NeuralRendering.uplugin" 371
"../../../Engine/Plugins/Experimental/RemoteControlComponents/RemoteControlComponents.uplugin" 372
"../../../Engine/Plugins/Experimental/GizmoEdMode/GizmoEdMode.uplugin" 373
"../../../Engine/Plugins/Experimental/CharacterAI/CharacterAI.uplugin" 374
"../../../Engine/Plugins/Experimental/OptiXDenoise/OptiXDenoise.uplugin" 375
"../../../Engine/Plugins/Experimental/LearningAgents/LearningAgents.uplugin" 376
"../../../Engine/Plugins/Experimental/CineCameraRigs/CineCameraRigs.uplugin" 377
"../../../Engine/Plugins/Experimental/DynamicMaterialMediaStreamBridge/DynamicMaterialMediaStreamBridge.uplugin" 378
"../../../Engine/Plugins/Experimental/CelestialVault/CelestialVault.uplugin" 379
"../../../Engine/Plugins/Experimental/PhysicsControl/PhysicsControl.uplugin" 380
"../../../Engine/Plugins/Experimental/LiveLinkFaceImporter/LiveLinkFaceImporter.uplugin" 381
"../../../Engine/Plugins/Importers/USDImporterMDL/USDImporterMDL.uplugin" 382
"../../../Engine/Plugins/Experimental/RawInput/RawInput.uplugin" 383
"../../../Engine/Plugins/Experimental/AsyncMessageSystemTests/AsyncMessageSystemTests.uplugin" 384
"../../../Engine/Plugins/Experimental/PlanarCutPlugin/PlanarCut.uplugin" 385
"../../../Engine/Plugins/Experimental/GlobalConfigurationData/GlobalConfigurationData.uplugin" 386
"../../../Engine/Plugins/Experimental/NFORDenoise/NFORDenoise.uplugin" 387
"../../../Engine/Plugins/Experimental/Shotgrid/Shotgrid.uplugin" 388
"../../../Engine/Plugins/Experimental/LiveLinkControlRig/LiveLinkControlRig.uplugin" 389
"../../../Engine/Plugins/Experimental/GeometryCollectionPlugin/GeometryCollectionPlugin.uplugin" 390
"../../../Engine/Plugins/Experimental/PlainPropsEngine/PlainPropsEngine.uplugin" 391
"../../../Engine/Plugins/Experimental/SpatialReadiness/SpatialReadiness.uplugin" 392
"../../../Engine/Plugins/Experimental/CodeView/CodeView.uplugin" 393
"../../../Engine/Plugins/Experimental/Fracture/Fracture.uplugin" 394
"../../../Engine/Plugins/Experimental/NNERuntimeIREE/NNERuntimeIREE.uplugin" 395
"../../../Engine/Plugins/Experimental/MotorSimOutputMotoSynth/MotorSimOutputMotoSynth.uplugin" 396
"../../../Engine/Plugins/PCGInterops/PCGGeometryScriptInterop/PCGGeometryScriptInterop.uplugin" 397
"../../../Engine/Plugins/Enterprise/DatasmithC4DImporter/DatasmithC4DImporter.uplugin" 398
"../../../Engine/Plugins/PCGInterops/PCGExternalDataInterop/PCGExternalDataInterop.uplugin" 399
"../../../Engine/Plugins/Enterprise/DataprepEditor/DataprepEditor.uplugin" 400
"../../../Engine/Plugins/Experimental/GeometryDataflow/GeometryDataflow.uplugin" 401
"../../../Engine/Plugins/Enterprise/GLTFExporter/GLTFExporter.uplugin" 402
"../../../Engine/Plugins/Enterprise/VariantManager/VariantManager.uplugin" 403
"../../../Engine/Plugins/Enterprise/DatasmithCADImporter/DatasmithCADImporter.uplugin" 404
"../../../Engine/Plugins/Enterprise/VariantManagerContent/VariantManagerContent.uplugin" 405
"../../../Engine/Plugins/Enterprise/DatasmithContent/DatasmithContent.uplugin" 406
"../../../Engine/Plugins/Enterprise/AxFImporter/AxFImporter.uplugin" 407
"../../../Engine/Plugins/Enterprise/DatasmithFBXImporter/DatasmithFBXImporter.uplugin" 408
"../../../Engine/Plugins/PCGInterops/PCGPythonInterop/PCGPythonInterop.uplugin" 409
"../../../Engine/Plugins/Enterprise/LidarPointCloud/LidarPointCloud.uplugin" 410
"../../../Engine/Plugins/Enterprise/DatasmithImporter/DatasmithImporter.uplugin" 411
"../../../Engine/Plugins/Enterprise/MDLImporter/MDLImporter.uplugin" 412
"../../../Engine/Plugins/VirtualProduction/Text3D/Text3D.uplugin" 413
"../../../Engine/Plugins/VirtualProduction/StormSyncAvalancheBridge/StormSyncAvalancheBridge.uplugin" 414
"../../../Engine/Plugins/VirtualProduction/RemoteControlProtocolMIDI/RemoteControlProtocolMIDI.uplugin" 415
"../../../Engine/Plugins/VirtualProduction/GeometryMask/GeometryMask.uplugin" 416
"../../../Engine/Plugins/VirtualProduction/ClonerEffector/ClonerEffector.uplugin" 417
"../../../Engine/Plugins/VirtualProduction/ICVFX/ICVFX.uplugin" 418
"../../../Engine/Plugins/VirtualProduction/CameraCalibration/CameraCalibration.uplugin" 419
"../../../Engine/Plugins/VirtualProduction/CustomDetailsView/CustomDetailsView.uplugin" 420
"../../../Engine/Plugins/VirtualProduction/LevelSnapshots/LevelSnapshots.uplugin" 421
"../../../Engine/Plugins/VirtualProduction/LiveLinkOpenTrackIO/LiveLinkOpenTrackIO.uplugin" 422
"../../../Engine/Plugins/VirtualProduction/VirtualCameraCore/VirtualCameraCore.uplugin" 423
"../../../Engine/Plugins/VirtualProduction/LiveLinkVRPN/LiveLinkVRPN.uplugin" 424
"../../../Engine/Plugins/VirtualProduction/CompositePlane/CompositePlane.uplugin" 425
"../../../Engine/Plugins/VirtualProduction/RemoteControlInterception/RemoteControlInterception.uplugin" 426
"../../../Engine/Plugins/VirtualProduction/DataCharts/DataCharts.uplugin" 427
"../../../Engine/Plugins/VirtualProduction/LiveLinkFreeD/LiveLinkFreeD.uplugin" 428
"../../../Engine/Plugins/VirtualProduction/SceneStateDataLink/SceneStateDataLink.uplugin" 429
"../../../Engine/Plugins/VirtualProduction/Takes/Takes.uplugin" 430
"../../../Engine/Plugins/VirtualProduction/CaptureData/CaptureData.uplugin" 431
"../../../Engine/Plugins/VirtualProduction/DataLink/DataLink.uplugin" 432
"../../../Engine/Plugins/VirtualProduction/AvalancheDataLink/AvalancheDataLink.uplugin" 433
"../../../Engine/Plugins/VirtualProduction/PropertyAnimator/PropertyAnimator.uplugin" 434
"../../../Engine/Plugins/VirtualProduction/DataLinkOAuth/DataLinkOAuth.uplugin" 435
"../../../Engine/Plugins/VirtualProduction/AvalancheSceneState/AvalancheSceneState.uplugin" 436
"../../../Engine/Plugins/VirtualProduction/RemoteControlWebInterface/RemoteControlWebInterface.uplugin" 437
"../../../Engine/Plugins/VirtualProduction/StormSync/StormSync.uplugin" 438
"../../../Engine/Plugins/VirtualProduction/SequencerPlaylists/SequencerPlaylists.uplugin" 439
"../../../Engine/Plugins/VirtualProduction/ICVFXTesting/ICVFXTesting.uplugin" 440
"../../../Engine/Plugins/VirtualProduction/LiveLinkXR/LiveLinkXR.uplugin" 441
"../../../Engine/Plugins/VirtualProduction/CameraCalibrationML/CameraCalibrationML.uplugin" 442
"../../../Engine/Plugins/VirtualProduction/EpicStageApp/EpicStageApp.uplugin" 443
"../../../Engine/Plugins/VirtualProduction/VirtualScouting/VirtualScouting.uplugin" 444
"../../../Engine/Plugins/VirtualProduction/VirtualCamera/VirtualCamera.uplugin" 445
"../../../Engine/Plugins/VirtualProduction/ActorModifierCore/ActorModifierCore.uplugin" 446
"../../../Engine/Plugins/VirtualProduction/OperatorStack/OperatorStack.uplugin" 447
"../../../Engine/Plugins/VirtualProduction/StageMonitoring/StageMonitoring.uplugin" 448
"../../../Engine/Plugins/VirtualProduction/Avalanche/Avalanche.uplugin" 449
"../../../Engine/Plugins/VirtualProduction/CameraCalibrationCore/CameraCalibrationCore.uplugin" 450
"../../../Engine/Plugins/VirtualProduction/TimedDataMonitor/TimedDataMonitor.uplugin" 451
"../../../Engine/Plugins/VirtualProduction/LiveLinkCamera/LiveLinkCamera.uplugin" 452
"../../../Engine/Plugins/VirtualProduction/CinematicAssemblyTools/CinematicAssemblyTools.uplugin" 453
"../../../Engine/Plugins/VirtualProduction/MultiUserTakes/MultiUserTakes.uplugin" 454
"../../../Engine/Plugins/VirtualProduction/LiveLinkLens/LiveLinkLens.uplugin" 455
"../../../Engine/Plugins/VirtualProduction/RemoteControlProtocolDMX/RemoteControlProtocolDMX.uplugin" 456
"../../../Engine/Plugins/VirtualProduction/Switchboard/Switchboard.uplugin" 457
"../../../Engine/Plugins/VirtualProduction/ActorModifier/ActorModifier.uplugin" 458
"../../../Engine/Plugins/VirtualProduction/PerformanceCaptureWorkflow/PerformanceCaptureWorkflow.uplugin" 459
"../../../Engine/Plugins/VirtualProduction/RemoteControl/RemoteControl.uplugin" 460
"../../../Engine/Plugins/VirtualProduction/LiveLinkInputDevice/LiveLinkInputDevice.uplugin" 461
"../../../Engine/Plugins/VirtualProduction/LiveLinkPrestonMDR/LiveLinkPrestonMDR.uplugin" 462
"../../../Engine/Plugins/VirtualProduction/RemoteControlProtocolOSC/RemoteControlProtocolOSC.uplugin" 463
"../../../Engine/Plugins/VirtualProduction/SVGImporter/SVGImporter.uplugin" 464
"../../../Engine/Plugins/VirtualProduction/SceneState/SceneState.uplugin" 465
"../../../Engine/Plugins/VirtualProduction/TextureShare/TextureShare.uplugin" 466
"../../../Engine/Plugins/FX/NiagaraNanite/NiagaraNanite.uplugin" 467
"../../../Engine/Plugins/VirtualProduction/PropertyAnimatorCore/PropertyAnimatorCore.uplugin" 468
"../../../Engine/Plugins/VirtualProduction/DynamicMaterial/DynamicMaterial.uplugin" 469
"../../../Engine/Plugins/VirtualProduction/LiveLinkMasterLockit/LiveLinkMasterLockit.uplugin" 470
"../../../Engine/Plugins/FX/NiagaraSimCaching/NiagaraSimCaching.uplugin" 471
"../../../Engine/Plugins/VirtualProduction/LensComponent/LensComponent.uplugin" 472
"../../../Engine/Plugins/FX/Cascade/Cascade.uplugin" 473
"../../../Engine/Plugins/FX/NiagaraPreviewContent/NiagaraPreviewContent.uplugin" 474
"../../../Engine/Plugins/FX/Niagara/Niagara.uplugin" 475
"../../../Engine/Plugins/FX/CascadeToNiagaraConverter/CascadeToNiagaraConverter.uplugin" 476
"../../../Engine/Plugins/FX/NiagaraFluids/NiagaraFluids.uplugin" 477
"../../../Engine/Plugins/Web/HttpBlueprint/HttpBlueprint.uplugin" 478
"../../../Engine/Plugins/Runtime/ZoneGraphAnnotations/ZoneGraphAnnotations.uplugin" 479
"../../../Engine/Plugins/Runtime/NetworkPrediction/NetworkPrediction.uplugin" 480
"../../../Engine/Plugins/FX/ExampleCustomDataInterface/ExampleCustomDataInterface.uplugin" 481
"../../../Engine/Plugins/Marketplace/FabLauncher/FabLauncher.uplugin" 482
"../../../Engine/Plugins/FX/NiagaraMRQ/NiagaraMRQ.uplugin" 483
"../../../Engine/Plugins/Runtime/USDCore/USDCore.uplugin" 484
"../../../Engine/Plugins/Runtime/CableComponent/CableComponent.uplugin" 485
"../../../Engine/Plugins/Runtime/AndroidBackgroundService/AndroidBackgroundService.uplugin" 486
"../../../Engine/Plugins/Runtime/WarpUtils/WarpUtils.uplugin" 487
"../../../Engine/Plugins/Runtime/ExternalGPUStatistics/ExternalGPUStatistics.uplugin" 488
"../../../Engine/Plugins/Runtime/InputDebugging/InputDebugging.uplugin" 489
"../../../Engine/Plugins/Runtime/Spatialization/Spatialization.uplugin" 490
"../../../Engine/Plugins/Runtime/Harmonix/Harmonix.uplugin" 491
"../../../Engine/Plugins/Runtime/ProceduralMeshComponent/ProceduralMeshComponent.uplugin" 492
"../../../Engine/Plugins/Runtime/SoundFields/SoundFields.uplugin" 493
"../../../Engine/Plugins/Runtime/ModelViewViewModel/ModelViewViewModel.uplugin" 494
"../../../Engine/Plugins/Runtime/AssetTags/AssetTags.uplugin" 495
"../../../Engine/Plugins/Runtime/WebMMoviePlayer/WebMMoviePlayer.uplugin" 496
"../../../Engine/Plugins/Runtime/SunPosition/SunPosition.uplugin" 497
"../../../Engine/Plugins/Runtime/AndroidFileServer/AndroidFileServer.uplugin" 498
"../../../Engine/Plugins/Runtime/WebBrowserNativeProxy/WebBrowserNativeProxy.uplugin" 499
"../../../Engine/Plugins/Runtime/ResonanceAudio/ResonanceAudio.uplugin" 500
"../../../Engine/Plugins/Runtime/InstancedActors/InstancedActors.uplugin" 501
"../../../Engine/Plugins/Runtime/MixedRealityCaptureFramework/MixedRealityCaptureFramework.uplugin" 502
"../../../Engine/Plugins/Runtime/OpenXR/OpenXR.uplugin" 503
"../../../Engine/Plugins/Runtime/MassGameplay/MassGameplay.uplugin" 504
"../../../Engine/Plugins/Runtime/RigVM/RigVM.uplugin" 505
"../../../Engine/Plugins/Runtime/OSC/OSC.uplugin" 506
"../../../Engine/Plugins/Runtime/WindowsDeviceProfileSelector/WindowsDeviceProfileSelector.uplugin" 507
"../../../Engine/Plugins/Runtime/LocationServicesIOSImpl/LocationServicesIOSImpl.uplugin" 508
"../../../Engine/Plugins/Runtime/ScriptableToolsFramework/ScriptableToolsFramework.uplugin" 509
"../../../Engine/Plugins/Runtime/MusicEnvironment/MusicEnvironment.uplugin" 510
"../../../Engine/Plugins/Runtime/WebBrowserWidget/WebBrowserWidget.uplugin" 511
"../../../Engine/Plugins/Runtime/Soundscape/Soundscape.uplugin" 512
"../../../Engine/Plugins/Runtime/NavCorridor/NavCorridor.uplugin" 513
"../../../Engine/Plugins/Runtime/ApexDestruction/ApexDestruction.uplugin" 514
"../../../Engine/Plugins/Runtime/AudioWidgets/AudioWidgets.uplugin" 515
"../../../Engine/Plugins/Runtime/DataRegistry/DataRegistry.uplugin" 516
"../../../Engine/Plugins/Runtime/AndroidMoviePlayer/AndroidMoviePlayer.uplugin" 517
"../../../Engine/Plugins/Runtime/ActorLayerUtilities/ActorLayerUtilities.uplugin" 518
"../../../Engine/Plugins/Runtime/IOSReplayKit/IOSReplayKit.uplugin" 519
"../../../Engine/Plugins/Runtime/PropertyBindingUtils/PropertyBindingUtils.uplugin" 520
"../../../Engine/Plugins/Runtime/CustomMeshComponent/CustomMeshComponent.uplugin" 521
"../../../Engine/Plugins/Runtime/OpenXREyeTracker/OpenXREyeTracker.uplugin" 522
"../../../Engine/Plugins/Runtime/AndroidPermission/AndroidPermission.uplugin" 523
"../../../Engine/Plugins/Runtime/LiveLinkOvernDisplay/LiveLinkOverNDisplay.uplugin" 524
"../../../Engine/Plugins/Runtime/Synthesis/Synthesis.uplugin" 525
"../../../Engine/Plugins/Runtime/LevelStreamingPersistence/LevelStreamingPersistence.uplugin" 526
"../../../Engine/Plugins/Runtime/ModularGameplay/ModularGameplay.uplugin" 527
"../../../Engine/Plugins/Runtime/PropertyAccess/PropertyAccessEditor.uplugin" 528
"../../../Engine/Plugins/Runtime/GooglePAD/GooglePAD.uplugin" 529
"../../../Engine/Plugins/Runtime/SoundUtilities/SoundUtilities.uplugin" 530
"../../../Engine/Plugins/Runtime/ReplicationGraph/ReplicationGraph.uplugin" 531
"../../../Engine/Plugins/Runtime/LocationServicesAndroidImpl/LocationServicesAndroidImpl.uplugin" 532
"../../../Engine/Plugins/Runtime/SoundCueTemplates/SoundCueTemplates.uplugin" 533
"../../../Engine/Plugins/Runtime/MobilePatchingUtils/MobilePatchingUtils.uplugin" 534
"../../../Engine/Plugins/Runtime/SmartObjects/SmartObjects.uplugin" 535
"../../../Engine/Plugins/Runtime/Firebase/Firebase.uplugin" 536
"../../../Engine/Plugins/Runtime/PreLoadScreenMoviePlayer/PreLoadScreenMoviePlayer.uplugin" 537
"../../../Engine/Plugins/Runtime/SoundMod/SoundMod.uplugin" 538
"../../../Engine/Plugins/Runtime/AudioMotorSim/AudioMotorSim.uplugin" 539
"../../../Engine/Plugins/Runtime/WindowsMoviePlayer/WindowsMoviePlayer.uplugin" 540
"../../../Engine/Plugins/Runtime/HPMotionController/HPMotionController.uplugin" 541
"../../../Engine/Plugins/Runtime/HairStrands/HairStrands.uplugin" 542
"../../../Engine/Plugins/Runtime/OpenCV/OpenCV.uplugin" 543
"../../../Engine/Plugins/Runtime/HTTPChunkInstaller/HTTPChunkInstaller.uplugin" 544
"../../../Engine/Plugins/Runtime/GeometryScripting/GeometryScripting.uplugin" 545
"../../../Engine/Plugins/Runtime/ADM/ADM.uplugin" 546
"../../../Engine/Plugins/Runtime/ComputeFramework/ComputeFramework.uplugin" 547
"../../../Engine/Plugins/Runtime/WorldConditions/WorldConditions.uplugin" 548
"../../../Engine/Plugins/Runtime/GameplayBehaviorSmartObjects/GameplayBehaviorSmartObjects.uplugin" 549
"../../../Engine/Plugins/Runtime/ReplicationSystemTestPlugin/ReplicationSystemTestPlugin.uplugin" 550
"../../../Engine/Plugins/Runtime/ZoneGraph/ZoneGraph.uplugin" 551
"../../../Engine/Plugins/Runtime/CommonUI/CommonUI.uplugin" 552
"../../../Engine/Plugins/Runtime/MsQuic/MsQuic.uplugin" 553
"../../../Engine/Plugins/Runtime/nDisplay/nDisplay.uplugin" 554
"../../../Engine/Plugins/Runtime/AudioCapture/AudioCapture.uplugin" 555
"../../../Engine/Plugins/Runtime/XRBase/XRBase.uplugin" 556
"../../../Engine/Plugins/Runtime/OptionalMobileFeaturesBPLibrary/OptionalMobileFeaturesBPLibrary.uplugin" 557
"../../../Engine/Plugins/Runtime/MeshModelingToolset/MeshModelingToolset.uplugin" 558
"../../../Engine/Plugins/Runtime/NetworkPredictionExtras/NetworkPredictionExtras.uplugin" 559
"../../../Engine/Plugins/Runtime/ChunkDownloader/ChunkDownloader.uplugin" 560
"../../../Engine/Plugins/Runtime/SignificanceManager/SignificanceManager.uplugin" 561
"../../../Engine/Plugins/Runtime/MIDIDevice/MIDIDevice.uplugin" 562
"../../../Engine/Plugins/Runtime/GameplayAbilities/GameplayAbilities.uplugin" 563
"../../../Engine/Plugins/Runtime/ExampleDeviceProfileSelector/ExampleDeviceProfileSelector.uplugin" 564
"../../../Engine/Plugins/Runtime/nDisplayModularFeatures/nDisplayModularFeatures.uplugin" 565
"../../../Engine/Plugins/Runtime/NetworkPredictionInsights/NetworkPredictionInsights.uplugin" 566
"../../../Engine/Plugins/Runtime/GameplayInteractions/GameplayInteractions.uplugin" 567
"../../../Engine/Plugins/Runtime/AudioModulation/AudioModulation.uplugin" 568
"../../../Engine/Plugins/Runtime/WaveTable/WaveTable.uplugin" 569
"../../../Engine/Plugins/Runtime/GeoReferencing/GeoReferencing.uplugin" 570
"../../../Engine/Plugins/Runtime/AudioSynesthesia/AudioSynesthesia.uplugin" 571
"../../../Engine/Plugins/Runtime/AppleImageUtils/AppleImageUtils.uplugin" 572
"../../../Engine/Plugins/Runtime/GameFeatures/GameFeatures.uplugin" 573
"../../../Engine/Plugins/Runtime/OpenXRHandTracking/OpenXRHandTracking.uplugin" 574
"../../../Engine/Plugins/Runtime/StateTree/StateTree.uplugin" 575
"../../../Engine/Plugins/Runtime/IOSDeviceProfileSelector/IOSDeviceProfileSelector.uplugin" 576
"../../../Engine/Plugins/Runtime/SkeletalMerging/SkeletalMerging.uplugin" 577
"../../../Engine/Plugins/Runtime/AppleMoviePlayer/AppleMoviePlayer.uplugin" 578
"../../../Engine/Plugins/Runtime/HDRIBackdrop/HDRIBackdrop.uplugin" 579
"../../../Engine/Plugins/Runtime/GeometryProcessing/GeometryProcessing.uplugin" 580
"../../../Engine/Plugins/Runtime/LinuxDeviceProfileSelector/LinuxDeviceProfileSelector.uplugin" 581
"../../../Engine/Plugins/Runtime/GeometryCache/GeometryCache.uplugin" 582
"../../../Engine/Plugins/Runtime/OpenXRMsftHandInteraction/OpenXRMsftHandInteraction.uplugin" 583
"../../../Engine/Plugins/Runtime/LocationServicesBPLibrary/LocationServicesBPLibrary.uplugin" 584
"../../../Engine/Plugins/Runtime/AndroidDeviceProfileSelector/AndroidDeviceProfileSelector.uplugin" 585
"../../../Engine/Plugins/Runtime/Metasound/Metasound.uplugin" 586
"../../../Engine/Plugins/Runtime/RenderTrace/RenderTrace.uplugin" 587
"../../../Engine/Plugins/Runtime/ArchVisCharacter/ArchVisCharacter.uplugin" 588
"../../../Engine/Plugins/Runtime/GameInput/GameInput.uplugin" 589
"../../../Engine/Plugins/Runtime/GoogleCloudMessaging/GoogleCloudMessaging.uplugin" 590
"../../../Engine/Plugins/Runtime/MassEntity/MassEntity.uplugin" 591
"../../../Engine/Plugins/Runtime/OpenXRViveTracker/OpenXRViveTracker.uplugin" 592
"../../../Engine/Plugins/Runtime/MultiServerReplication/MultiServerReplication.uplugin" 593
"../../../Engine/Plugins/Tests/RHITests/RHITests.uplugin" 594
"../../../Engine/Plugins/NNE/NNERuntimeORT/NNERuntimeORT.uplugin" 595
"../../../Engine/Plugins/Runtime/AnimationBudgetAllocator/AnimationBudgetAllocator.uplugin" 596
"../../../Engine/Plugins/Runtime/MicrosoftSpatialAudio/MicroSoftSpatialSound.uplugin" 597
"../../../Engine/Plugins/Runtime/GameplayStateTree/GameplayStateTree.uplugin" 598
"../../../Engine/Plugins/Tests/FbxAutomationTestBuilder/FbxAutomationTestBuilder.uplugin" 599
"../../../Engine/Plugins/Tests/EditorTests/EditorTests.uplugin" 600
"../../../Engine/Plugins/Tests/TestSamples/TestSamples.uplugin" 601
"../../../Engine/Plugins/Tests/AudioCQTests/AudioCQTests.uplugin" 602
"../../../Engine/Plugins/NNE/NNEDenoiser/NNEDenoiser.uplugin" 603
"../../../Engine/Plugins/Tests/AutomationDriverTests/AutomationDriverTests.uplugin" 604
"../../../Engine/Plugins/Tests/WidgetAutomationTests/WidgetAutomationTests.uplugin" 605
"../../../Engine/Plugins/Tests/InterchangeTests/InterchangeTests.uplugin" 606
"../../../Engine/Plugins/Tests/CQTestEnhancedInput/CQTestEnhancedInput.uplugin" 607
"../../../Engine/Plugins/Tests/CQTest/CQTest.uplugin" 608
"../../../Engine/Plugins/Tests/RuntimeTests/RuntimeTests.uplugin" 609
"../../../Engine/Plugins/Tests/PythonAutomationTest/PythonAutomationTest.uplugin" 610
"../../../Engine/Plugins/Tests/FunctionalTestingEditor/FunctionalTestingEditor.uplugin" 611
"../../../Engine/Plugins/Tests/CQTestExperimental/CQTestExperimental.uplugin" 612
"../../../Engine/Plugins/Tests/TestFramework/TestFramework.uplugin" 613
"../../../Engine/Plugins/Interchange/Editor/InterchangeEditor.uplugin" 614
"../../../Engine/Plugins/Interchange/Assets/InterchangeAssets.uplugin" 615
"../../../Engine/Plugins/Interchange/Runtime/Interchange.uplugin" 616
"../../../Engine/Plugins/Animation/LiveLinkExampleDevice/LiveLinkExampleDevice.uplugin" 617
"../../../Engine/Plugins/Animation/EaseCurveTool/EaseCurveTool.uplugin" 618
"../../../Engine/Plugins/Animation/BlendSpaceMotionAnalysis/BlendSpaceMotionAnalysis.uplugin" 619
"../../../Engine/Plugins/Animation/LiveLinkDevice/LiveLinkDevice.uplugin" 620
"../../../Engine/Plugins/Animation/ControlRigSpline/ControlRigSpline.uplugin" 621
"../../../Engine/Plugins/Animation/BlendStack/BlendStack.uplugin" 622
"../../../Engine/Plugins/Animation/LiveLink/LiveLink.uplugin" 623
"../../../Engine/Plugins/Animation/GameplayInsights/GameplayInsights.uplugin" 624
"../../../Engine/Plugins/Animation/TweeningUtils/TweeningUtils.uplugin" 625
"../../../Engine/Plugins/Animation/ACLPlugin/ACLPlugin.uplugin" 626
"../../../Engine/Plugins/Animation/MotionWarping/MotionWarping.uplugin" 627
"../../../Engine/Plugins/Animation/AnimationWarping/AnimationWarping.uplugin" 628
"../../../Engine/Plugins/Animation/LiveLinkCurveDebugUI/LiveLinkCurveDebugUI.uplugin" 629
"../../../Engine/Plugins/Animation/LiveLinkHub/LiveLinkHub.uplugin" 630
"../../../Engine/Plugins/Animation/PoseSearch/PoseSearch.uplugin" 631
"../../../Engine/Plugins/Animation/GeneSplicer/GeneSplicer.uplugin" 632
"../../../Engine/Plugins/Animation/ControlRig/ControlRig.uplugin" 633
"../../../Engine/Plugins/Animation/SkeletalMeshModelingTools/SkeletalMeshModelingTools.uplugin" 634
"../../../Engine/Plugins/Animation/ControlRigModules/ControlRigModules.uplugin" 635
"../../../Engine/Plugins/Animation/IKRig/IKRig.uplugin" 636
"../../../Engine/Plugins/Animation/DeformerGraph/DeformerGraph.uplugin" 637
"../../../Engine/Plugins/Animation/AnimatorKit/AnimatorKit.uplugin" 638
"../../../Engine/Plugins/Animation/LiveLinkUnrealDevice/LiveLinkUnrealDevice.uplugin" 639
"../../../Engine/Plugins/Animation/AnimationLocomotionLibrary/AnimationLocomotionLibrary.uplugin" 640
"../../../Engine/Plugins/Animation/PerformanceCaptureCore/PerformanceCaptureCore.uplugin" 641
"../../../Engine/Plugins/Animation/RigLogic/RigLogic.uplugin" 642
"../../../Engine/Plugins/Animation/AnimationModifierLibrary/AnimationModifierLibrary.uplugin" 643
"../../../Engine/Plugins/Cameras/CameraShakePreviewer/CameraShakePreviewer.uplugin" 644
"../../../Engine/Plugins/Slate/SlateScripting/SlateScripting.uplugin" 645
"../../../Engine/Plugins/Animation/AnimationData/AnimationData.uplugin" 646
"../../../Engine/Plugins/Cameras/GameplayCameras/GameplayCameras.uplugin" 647
"../../../Engine/Plugins/Animation/DNACalib/DNACalib.uplugin" 648
"../../../Engine/Plugins/Cameras/EngineCameras/EngineCameras.uplugin" 649
"../../../Engine/Plugins/NetcodeUnitTest/NetcodeUnitTest/NetcodeUnitTest.uplugin" 650
"../../../Engine/Plugins/Slate/SlateInsights/SlateInsights.uplugin" 651
"../../../Engine/Plugins/NetcodeUnitTest/NUTUnrealEngine/NUTUnrealEngine.uplugin" 652
"../../../Engine/Plugins/Editor/ContentBrowser/ContentBrowserFileDataSource/ContentBrowserFileDataSource.uplugin" 653
"../../../Engine/Plugins/Editor/ContentBrowser/ContentBrowserClassDataSource/ContentBrowserClassDataSource.uplugin" 654
"../../../Engine/Plugins/Editor/ContentBrowser/ContentBrowserAliasDataSource/ContentBrowserAliasDataSource.uplugin" 655
"../../../Engine/Plugins/Protocols/MQTT/MQTT.uplugin" 656
"../../../Engine/Plugins/Editor/ContentBrowser/ContentBrowserAssetDataSource/ContentBrowserAssetDataSource.uplugin" 657
"../../../Engine/Plugins/Developer/Concert/ConcertMain/ConcertMain.uplugin" 658
"../../../Engine/Plugins/Runtime/Steam/SteamController/SteamController.uplugin" 659
"../../../Engine/Plugins/Runtime/Steam/SteamSockets/SteamSockets.uplugin" 660
"../../../Engine/Plugins/Runtime/Nvidia/GeForceNOWWrapper/GeForceNOWWrapper.uplugin" 661
"../../../Engine/Plugins/Runtime/Nvidia/Reflex/Reflex.uplugin" 662
"../../../Engine/Plugins/Runtime/PacketHandlers/AESGCMHandlerComponent/AESGCMHandlerComponent.uplugin" 663
"../../../Engine/Plugins/Runtime/PacketHandlers/DTLSHandlerComponent/DTLSHandlerComponent.uplugin" 664
"../../../Engine/Plugins/Interchange/Extensions/OpenUSD/InterchangeOpenUSD.uplugin" 665
"../../../Engine/Plugins/Editor/ObjectMixer/LightMixer/LightMixer.uplugin" 666
"../../../Engine/Plugins/Editor/ObjectMixer/ObjectMixer/ObjectMixer.uplugin" 667
"../../../Engine/Plugins/Experimental/CharacterFXEditor/ExampleCharacterFXEditor/ExampleCharacterFXEditor.uplugin" 668
"../../../Engine/Plugins/Runtime/Database/SQLiteSupport/SQLiteSupport.uplugin" 669
"../../../Engine/Plugins/Runtime/Database/RemoteDatabaseSupport/RemoteDatabaseSupport.uplugin" 670
"../../../Engine/Plugins/Runtime/Steam/SteamShared/SteamShared.uplugin" 671
"../../../Engine/Plugins/Runtime/Database/SQLiteCore/SQLiteCore.uplugin" 672
"../../../Engine/Plugins/Runtime/Database/DatabaseSupport/DatabaseSupport.uplugin" 673
"../../../Engine/Plugins/Interchange/Extensions/OpenVDB/InterchangeOpenVDB.uplugin" 674
"../../../Engine/Plugins/Experimental/CharacterFXEditor/BaseCharacterFXEditor/BaseCharacterFXEditor.uplugin" 675
"../../../Engine/Plugins/Runtime/XR/XRVisualization/XRVisualization.uplugin" 676
"../../../Engine/Plugins/Runtime/Steam/SteamAudio/SteamAudio.uplugin" 677
"../../../Engine/Plugins/Runtime/Database/ADOSupport/ADOSupport.uplugin" 678
"../../../Engine/Plugins/Runtime/Advertising/IOSTapJoy/IOSTapJoy.uplugin" 679
"../../../Engine/Plugins/Runtime/PacketHandlers/AESHandlerComponent/AESHandlerComponent.uplugin" 680
"../../../Engine/Plugins/Experimental/AVCodecs/VTCodecs/VTCodecs.uplugin" 681
"../../../Engine/Plugins/Experimental/AVCodecs/LibVpxCodecs/LibVpxCodecs.uplugin" 682
"../../../Engine/Plugins/Experimental/AVCodecs/WMFCodecs/WMFCodecs.uplugin" 683
"../../../Engine/Plugins/Experimental/Enterprise/DatasmithInterchange/DatasmithInterchange.uplugin" 684
"../../../Engine/Plugins/Experimental/AVCodecs/AMFCodecs/AMFCodecs.uplugin" 685
"../../../Engine/Plugins/Experimental/AVCodecs/AVCodecsCore/AVCodecsCore.uplugin" 686
"../../../Engine/Plugins/VirtualProduction/DMX/DMXControlConsole/DMXControlConsole.uplugin" 687
"../../../Engine/Plugins/VirtualProduction/DMX/DMXEngine/DMXEngine.uplugin" 688
"../../../Engine/Plugins/Runtime/XR/XRScribe/XRScribe.uplugin" 689
"../../../Engine/Plugins/VirtualProduction/DMX/DMXProtocol/DMXProtocol.uplugin" 690
"../../../Engine/Plugins/VirtualProduction/DMX/DMXDisplayCluster/DMXDisplayCluster.uplugin" 691
"../../../Engine/Plugins/Experimental/AVCodecs/NVCodecs/NVCodecs.uplugin" 692
"../../../Engine/Plugins/VirtualProduction/DMX/DMXFixtures/DMXFixtures.uplugin" 693
"../../../Engine/Plugins/VirtualProduction/DMX/DMXPixelMapping/DMXPixelMapping.uplugin" 694
"../../../Engine/Plugins/VirtualProduction/CaptureManager/CaptureManagerEditor/CaptureManagerEditor.uplugin" 695
"../../../Engine/Plugins/VirtualProduction/CaptureManager/CaptureManagerCore/CaptureManagerCore.uplugin" 696
"../../../Engine/Plugins/VirtualProduction/CaptureManager/CaptureManagerDevices/CaptureManagerDevices.uplugin" 697
"../../../Engine/Plugins/VirtualProduction/CaptureManager/CaptureManagerApp/CaptureManagerApp.uplugin" 698
"../../../Engine/Plugins/VirtualProduction/DMX/DatasmithMVR/DatasmithMVR.uplugin" 699
"../../../Engine/Plugins/Runtime/Windows/XInputDevice/XInputDevice.uplugin" 700
"../../../Engine/Plugins/Online/VoiceChat/VoiceChat/VoiceChat.uplugin" 701
"../../../Engine/Plugins/VirtualProduction/DMX/DMXGDTF/DMXGDTF.uplugin" 702
"../../../Engine/Plugins/Runtime/Windows/WinVirtualKeyboard/WinVirtualKeyboard.uplugin" 703
"../../../Engine/Plugins/Experimental/PCGInterops/PCGNiagaraInterop/PCGNiagaraInterop.uplugin" 704
"../../../Engine/Plugins/Online/VoiceChat/EOSVoiceChat/EOSVoiceChat.uplugin" 705
"../../../Engine/Plugins/Experimental/PCGInterops/PCGWaterInterop/PCGWaterInterop.uplugin" 706
"../../../Engine/Plugins/Marketplace/Developer/RiderLink/RiderLink.uplugin" 707
"../../../Engine/Plugins/Experimental/PCGInterops/PCGNaniteAssembliesInterop/PCGNaniteAssembliesInterop.uplugin" 708
"../../../Engine/Plugins/Runtime/MeshReconstruction/DummyMeshReconstructor/DummyMeshReconstructor.uplugin" 709
"../../../Engine/Plugins/Experimental/PCGInterops/PCGFastGeoInterop/PCGFastGeoInterop.uplugin" 710
"../../../Engine/Plugins/Runtime/AR/ARUtilities/ARUtilities.uplugin" 711
"../../../Engine/Plugins/Experimental/Animation/RigMapper/RigMapper.uplugin" 712
"../../../Engine/Plugins/Experimental/Animation/CurveExpression/CurveExpression.uplugin" 713
"../../../Engine/Plugins/Experimental/Animation/ContextualAnimation/ContextualAnimation.uplugin" 714
"../../../Engine/Plugins/Runtime/Windows/WinDualShock/WinDualShock.uplugin" 715
"../../../Engine/Plugins/Experimental/PCGInterops/PCGInstancedActorsInterop/PCGInstancedActorsInterop.uplugin" 716
"../../../Engine/Plugins/Experimental/Animation/HierarchyTableAnimation/HierarchyTableAnimation.uplugin" 717
"../../../Engine/Plugins/Experimental/Animation/Optimus/Optimus.uplugin" 718
"../../../Engine/Plugins/Experimental/Animation/RigMapperOp/RigMapperOp.uplugin" 719
"../../../Engine/Plugins/Experimental/Animation/MotionTrajectory/MotionTrajectory.uplugin" 720
"../../../Engine/Plugins/Experimental/Animation/HierarchyTable/HierarchyTable.uplugin" 721
"../../../Engine/Plugins/Experimental/Animation/PackedAttributes/PackedAttributes.uplugin" 722
"../../../Engine/Plugins/Experimental/Animation/Locomotor/Locomotor.uplugin" 723
"../../../Engine/Plugins/Experimental/MetaHuman/MetaHumanCalibrationDiagnostics/MetaHumanCalibrationDiagnostics.uplugin" 724
"../../../Engine/Plugins/Experimental/MetaHuman/MetaHumanRuntime/MetaHumanRuntime.uplugin" 725
"../../../Engine/Plugins/Experimental/Animation/RelativeIKOp/RelativeIKOp.uplugin" 726
"../../../Engine/Plugins/Runtime/Analytics/Adjust/Adjust.uplugin" 727
"../../../Engine/Plugins/Runtime/Analytics/AnalyticsBlueprintLibrary/AnalyticsBlueprintLibrary.uplugin" 728
"../../../Engine/Plugins/Experimental/Animation/SkeletalMeshMorphTargetEditingTools/SkeletalMeshMorphTargetEditingTools.uplugin" 729
"../../../Engine/Plugins/Runtime/Analytics/AnalyticsMulticast/AnalyticsMulticast.uplugin" 730
"../../../Engine/Plugins/Animation/MLDeformer/NeuralMorphModel/NeuralMorphModel.uplugin" 731
"../../../Engine/Plugins/Runtime/Analytics/FileLogging/FileLogging.uplugin" 732
"../../../Engine/Plugins/Experimental/Enterprise/DatasmithRuntime/DatasmithRuntime.uplugin" 733
"../../../Engine/Plugins/Animation/MLDeformer/VertexDeltaModel/VertexDeltaModel.uplugin" 734
"../../../Engine/Plugins/Animation/MLDeformer/NearestNeighborModel/NearestNeighborModel.uplugin" 735
"../../../Engine/Plugins/Online/IOS/OnlineSubsystemIOS/OnlineSubsystemIOS.uplugin" 736
"../../../Engine/Plugins/Online/Android/AndroidFetchBackgroundDownload/AndroidFetchBackgroundDownload.uplugin" 737
"../../../Engine/Plugins/Online/Android/OnlineSubsystemGooglePlay/OnlineSubsystemGooglePlay.uplugin" 738
"../../../Engine/Plugins/Editor/Localization/PortableObjectFileDataSource/PortableObjectFileDataSource.uplugin" 739
"../../../Engine/Plugins/Experimental/UAF/UAFWarping/UAFWarping.uplugin" 740
"../../../Engine/Plugins/Experimental/UAF/UAF/UAF.uplugin" 741
"../../../Engine/Plugins/Experimental/UAF/UAFAnimGraph/UAFAnimGraph.uplugin" 742
"../../../Engine/Plugins/Experimental/UAF/UAFChooser/UAFChooser.uplugin" 743
"../../../Engine/Plugins/Animation/MLDeformer/MLDeformerFramework/MLDeformerFramework.uplugin" 744
"../../../Engine/Plugins/Animation/MLDeformer/ChaosClothGenerator/ChaosClothGenerator.uplugin" 745
"../../../Engine/Plugins/Experimental/UAF/UAFMirroring/UAFMirroring.uplugin" 746
"../../../Engine/Plugins/Experimental/UAF/UAFStateTree/UAFStateTree.uplugin" 747
"../../../Engine/Plugins/Experimental/UAF/UAFControlRig/UAFControlRig.uplugin" 748
"../../../Engine/Plugins/Experimental/VirtualProduction/VPSettings/VPSettings.uplugin" 749
"../../../Engine/Plugins/Experimental/VirtualProduction/VPRoles/VPRoles.uplugin" 750
"../../../Engine/Plugins/Experimental/VirtualProduction/LedWallCalibration/LedWallCalibration.uplugin" 751
"../../../Engine/Plugins/Experimental/UAF/UAFTests/UAFTests.uplugin" 752
"../../../Engine/Plugins/Experimental/UAF/UAFPoseSearch/UAFPoseSearch.uplugin" 753
"../../../Engine/Plugins/Experimental/Web/WebAPI/WebAPI.uplugin" 754
"../../../Engine/Plugins/VirtualProduction/Rivermax/RivermaxMedia/RivermaxMedia.uplugin" 755
"../../../Engine/Plugins/Animation/MLDeformer/ChaosFleshGenerator/ChaosFleshGenerator.uplugin" 756
"../../../Engine/Plugins/Experimental/MetaHuman/MetaHumanCharacterUAF/MetaHumanCharacterUAF.uplugin" 757
"../../../Engine/Plugins/VirtualProduction/Rivermax/RivermaxCore/RivermaxCore.uplugin" 758
"../../../Engine/Plugins/VirtualProduction/Rivermax/RivermaxSync/RivermaxSync.uplugin" 759
"../../../Engine/Plugins/Experimental/Enterprise/DataprepGeometryOperations/DataprepGeometryOperations.uplugin" 760
"../../../Engine/Plugins/Experimental/Animation/TrajectoryTools/TrajectoryTools.uplugin" 761
"../../../Engine/Plugins/VirtualProduction/DMX/DMXModularFeatures/DMXModularFeatures.uplugin" 762
"../../../Engine/Plugins/Developer/Concert/ConcertInsights/ConcertInsightsCore/ConcertInsightsCore.uplugin" 763
"../../../Engine/Plugins/Developer/Concert/ConcertInsights/ConcertInsightsServer/ConcertInsightsServer.uplugin" 764
"../../../Engine/Plugins/Developer/Concert/ConcertInsights/ConcertInsightsClient/ConcertInsightsClient.uplugin" 765
"../../../Engine/Plugins/Developer/Concert/ConcertInsights/ConcertInsightsVisualizer/ConcertInsightsVisualizer.uplugin" 766
"../../../Engine/Plugins/Developer/Concert/ConcertSync/ConcertSyncTest/ConcertSyncTest.uplugin" 767
"../../../Engine/Plugins/Developer/Concert/ConcertSync/ConcertSyncClient/ConcertSyncClient.uplugin" 768
"../../../Engine/Plugins/Runtime/AR/Google/GoogleARCore/GoogleARCore.uplugin" 769
"../../../Engine/Plugins/Developer/Concert/ConcertSync/ConcertSyncCore/ConcertSyncCore.uplugin" 770
"../../../Engine/Plugins/Runtime/AR/Google/GoogleARCoreServices/GoogleARCoreServices.uplugin" 771
"../../../Engine/Plugins/Developer/Concert/ConcertScripting/ConcertReplicationScripting/ConcertReplicationScripting.uplugin" 772
"../../../Engine/Plugins/Developer/Concert/ConcertUI/ConcertSharedSlate/ConcertSharedSlate.uplugin" 773
"../../../Engine/Plugins/Developer/Concert/ConcertUI/ConcertClientSharedSlate/ConcertClientSharedSlate.uplugin" 774
"../../../Engine/Plugins/Developer/Concert/ConcertApp/DisasterRecoveryClient/DisasterRecoveryClient.uplugin" 775
"../../../Engine/Plugins/Developer/Concert/ConcertApp/MultiUserClient/MultiUserClient.uplugin" 776
"../../../Engine/Plugins/Runtime/AR/AppleAR/AppleARKit/AppleARKit.uplugin" 777
"../../../Engine/Plugins/Developer/Concert/ConcertSync/ConcertSyncServer/ConcertSyncServer.uplugin" 778
"../../../Engine/Plugins/Experimental/Animation/MLDeformer/DetailPoseModel/DetailPoseModel.uplugin" 779
"../../../Engine/Plugins/Runtime/AR/AppleAR/AppleARKitFaceSupport/AppleARKitFaceSupport.uplugin" 780
"../../../Engine/Plugins/Developer/Concert/ConcertApp/MultiUserServer/MultiUserServer.uplugin" 781
"../../../Engine/Platforms/IOS/Plugins/Animation/RigLogic/RigLogic_IOS.uplugin" 782
"../../../Engine/Platforms/Android/Plugins/Animation/ACLPlugin/ACLPlugin_Android.uplugin" 783
"../../../Engine/Platforms/Android/Plugins/Animation/RigLogic/RigLogic_Android.uplugin" 784
"../../../Engine/Platforms/VisionOS/Plugins/Runtime/OpenXRVisionOS/OpenXRVisionOS.uplugin" 785
"../../../Engine/Platforms/VisionOS/Plugins/Compression/OodleNetwork/OodleNetwork_VisionOS.uplugin" 786
"../../../Engine/Platforms/VisionOS/Plugins/Runtime/AudioCapture/AudioCapture_VisionOS.uplugin" 787
"../../../Engine/Content/Internationalization/icudt64l/cnvalias.icu" 788
"../../../Engine/Content/Internationalization/icudt64l/res_index.res" 789
"../../../Engine/Content/Internationalization/icudt64l/plurals.res" 790
"../../../Engine/Content/Internationalization/icudt64l/lang/root.res" 791
"../../../Engine/Content/Internationalization/icudt64l/lang/pool.res" 792
"../../../Engine/Content/Internationalization/icudt64l/region/root.res" 793
"../../../Engine/Content/Internationalization/icudt64l/region/pool.res" 794
"../../../Engine/Content/Internationalization/icudt64l/lang/en.res" 795
"../../../Engine/Content/Internationalization/icudt64l/region/en.res" 796
"../../../Engine/Content/Internationalization/icudt64l/zoneinfo64.res" 797
"../../../Engine/Content/Internationalization/icudt64l/keyTypeData.res" 798
"../../../Engine/Content/Internationalization/icudt64l/timezoneTypes.res" 799
"../../../Engine/Content/Internationalization/icudt64l/likelySubtags.res" 800
"../../../Engine/Content/Internationalization/icudt64l/en_US.res" 801
"../../../Engine/Content/Internationalization/icudt64l/pool.res" 802
"../../../Engine/Content/Internationalization/icudt64l/en.res" 803
"../../../Engine/Content/Internationalization/icudt64l/root.res" 804
"../../../Engine/Content/Internationalization/icudt64l/supplementalData.res" 805
"/Users/shanshanye/Library/Application Support/Epic/Epic Games/KeyValueStore.ini" 806
"../../../Engine/Config/ConfigRedirects.ini" 807
"/Users/shanshanye/Library/Application Support/Epic/UnrealEngine/5.7/Saved/Config/MacEditor/Manifest.ini" 808
"../../../Engine/Config/BaseEngine.ini" 809
"../../../Engine/Config/Mac/BaseMacEngine.ini" 810
"../../../../../../shanshanye/Desktop/AI_final/GameAI-Final-Project/Config/DefaultEngine.ini" 811
"../../../Engine/Config/BaseGame.ini" 812
"../../../../../../shanshanye/Desktop/AI_final/GameAI-Final-Project/Config/DefaultGame.ini" 813
"../../../Engine/Config/Mac/MacGame.ini" 814
"/Users/shanshanye/Desktop/AI_final/GameAI-Final-Project/Saved/Config/MacEditor/Game.ini" 815
"../../../Engine/Config/BaseInput.ini" 816
"../../../Engine/Config/Mac/BaseMacInput.ini" 817
"../../../../../../shanshanye/Desktop/AI_final/GameAI-Final-Project/Config/DefaultInput.ini" 818
"../../../Engine/Config/BaseDeviceProfiles.ini" 819
"../../../Engine/Config/BaseGameUserSettings.ini" 820
"/Users/shanshanye/Desktop/AI_final/GameAI-Final-Project/Saved/Config/MacEditor/GameUserSettings.ini" 821
"../../../Engine/Config/BaseScalability.ini" 822
"../../../Engine/Config/BaseRuntimeOptions.ini" 823
"../../../Engine/Config/BaseInstallBundle.ini" 824
"../../../Engine/Config/BaseHardware.ini" 825
"../../../Engine/Config/BaseCompat.ini" 826
"../../../Engine/Config/BaseLightmass.ini" 827
"../../../Engine/Config/BaseEditor.ini" 828
"../../../../../../shanshanye/Desktop/AI_final/GameAI-Final-Project/Config/DefaultEditor.ini" 829
"/Users/shanshanye/Desktop/AI_final/GameAI-Final-Project/Saved/Config/MacEditor/Editor.ini" 830
"../../../Engine/Config/BaseMaterialExpressions.ini" 831
"../../../Engine/Config/BaseEditorPerProjectUserSettings.ini" 832
"../../../../../../shanshanye/Desktop/AI_final/GameAI-Final-Project/Config/DefaultEditorPerProjectUserSettings.ini" 833
"../../../Engine/Config/Mac/MacEditorPerProjectUserSettings.ini" 834
"/Users/shanshanye/Desktop/AI_final/GameAI-Final-Project/Saved/Config/MacEditor/EditorPerProjectUserSettings.ini" 835
"../../../Engine/Config/BaseEditorSettings.ini" 836
"/Users/shanshanye/Library/Application Support/Epic/UnrealEngine/5.7/Saved/Config/MacEditor/EditorSettings.ini" 837
"../../../Engine/Config/BaseEditorKeyBindings.ini" 838
"/Users/shanshanye/Library/Application Support/Epic/UnrealEngine/5.7/Saved/Config/MacEditor/EditorLayout.ini" 839
"../../../../../../shanshanye/Desktop/AI_final/GameAI-Final-Project/Intermediate/CachedAssetRegistry_0.bin" 840
"../../../../../../shanshanye/Desktop/AI_final/GameAI-Final-Project/Binaries/Mac/TheKillingHourEditor.target" 841
"../../../Engine/Config/LinuxArm64/BaseLinuxArm64Engine.ini" 842
"../../../Engine/Config/Unix/UnixEngine.ini" 843
"../../../Engine/Config/LinuxArm64/LinuxArm64Engine.ini" 844
"../../../Engine/Config/PluginBase.ini" 845
"../../../Engine/Plugins/EnhancedInput/Config/BaseEnhancedInput.ini" 846
"../../../Engine/Plugins/TraceUtilities/Config/BaseTraceUtilities.ini" 847
"../../../Engine/Plugins/Fab/Config/BaseFab.ini" 848
"../../../Engine/Config/IOS/BaseIOSEngine.ini" 849
"../../../Engine/Config/Linux/BaseLinuxEngine.ini" 850
"../../../Engine/Plugins/ChaosVD/Config/DefaultChaosVD.ini" 851
"../../../Engine/Config/Linux/LinuxEngine.ini" 852
"../../../Engine/Config/TVOS/TVOSEngine.ini" 853
"../../../Engine/Config/IOS/BaseIOSGame.ini" 854
"../../../Engine/Config/IOS/IOSGame.ini" 855
"../../../Engine/Config/IOS/BaseIOSInput.ini" 856
"../../../Engine/Config/Linux/LinuxGame.ini" 857
"../../../Engine/Plugins/2D/Paper2D/Config/BasePaper2D.ini" 858
"../../../Engine/Plugins/MetaHuman/MetaHumanSDK/Config/BaseMetaHumanSDK.ini" 859
"../../../Engine/Plugins/Compositing/CompositeCore/Config/BaseCompositeCore.ini" 860
"../../../Engine/Plugins/Editor/EditorScriptingUtilities/Config/BaseEditorScriptingUtilities.ini" 861
"../../../Engine/Config/IOS/IOSScalability.ini" 862
"../../../Engine/Config/IOS/BaseIOSInstallBundle.ini" 863
"../../../Engine/Plugins/Experimental/ToolPresets/Config/BaseToolPresets.ini" 864
"../../../Engine/Plugins/Experimental/FullBodyIK/Config/BaseFullBodyIK.ini" 865
"../../../Engine/Config/Android/BaseAndroidEngine.ini" 866
"../../../Engine/Config/Android/AndroidEngine.ini" 867
"../../../Engine/Plugins/Enterprise/GLTFExporter/Config/BaseGLTFExporter.ini" 868
"../../../Engine/Plugins/Enterprise/GLTFExporter/Config/DefaultGLTFExporter.ini" 869
"../../../Engine/Plugins/Enterprise/DatasmithContent/Config/BaseDatasmithContent.ini" 870
"../../../Engine/Plugins/Enterprise/VariantManagerContent/Config/BaseVariantManagerContent.ini" 871
"../../../Engine/Config/Windows/BaseWindowsEngine.ini" 872
"../../../Engine/Config/Android/BaseAndroidGame.ini" 873
"../../../Engine/Plugins/VirtualProduction/Takes/Config/BaseTakes.ini" 874
"../../../Engine/Plugins/FX/Niagara/Config/BaseNiagara.ini" 875
"../../../Engine/Platforms/VisionOS/Config/BaseVisionOSEngine.ini" 876
"../../../Engine/Platforms/VisionOS/Config/VisionOSEngine.ini" 877
"../../../Engine/Plugins/Runtime/USDCore/Config/BaseUSDCore.ini" 878
"../../../Engine/Config/Android/BaseAndroidInput.ini" 879
"../../../Engine/Plugins/Runtime/RigVM/Config/BaseRigVM.ini" 880
"../../../Engine/Config/Windows/WindowsGame.ini" 881
"../../../Engine/Plugins/Runtime/PropertyBindingUtils/Config/BasePropertyBindingUtils.ini" 882
"../../../Engine/Plugins/Runtime/Synthesis/Config/BaseSynthesis.ini" 883
"../../../Engine/Plugins/Runtime/HairStrands/Config/BaseHairStrands.ini" 884
"../../../Engine/Plugins/Runtime/StateTree/Config/BaseStateTree.ini" 885
"../../../Engine/Config/Windows/BaseWindowsInput.ini" 886
"../../../Engine/Config/Windows/WindowsInput.ini" 887
"../../../Engine/Plugins/Runtime/Metasound/Config/BaseMetasound.ini" 888
"../../../Engine/Plugins/Runtime/Metasound/Config/DefaultMetasound.ini" 889
"../../../Engine/Plugins/Interchange/Assets/Config/BaseInterchangeAssets.ini" 890
"../../../Engine/Plugins/Interchange/Runtime/Config/BaseInterchange.ini" 891
"../../../Engine/Plugins/Animation/LiveLink/Config/BaseLiveLink.ini" 892
"../../../Engine/Plugins/Animation/ControlRig/Config/BaseControlRig.ini" 893
"../../../Engine/Plugins/Animation/DeformerGraph/Config/BaseDeformerGraph.ini" 894
"../../../Engine/Config/Android/AndroidScalability.ini" 895
"../../../Engine/Plugins/Animation/IKRig/Config/BaseIKRig.ini" 896
"../../../Engine/Plugins/Cameras/GameplayCameras/Config/BaseGameplayCameras.ini" 897
"../../../Engine/Config/Android/BaseAndroidInstallBundle.ini" 898
"../../../Engine/Plugins/Developer/Concert/ConcertSync/ConcertSyncCore/Config/BaseConcertSyncCore.ini" 899
"../../../Engine/Plugins/EnhancedInput/Config/Input.ini" 900
"../../../Engine/Plugins/Runtime/InputDebugging/Config/Input.ini" 901
"../../../Engine/Plugins/Runtime/Windows/XInputDevice/Config/Input.ini" 902
"../../../Engine/Plugins/ChaosVD/Config/Engine.ini" 903
"../../../Engine/Plugins/Online/OnlineSubsystemUtils/Config/Editor.ini" 904
"../../../Engine/Plugins/Runtime/RigVM/Config/Editor.ini" 905
"../../../Engine/Plugins/NNE/NNEDenoiser/Config/Game.ini" 906
"../../../Engine/Plugins/Editor/ModelingToolsEditorMode/Binaries/Mac/UnrealEditor.modules" 907
"../../../Engine/Plugins/Runtime/MeshModelingToolset/Binaries/Mac/UnrealEditor.modules" 908
"../../../Engine/Plugins/Experimental/MeshModelingToolsetExp/Binaries/Mac/UnrealEditor.modules" 909
"../../../Engine/Plugins/Editor/MeshLODToolset/Binaries/Mac/UnrealEditor.modules" 910
"../../../Engine/Plugins/Experimental/ToolPresets/Binaries/Mac/UnrealEditor.modules" 911
"../../../Engine/Plugins/Editor/StylusInput/Binaries/Mac/UnrealEditor.modules" 912
"../../../Engine/Plugins/Runtime/GeometryProcessing/Binaries/Mac/UnrealEditor.modules" 913
"../../../Engine/Plugins/Experimental/PlanarCutPlugin/Binaries/Mac/UnrealEditor.modules" 914
"../../../Engine/Plugins/Runtime/GeometryCache/Binaries/Mac/UnrealEditor.modules" 915
"../../../Engine/Plugins/Experimental/GeometryFlow/Binaries/Mac/UnrealEditor.modules" 916
"../../../Engine/Plugins/Editor/EditorScriptingUtilities/Binaries/Mac/UnrealEditor.modules" 917
"../../../Engine/Plugins/FX/Niagara/Binaries/Mac/UnrealEditor.modules" 918
"../../../Engine/Plugins/Experimental/PythonScriptPlugin/Binaries/Mac/UnrealEditor.modules" 919
"../../../Engine/Plugins/Editor/ContentBrowser/ContentBrowserFileDataSource/Binaries/Mac/UnrealEditor.modules" 920
"../../../Engine/Plugins/EnhancedInput/Binaries/Mac/UnrealEditor.modules" 921
"../../../Engine/Plugins/Editor/DataValidation/Binaries/Mac/UnrealEditor.modules" 922
"../../../Engine/Plugins/ChaosCloth/Binaries/Mac/UnrealEditor.modules" 923
"../../../Engine/Plugins/Experimental/ChaosCaching/Binaries/Mac/UnrealEditor.modules" 924
"../../../Engine/Plugins/VirtualProduction/Takes/Binaries/Mac/UnrealEditor.modules" 925
"../../../Engine/Plugins/Runtime/AudioCapture/Binaries/Mac/UnrealEditor.modules" 926
"../../../Engine/Plugins/MovieScene/LevelSequenceEditor/Binaries/Mac/UnrealEditor.modules" 927
"../../../Engine/Plugins/Developer/NamingTokens/Binaries/Mac/UnrealEditor.modules" 928
"../../../Engine/Plugins/MovieScene/SequencerScripting/Binaries/Mac/UnrealEditor.modules" 929
"../../../Engine/Plugins/Editor/EngineAssetDefinitions/Binaries/Mac/UnrealEditor.modules" 930
"../../../Engine/Plugins/AudioInsights/Binaries/Mac/UnrealEditor.modules" 931
"../../../Engine/Plugins/Runtime/AudioWidgets/Binaries/Mac/UnrealEditor.modules" 932
"../../../Engine/Plugins/Runtime/AudioSynesthesia/Binaries/Mac/UnrealEditor.modules" 933
"../../../Engine/Plugins/MeshPainting/Binaries/Mac/UnrealEditor.modules" 934
"../../../Engine/Plugins/Interchange/Editor/Binaries/Mac/UnrealEditor.modules" 935
"../../../Engine/Plugins/Interchange/Runtime/Binaries/Mac/UnrealEditor.modules" 936
"../../../Engine/Plugins/Runtime/HairStrands/Binaries/Mac/UnrealEditor.modules" 937
"../../../Engine/Plugins/Enterprise/VariantManagerContent/Binaries/Mac/UnrealEditor.modules" 938
"../../../Engine/Plugins/Enterprise/VariantManager/Binaries/Mac/UnrealEditor.modules" 939
"../../../Engine/Plugins/Interchange/Assets/Binaries/Mac/UnrealEditor.modules" 940
"../../../Engine/Plugins/Animation/DeformerGraph/Binaries/Mac/UnrealEditor.modules" 941
"../../../Engine/Plugins/Experimental/Dataflow/Binaries/Mac/UnrealEditor.modules" 942
"../../../Engine/Plugins/Runtime/ComputeFramework/Binaries/Mac/UnrealEditor.modules" 943
"../../../Engine/Plugins/Animation/ControlRig/Binaries/Mac/UnrealEditor.modules" 944
"../../../Engine/Plugins/Experimental/CharacterFXEditor/BaseCharacterFXEditor/Binaries/Mac/UnrealEditor.modules" 945
"../../../Engine/Plugins/Runtime/ProceduralMeshComponent/Binaries/Mac/UnrealEditor.modules" 946
"../../../Engine/Plugins/Experimental/EditorDataStorage/Binaries/Mac/UnrealEditor.modules" 947
"../../../Engine/Plugins/Experimental/EditorDataStorageFeatures/Binaries/Mac/UnrealEditor.modules" 948
"../../../Engine/Plugins/Animation/SkeletalMeshModelingTools/Binaries/Mac/UnrealEditor.modules" 949
"../../../Engine/Plugins/Runtime/RigVM/Binaries/Mac/UnrealEditor.modules" 950
"../../../Engine/Plugins/Runtime/PropertyAccess/Binaries/Mac/UnrealEditor.modules" 951
"../../../Engine/Plugins/Animation/TweeningUtils/Binaries/Mac/UnrealEditor.modules" 952
"../../../Engine/Plugins/TraceUtilities/Binaries/Mac/UnrealEditor.modules" 953
"../../../Engine/Plugins/Bridge/Binaries/Mac/UnrealEditor.modules" 954
"../../../Engine/Plugins/MetaHuman/MetaHumanSDK/Binaries/Mac/UnrealEditor.modules" 955
"../../../Engine/Plugins/Animation/RigLogic/Binaries/Mac/UnrealEditor.modules" 956
"../../../Engine/Plugins/Online/EOSShared/Binaries/Mac/UnrealEditor.modules" 957
"../../../Engine/Plugins/Fab/Binaries/Mac/UnrealEditor.modules" 958
"../../../Engine/Plugins/UbaController/Binaries/Mac/UnrealEditor.modules" 959
"../../../Engine/Plugins/RenderGraphInsights/Binaries/Mac/UnrealEditor.modules" 960
"../../../Engine/Plugins/ChaosVD/Binaries/Mac/UnrealEditor.modules" 961
"../../../Engine/Plugins/MassInsights/Binaries/Mac/UnrealEditor.modules" 962
"../../../Engine/Plugins/ChaosInsights/Binaries/Mac/UnrealEditor.modules" 963
"../../../Engine/Plugins/WorldMetrics/Binaries/Mac/UnrealEditor.modules" 964
"../../../Engine/Plugins/IoStoreInsights/Binaries/Mac/UnrealEditor.modules" 965
"../../../Engine/Plugins/Developer/AnimationSharing/Binaries/Mac/UnrealEditor.modules" 966
"../../../Engine/Plugins/Runtime/SignificanceManager/Binaries/Mac/UnrealEditor.modules" 967
"../../../Engine/Plugins/Developer/PropertyAccessNode/Binaries/Mac/UnrealEditor.modules" 968
"../../../Engine/Plugins/Developer/RiderSourceCodeAccess/Binaries/Mac/UnrealEditor.modules" 969
"../../../Engine/Plugins/Developer/ProjectLauncher/Binaries/Mac/UnrealEditor.modules" 970
"../../../Engine/Plugins/Developer/TextureFormatOodle/Binaries/Mac/UnrealEditor.modules" 971
"../../../Engine/Plugins/Developer/UObjectPlugin/Binaries/Mac/UnrealEditor.modules" 972
"../../../Engine/Plugins/Developer/SubversionSourceControl/Binaries/Mac/UnrealEditor.modules" 973
"../../../Engine/Plugins/Developer/CLionSourceCodeAccess/Binaries/Mac/UnrealEditor.modules" 974
"../../../Engine/Plugins/Developer/XCodeSourceCodeAccess/Binaries/Mac/UnrealEditor.modules" 975
"../../../Engine/Plugins/Developer/PerforceSourceControl/Binaries/Mac/UnrealEditor.modules" 976
"../../../Engine/Plugins/Developer/GitSourceControl/Binaries/Mac/UnrealEditor.modules" 977
"../../../Engine/Plugins/Developer/DumpGPUServices/Binaries/Mac/UnrealEditor.modules" 978
"../../../Engine/Plugins/Portal/LauncherChunkInstaller/Binaries/Mac/UnrealEditor.modules" 979
"../../../Engine/Plugins/Importers/AlembicImporter/Binaries/Mac/UnrealEditor.modules" 980
"../../../Engine/Plugins/Developer/VisualStudioCodeSourceCodeAccess/Binaries/Mac/UnrealEditor.modules" 981
"../../../Engine/Plugins/MovieScene/ActorSequence/Binaries/Mac/UnrealEditor.modules" 982
"../../../Engine/Plugins/MovieScene/SequenceValidator/Binaries/Mac/UnrealEditor.modules" 983
"../../../Engine/Plugins/2D/Paper2D/Binaries/Mac/UnrealEditor.modules" 984
"../../../Engine/Plugins/Developer/PluginUtils/Binaries/Mac/UnrealEditor.modules" 985
"../../../Engine/Plugins/AI/EnvironmentQueryEditor/Binaries/Mac/UnrealEditor.modules" 986
"../../../Engine/Plugins/AI/AISupport/Binaries/Mac/UnrealEditor.modules" 987
"../../../Engine/Plugins/Online/OnlineSubsystem/Binaries/Mac/UnrealEditor.modules" 988
"../../../Engine/Plugins/Online/OnlineBase/Binaries/Mac/UnrealEditor.modules" 989
"../../../Engine/Plugins/Compression/OodleNetwork/Binaries/Mac/UnrealEditor.modules" 990
"../../../Engine/Plugins/Online/OnlineSubsystemNull/Binaries/Mac/UnrealEditor.modules" 991
"../../../Engine/Plugins/Online/OnlineSubsystemUtils/Binaries/Mac/UnrealEditor.modules" 992
"../../../Engine/Plugins/Online/OnlineServices/Binaries/Mac/UnrealEditor.modules" 993
"../../../Engine/Plugins/Messaging/TcpMessaging/Binaries/Mac/UnrealEditor.modules" 994
"../../../Engine/Plugins/Editor/FacialAnimation/Binaries/Mac/UnrealEditor.modules" 995
"../../../Engine/Plugins/Editor/EditorDebugTools/Binaries/Mac/UnrealEditor.modules" 996
"../../../Engine/Plugins/Editor/MaterialAnalyzer/Binaries/Mac/UnrealEditor.modules" 997
"../../../Engine/Plugins/Editor/AssetManagerEditor/Binaries/Mac/UnrealEditor.modules" 998
"../../../Engine/Plugins/Editor/ContentBrowser/ContentBrowserAssetDataSource/Binaries/Mac/UnrealEditor.modules" 999
"../../../Engine/Plugins/Messaging/UdpMessaging/Binaries/Mac/UnrealEditor.modules" 1000
"../../../Engine/Plugins/Editor/MobileLauncherProfileWizard/Binaries/Mac/UnrealEditor.modules" 1001
"../../../Engine/Plugins/Editor/SequencerAnimTools/Binaries/Mac/UnrealEditor.modules" 1002
"../../../Engine/Plugins/Editor/GameplayTagsEditor/Binaries/Mac/UnrealEditor.modules" 1003
"../../../Engine/Plugins/Editor/CurveEditorTools/Binaries/Mac/UnrealEditor.modules" 1004
"../../../Engine/Plugins/Editor/BlueprintHeaderView/Binaries/Mac/UnrealEditor.modules" 1005
"../../../Engine/Plugins/Editor/ChangelistReview/Binaries/Mac/UnrealEditor.modules" 1006
"../../../Engine/Plugins/Editor/UVEditor/Binaries/Mac/UnrealEditor.modules" 1007
"../../../Engine/Plugins/Editor/CryptoKeys/Binaries/Mac/UnrealEditor.modules" 1008
"../../../Engine/Plugins/Editor/WorldPartitionHLODUtilities/Binaries/Mac/UnrealEditor.modules" 1009
"../../../Engine/Plugins/Editor/MacGraphicsSwitching/Binaries/Mac/UnrealEditor.modules" 1010
"../../../Engine/Plugins/Editor/PluginBrowser/Binaries/Mac/UnrealEditor.modules" 1011
"../../../Engine/Plugins/Editor/GeometryMode/Binaries/Mac/UnrealEditor.modules" 1012
"../../../Engine/Plugins/Editor/UMGWidgetPreview/Binaries/Mac/UnrealEditor.modules" 1013
"../../../Engine/Plugins/Editor/SpeedTreeImporter/Binaries/Mac/UnrealEditor.modules" 1014
"../../../Engine/Plugins/Editor/ColorGrading/Binaries/Mac/UnrealEditor.modules" 1015
"../../../Engine/Plugins/Editor/ObjectMixer/ObjectMixer/Binaries/Mac/UnrealEditor.modules" 1016
"../../../Engine/Plugins/Media/MediaPlate/Binaries/Mac/UnrealEditor.modules" 1017
"../../../Engine/Plugins/Media/MediaCompositing/Binaries/Mac/UnrealEditor.modules" 1018
"../../../Engine/Plugins/Media/MediaPlayerEditor/Binaries/Mac/UnrealEditor.modules" 1019
"../../../Engine/Plugins/Compositing/CompositeCore/Binaries/Mac/UnrealEditor.modules" 1020
"../../../Engine/Plugins/Media/ImgMedia/Binaries/Mac/UnrealEditor.modules" 1021
"../../../Engine/Plugins/Media/AndroidMedia/Binaries/Mac/UnrealEditor.modules" 1022
"../../../Engine/Plugins/Media/WmfMedia/Binaries/Mac/UnrealEditor.modules" 1023
"../../../Engine/Plugins/Media/AvfMedia/Binaries/Mac/UnrealEditor.modules" 1024
"../../../Engine/Plugins/Experimental/LocalizableMessage/Binaries/Mac/UnrealEditor.modules" 1025
"../../../Engine/Plugins/Experimental/EditorTelemetry/Binaries/Mac/UnrealEditor.modules" 1026
"../../../Engine/Plugins/Experimental/AutomationUtils/Binaries/Mac/UnrealEditor.modules" 1027
"../../../Engine/Plugins/Experimental/RuntimeTelemetry/Binaries/Mac/UnrealEditor.modules" 1028
"../../../Engine/Plugins/Experimental/BackChannel/Binaries/Mac/UnrealEditor.modules" 1029
"../../../Engine/Plugins/Experimental/LevelSequenceNavigatorBridge/Binaries/Mac/UnrealEditor.modules" 1030
"../../../Engine/Plugins/Experimental/SequenceNavigator/Binaries/Mac/UnrealEditor.modules" 1031
"../../../Engine/Plugins/Experimental/SkeletalReduction/Binaries/Mac/UnrealEditor.modules" 1032
"../../../Engine/Plugins/Experimental/ChaosNiagara/Binaries/Mac/UnrealEditor.modules" 1033
"../../../Engine/Plugins/Experimental/ChaosSolverPlugin/Binaries/Mac/UnrealEditor.modules" 1034
"../../../Engine/Plugins/Experimental/ChaosUserDataPT/Binaries/Mac/UnrealEditor.modules" 1035
"../../../Engine/Plugins/Experimental/AdvancedRenamer/Binaries/Mac/UnrealEditor.modules" 1036
"../../../Engine/Plugins/Experimental/ChaosEditor/Binaries/Mac/UnrealEditor.modules" 1037
"../../../Engine/Plugins/Experimental/GeometryCollectionPlugin/Binaries/Mac/UnrealEditor.modules" 1038
"../../../Engine/Plugins/Experimental/Fracture/Binaries/Mac/UnrealEditor.modules" 1039
"../../../Engine/Plugins/Experimental/GeometryDataflow/Binaries/Mac/UnrealEditor.modules" 1040
"../../../Engine/Plugins/Experimental/EditorPerformance/Binaries/Mac/UnrealEditor.modules" 1041
"../../../Engine/Plugins/Experimental/PlatformCrypto/Binaries/Mac/UnrealEditor.modules" 1042
"../../../Engine/Plugins/Experimental/CharacterAI/Binaries/Mac/UnrealEditor.modules" 1043
"../../../Engine/Plugins/Experimental/GlobalConfigurationData/Binaries/Mac/UnrealEditor.modules" 1044
"../../../Engine/Plugins/Enterprise/GLTFExporter/Binaries/Mac/UnrealEditor.modules" 1045
"../../../Engine/Plugins/Enterprise/DatasmithContent/Binaries/Mac/UnrealEditor.modules" 1046
"../../../Engine/Plugins/FX/NiagaraSimCaching/Binaries/Mac/UnrealEditor.modules" 1047
"../../../Engine/Plugins/FX/Cascade/Binaries/Mac/UnrealEditor.modules" 1048
"../../../Engine/Plugins/FX/NiagaraPreviewContent/Binaries/Mac/UnrealEditor.modules" 1049
"../../../Engine/Plugins/Marketplace/FabLauncher/Binaries/Mac/UnrealEditor.modules" 1050
"../../../Engine/Plugins/Importers/USDImporter/Binaries/Mac/UnrealEditor.modules" 1051
"../../../Engine/Plugins/Runtime/USDCore/Binaries/Mac/UnrealEditor.modules" 1052
"../../../Engine/Plugins/Runtime/Analytics/AnalyticsBlueprintLibrary/Binaries/Mac/UnrealEditor.modules" 1053
"../../../Engine/Plugins/Animation/LiveLink/Binaries/Mac/UnrealEditor.modules" 1054
"../../../Engine/Plugins/Developer/Concert/ConcertSync/ConcertSyncClient/Binaries/Mac/UnrealEditor.modules" 1055
"../../../Engine/Plugins/Developer/Concert/ConcertSync/ConcertSyncCore/Binaries/Mac/UnrealEditor.modules" 1056
"../../../Engine/Plugins/Developer/Concert/ConcertMain/Binaries/Mac/UnrealEditor.modules" 1057
"../../../Engine/Plugins/Runtime/Database/SQLiteCore/Binaries/Mac/UnrealEditor.modules" 1058
"../../../Engine/Plugins/Runtime/CableComponent/Binaries/Mac/UnrealEditor.modules" 1059
"../../../Engine/Plugins/Runtime/InputDebugging/Binaries/Mac/UnrealEditor.modules" 1060
"../../../Engine/Plugins/Runtime/SoundFields/Binaries/Mac/UnrealEditor.modules" 1061
"../../../Engine/Plugins/Runtime/ResonanceAudio/Binaries/Mac/UnrealEditor.modules" 1062
"../../../Engine/Plugins/Runtime/WebMMoviePlayer/Binaries/Mac/UnrealEditor.modules" 1063
"../../../Engine/Plugins/Media/WebMMedia/Binaries/Mac/UnrealEditor.modules" 1064
"../../../Engine/Plugins/Runtime/AssetTags/Binaries/Mac/UnrealEditor.modules" 1065
"../../../Engine/Plugins/Runtime/AndroidFileServer/Binaries/Mac/UnrealEditor.modules" 1066
"../../../Engine/Plugins/Runtime/ActorLayerUtilities/Binaries/Mac/UnrealEditor.modules" 1067
"../../../Engine/Plugins/Runtime/CustomMeshComponent/Binaries/Mac/UnrealEditor.modules" 1068
"../../../Engine/Plugins/Runtime/AndroidPermission/Binaries/Mac/UnrealEditor.modules" 1069
"../../../Engine/Plugins/Runtime/Synthesis/Binaries/Mac/UnrealEditor.modules" 1070
"../../../Engine/Plugins/Runtime/GooglePAD/Binaries/Mac/UnrealEditor.modules" 1071
"../../../Engine/Plugins/Runtime/MobilePatchingUtils/Binaries/Mac/UnrealEditor.modules" 1072
"../../../Engine/Plugins/Runtime/MsQuic/Binaries/Mac/UnrealEditor.modules" 1073
"../../../Engine/Plugins/Runtime/ChunkDownloader/Binaries/Mac/UnrealEditor.modules" 1074
"../../../Engine/Plugins/Runtime/ExampleDeviceProfileSelector/Binaries/Mac/UnrealEditor.modules" 1075
"../../../Engine/Plugins/Runtime/AppleImageUtils/Binaries/Mac/UnrealEditor.modules" 1076
"../../../Engine/Plugins/Runtime/AppleMoviePlayer/Binaries/Mac/UnrealEditor.modules" 1077
"../../../Engine/Plugins/Runtime/AndroidDeviceProfileSelector/Binaries/Mac/UnrealEditor.modules" 1078
"../../../Engine/Plugins/Runtime/LocationServicesBPLibrary/Binaries/Mac/UnrealEditor.modules" 1079
"../../../Engine/Plugins/Runtime/Metasound/Binaries/Mac/UnrealEditor.modules" 1080
"../../../Engine/Plugins/Runtime/WaveTable/Binaries/Mac/UnrealEditor.modules" 1081
"../../../Engine/Plugins/Runtime/ArchVisCharacter/Binaries/Mac/UnrealEditor.modules" 1082
"../../../Engine/Plugins/NNE/NNEDenoiser/Binaries/Mac/UnrealEditor.modules" 1083
"../../../Engine/Plugins/NNE/NNERuntimeORT/Binaries/Mac/UnrealEditor.modules" 1084
"../../../Engine/Plugins/Tests/InterchangeTests/Binaries/Mac/UnrealEditor.modules" 1085
"../../../Engine/Plugins/Animation/EaseCurveTool/Binaries/Mac/UnrealEditor.modules" 1086
"../../../Engine/Plugins/Animation/BlendSpaceMotionAnalysis/Binaries/Mac/UnrealEditor.modules" 1087
"../../../Engine/Plugins/Animation/ControlRigSpline/Binaries/Mac/UnrealEditor.modules" 1088
"../../../Engine/Plugins/Animation/ACLPlugin/Binaries/Mac/UnrealEditor.modules" 1089
"../../../Engine/Plugins/Animation/IKRig/Binaries/Mac/UnrealEditor.modules" 1090
"../../../Engine/Plugins/Experimental/FullBodyIK/Binaries/Mac/UnrealEditor.modules" 1091
"../../../Engine/Plugins/Animation/AnimationModifierLibrary/Binaries/Mac/UnrealEditor.modules" 1092
"../../../Engine/Plugins/Animation/AnimationData/Binaries/Mac/UnrealEditor.modules" 1093
"../../../Engine/Plugins/Cameras/CameraShakePreviewer/Binaries/Mac/UnrealEditor.modules" 1094
"../../../Engine/Plugins/Cameras/GameplayCameras/Binaries/Mac/UnrealEditor.modules" 1095
"../../../Engine/Plugins/Runtime/StateTree/Binaries/Mac/UnrealEditor.modules" 1096
"../../../Engine/Plugins/MovieScene/TemplateSequence/Binaries/Mac/UnrealEditor.modules" 1097
"../../../Engine/Plugins/Animation/GameplayInsights/Binaries/Mac/UnrealEditor.modules" 1098
"../../../Engine/Plugins/Runtime/PropertyBindingUtils/Binaries/Mac/UnrealEditor.modules" 1099
"../../../Engine/Plugins/Cameras/EngineCameras/Binaries/Mac/UnrealEditor.modules" 1100
"../../../Engine/Plugins/Editor/ContentBrowser/ContentBrowserClassDataSource/Binaries/Mac/UnrealEditor.modules" 1101
"../../../Engine/Plugins/Editor/ObjectMixer/LightMixer/Binaries/Mac/UnrealEditor.modules" 1102
"../../../Engine/Plugins/Marketplace/Developer/RiderLink/Binaries/Mac/UnrealEditor.modules" 1103
"../../../Engine/Plugins/Editor/Localization/PortableObjectFileDataSource/Binaries/Mac/UnrealEditor.modules" 1104
"../../../Engine/Config/BaseSourceControlSettings.ini" 1105
"../../../Engine/Content/Internationalization/icudt64l/coll/ucadata.icu" 1106
"../../../Engine/Content/Internationalization/icudt64l/coll/en_US.res" 1107
"../../../Engine/Content/Internationalization/icudt64l/coll/en.res" 1108
"../../../Engine/Content/Internationalization/icudt64l/coll/root.res" 1109
"../../../Engine/Content/Certificates/ThirdParty/cacert.pem" 1110
"../../../Engine/Config/ConsoleVariables.ini" 1111
"/Users/Shared/Epic Games/UE_5.7/Engine/Binaries/Mac/IOS/UnrealEditor.modules" 1112
"/Users/Shared/Epic Games/UE_5.7/Engine/Binaries/Mac/VisionOS/UnrealEditor.modules" 1113
"/Users/Shared/Epic Games/UE_5.7/Engine/Binaries/Mac/Android/UnrealEditor.modules" 1114
"../../../Engine/Content/Localization/Editor/en/Editor.locres" 1115
"../../../Engine/Content/Localization/Keywords/en/Keywords.locres" 1116
"../../../Engine/Content/Localization/Category/en/Category.locres" 1117
"../../../Engine/Content/Localization/ToolTips/en/ToolTips.locres" 1118
"../../../Engine/Content/Localization/PropertyNames/en/PropertyNames.locres" 1119
"../../../Engine/Content/Localization/Engine/en/Engine.locres" 1120
"../../../Engine/Plugins/MetaHuman/MetaHumanSDK/Content/Localization/MetaHumanSDK/en/MetaHumanSDK.locres" 1121
"../../../Engine/Plugins/MetaHuman/MetaHumanSDK/Content/Localization/MetaHumanSDK_Properties/en/MetaHumanSDK_Properties.locres" 1122
"../../../Engine/Plugins/MetaHuman/MetaHumanSDK/Content/Localization/MetaHumanSDK_Tooltips/en/MetaHumanSDK_Tooltips.locres" 1123
"../../../Engine/Plugins/Online/OnlineSubsystem/Content/Localization/OnlineSubsystem/en/OnlineSubsystem.locres" 1124
"../../../Engine/Plugins/Online/OnlineSubsystemUtils/Content/Localization/OnlineSubsystemUtils/en/OnlineSubsystemUtils.locres" 1125
"../../../Engine/Plugins/Online/IOS/OnlineSubsystemIOS/Content/Localization/OnlineSubsystemIOS/en/OnlineSubsystemIOS.locres" 1126
"../../../Engine/Plugins/Online/Android/OnlineSubsystemGooglePlay/Content/Localization/OnlineSubsystemGooglePlay/en/OnlineSubsystemGooglePlay.locres" 1127
"../../../Engine/Content/Internationalization/icudt64l/numberingSystems.res" 1128
"../../../Engine/Content/Internationalization/icudt64l/curr/supplementalData.res" 1129
"../../../Engine/Content/Internationalization/icudt64l/curr/en.res" 1130
"../../../Engine/Content/Internationalization/icudt64l/curr/pool.res" 1131
"../../../Engine/Content/Internationalization/icudt64l/curr/root.res" 1132
"../../../Engine/Content/Internationalization/icudt64l/lang/af.res" 1133
"../../../Engine/Content/Internationalization/icudt64l/region/af.res" 1134
"../../../Engine/Content/Internationalization/icudt64l/lang/agq.res" 1135
"../../../Engine/Content/Internationalization/icudt64l/region/agq.res" 1136
"../../../Engine/Content/Internationalization/icudt64l/lang/ak.res" 1137
"../../../Engine/Content/Internationalization/icudt64l/region/ak.res" 1138
"../../../Engine/Content/Internationalization/icudt64l/lang/am.res" 1139
"../../../Engine/Content/Internationalization/icudt64l/region/am.res" 1140
"../../../Engine/Content/Internationalization/icudt64l/lang/ar.res" 1141
"../../../Engine/Content/Internationalization/icudt64l/region/ar.res" 1142
"../../../Engine/Content/Internationalization/icudt64l/region/ar_AE.res" 1143
"../../../Engine/Content/Internationalization/icudt64l/lang/ar_EG.res" 1144
"../../../Engine/Content/Internationalization/icudt64l/lang/ar_LY.res" 1145
"../../../Engine/Content/Internationalization/icudt64l/region/ar_LY.res" 1146
"../../../Engine/Content/Internationalization/icudt64l/lang/ar_SA.res" 1147
"../../../Engine/Content/Internationalization/icudt64l/region/ar_SA.res" 1148
"../../../Engine/Content/Internationalization/icudt64l/lang/as.res" 1149
"../../../Engine/Content/Internationalization/icudt64l/region/as.res" 1150
"../../../Engine/Content/Internationalization/icudt64l/lang/asa.res" 1151
"../../../Engine/Content/Internationalization/icudt64l/region/asa.res" 1152
"../../../Engine/Content/Internationalization/icudt64l/lang/ast.res" 1153
"../../../Engine/Content/Internationalization/icudt64l/region/ast.res" 1154
"../../../Engine/Content/Internationalization/icudt64l/lang/az.res" 1155
"../../../Engine/Content/Internationalization/icudt64l/lang/az_Cyrl.res" 1156
"../../../Engine/Content/Internationalization/icudt64l/lang/az_AZ.res" 1157
"../../../Engine/Content/Internationalization/icudt64l/lang/az_Latn_AZ.res" 1158
"../../../Engine/Content/Internationalization/icudt64l/lang/az_Latn.res" 1159
"../../../Engine/Content/Internationalization/icudt64l/region/az_AZ.res" 1160
"../../../Engine/Content/Internationalization/icudt64l/region/az_Latn_AZ.res" 1161
"../../../Engine/Content/Internationalization/icudt64l/region/az_Latn.res" 1162
"../../../Engine/Content/Internationalization/icudt64l/region/az.res" 1163
"../../../Engine/Content/Internationalization/icudt64l/region/az_Cyrl.res" 1164
"../../../Engine/Content/Internationalization/icudt64l/lang/bas.res" 1165
"../../../Engine/Content/Internationalization/icudt64l/region/bas.res" 1166
"../../../Engine/Content/Internationalization/icudt64l/lang/be.res" 1167
"../../../Engine/Content/Internationalization/icudt64l/region/be.res" 1168
"../../../Engine/Content/Internationalization/icudt64l/lang/bem.res" 1169
"../../../Engine/Content/Internationalization/icudt64l/region/bem.res" 1170
"../../../Engine/Content/Internationalization/icudt64l/lang/bez.res" 1171
"../../../Engine/Content/Internationalization/icudt64l/region/bez.res" 1172
"../../../Engine/Content/Internationalization/icudt64l/lang/bg.res" 1173
"../../../Engine/Content/Internationalization/icudt64l/region/bg.res" 1174
"../../../Engine/Content/Internationalization/icudt64l/lang/bm.res" 1175
"../../../Engine/Content/Internationalization/icudt64l/region/bm.res" 1176
"../../../Engine/Content/Internationalization/icudt64l/lang/bn.res" 1177
"../../../Engine/Content/Internationalization/icudt64l/region/bn.res" 1178
"../../../Engine/Content/Internationalization/icudt64l/lang/bn_IN.res" 1179
"../../../Engine/Content/Internationalization/icudt64l/region/bn_IN.res" 1180
"../../../Engine/Content/Internationalization/icudt64l/lang/bo.res" 1181
"../../../Engine/Content/Internationalization/icudt64l/region/bo.res" 1182
"../../../Engine/Content/Internationalization/icudt64l/region/bo_IN.res" 1183
"../../../Engine/Content/Internationalization/icudt64l/lang/br.res" 1184
"../../../Engine/Content/Internationalization/icudt64l/region/br.res" 1185
"../../../Engine/Content/Internationalization/icudt64l/lang/brx.res" 1186
"../../../Engine/Content/Internationalization/icudt64l/region/brx.res" 1187
"../../../Engine/Content/Internationalization/icudt64l/lang/bs.res" 1188
"../../../Engine/Content/Internationalization/icudt64l/lang/bs_Cyrl.res" 1189
"../../../Engine/Content/Internationalization/icudt64l/lang/bs_BA.res" 1190
"../../../Engine/Content/Internationalization/icudt64l/lang/bs_Latn_BA.res" 1191
"../../../Engine/Content/Internationalization/icudt64l/lang/bs_Latn.res" 1192
"../../../Engine/Content/Internationalization/icudt64l/region/bs_BA.res" 1193
"../../../Engine/Content/Internationalization/icudt64l/region/bs_Latn_BA.res" 1194
"../../../Engine/Content/Internationalization/icudt64l/region/bs_Latn.res" 1195
"../../../Engine/Content/Internationalization/icudt64l/region/bs.res" 1196
"../../../Engine/Content/Internationalization/icudt64l/region/bs_Cyrl.res" 1197
"../../../Engine/Content/Internationalization/icudt64l/lang/ca.res" 1198
"../../../Engine/Content/Internationalization/icudt64l/region/ca.res" 1199
"../../../Engine/Content/Internationalization/icudt64l/lang/ccp.res" 1200
"../../../Engine/Content/Internationalization/icudt64l/region/ccp.res" 1201
"../../../Engine/Content/Internationalization/icudt64l/lang/ce.res" 1202
"../../../Engine/Content/Internationalization/icudt64l/region/ce.res" 1203
"../../../Engine/Content/Internationalization/icudt64l/lang/ceb.res" 1204
"../../../Engine/Content/Internationalization/icudt64l/region/ceb.res" 1205
"../../../Engine/Content/Internationalization/icudt64l/lang/cgg.res" 1206
"../../../Engine/Content/Internationalization/icudt64l/region/cgg.res" 1207
"../../../Engine/Content/Internationalization/icudt64l/lang/chr.res" 1208
"../../../Engine/Content/Internationalization/icudt64l/region/chr.res" 1209
"../../../Engine/Content/Internationalization/icudt64l/lang/ckb.res" 1210
"../../../Engine/Content/Internationalization/icudt64l/region/ckb.res" 1211
"../../../Engine/Content/Internationalization/icudt64l/lang/cs.res" 1212
"../../../Engine/Content/Internationalization/icudt64l/region/cs.res" 1213
"../../../Engine/Content/Internationalization/icudt64l/lang/cy.res" 1214
"../../../Engine/Content/Internationalization/icudt64l/region/cy.res" 1215
"../../../Engine/Content/Internationalization/icudt64l/lang/da.res" 1216
"../../../Engine/Content/Internationalization/icudt64l/region/da.res" 1217
"../../../Engine/Content/Internationalization/icudt64l/lang/dav.res" 1218
"../../../Engine/Content/Internationalization/icudt64l/region/dav.res" 1219
"../../../Engine/Content/Internationalization/icudt64l/lang/de.res" 1220
"../../../Engine/Content/Internationalization/icudt64l/lang/de_AT.res" 1221
"../../../Engine/Content/Internationalization/icudt64l/region/de_AT.res" 1222
"../../../Engine/Content/Internationalization/icudt64l/region/de.res" 1223
"../../../Engine/Content/Internationalization/icudt64l/lang/de_CH.res" 1224
"../../../Engine/Content/Internationalization/icudt64l/region/de_CH.res" 1225
"../../../Engine/Content/Internationalization/icudt64l/lang/de_LU.res" 1226
"../../../Engine/Content/Internationalization/icudt64l/lang/dje.res" 1227
"../../../Engine/Content/Internationalization/icudt64l/region/dje.res" 1228
"../../../Engine/Content/Internationalization/icudt64l/lang/dsb.res" 1229
"../../../Engine/Content/Internationalization/icudt64l/region/dsb.res" 1230
"../../../Engine/Content/Internationalization/icudt64l/lang/dua.res" 1231
"../../../Engine/Content/Internationalization/icudt64l/region/dua.res" 1232
"../../../Engine/Content/Internationalization/icudt64l/lang/dyo.res" 1233
"../../../Engine/Content/Internationalization/icudt64l/region/dyo.res" 1234
"../../../Engine/Content/Internationalization/icudt64l/lang/dz.res" 1235
"../../../Engine/Content/Internationalization/icudt64l/region/dz.res" 1236
"../../../Engine/Content/Internationalization/icudt64l/lang/ebu.res" 1237
"../../../Engine/Content/Internationalization/icudt64l/region/ebu.res" 1238
"../../../Engine/Content/Internationalization/icudt64l/lang/ee.res" 1239
"../../../Engine/Content/Internationalization/icudt64l/region/ee.res" 1240
"../../../Engine/Content/Internationalization/icudt64l/lang/el.res" 1241
"../../../Engine/Content/Internationalization/icudt64l/region/el.res" 1242
"../../../Engine/Content/Internationalization/icudt64l/lang/en_001.res" 1243
"../../../Engine/Content/Internationalization/icudt64l/lang/en_150.res" 1244
"../../../Engine/Content/Internationalization/icudt64l/region/en_150.res" 1245
"../../../Engine/Content/Internationalization/icudt64l/lang/en_AG.res" 1246
"../../../Engine/Content/Internationalization/icudt64l/region/en_AG.res" 1247
"../../../Engine/Content/Internationalization/icudt64l/lang/en_AI.res" 1248
"../../../Engine/Content/Internationalization/icudt64l/region/en_AI.res" 1249
"../../../Engine/Content/Internationalization/icudt64l/lang/en_AT.res" 1250
"../../../Engine/Content/Internationalization/icudt64l/region/en_AT.res" 1251
"../../../Engine/Content/Internationalization/icudt64l/lang/en_AU.res" 1252
"../../../Engine/Content/Internationalization/icudt64l/region/en_AU.res" 1253
"../../../Engine/Content/Internationalization/icudt64l/lang/en_BB.res" 1254
"../../../Engine/Content/Internationalization/icudt64l/region/en_BB.res" 1255
"../../../Engine/Content/Internationalization/icudt64l/lang/en_BE.res" 1256
"../../../Engine/Content/Internationalization/icudt64l/region/en_BE.res" 1257
"../../../Engine/Content/Internationalization/icudt64l/lang/en_BM.res" 1258
"../../../Engine/Content/Internationalization/icudt64l/region/en_BM.res" 1259
"../../../Engine/Content/Internationalization/icudt64l/lang/en_BS.res" 1260
"../../../Engine/Content/Internationalization/icudt64l/region/en_BS.res" 1261
"../../../Engine/Content/Internationalization/icudt64l/lang/en_BW.res" 1262
"../../../Engine/Content/Internationalization/icudt64l/region/en_BW.res" 1263
"../../../Engine/Content/Internationalization/icudt64l/lang/en_BZ.res" 1264
"../../../Engine/Content/Internationalization/icudt64l/region/en_BZ.res" 1265
"../../../Engine/Content/Internationalization/icudt64l/lang/en_CA.res" 1266
"../../../Engine/Content/Internationalization/icudt64l/region/en_CA.res" 1267
"../../../Engine/Content/Internationalization/icudt64l/lang/en_CC.res" 1268
"../../../Engine/Content/Internationalization/icudt64l/region/en_CC.res" 1269
"../../../Engine/Content/Internationalization/icudt64l/lang/en_CH.res" 1270
"../../../Engine/Content/Internationalization/icudt64l/region/en_CH.res" 1271
"../../../Engine/Content/Internationalization/icudt64l/lang/en_CK.res" 1272
"../../../Engine/Content/Internationalization/icudt64l/region/en_CK.res" 1273
"../../../Engine/Content/Internationalization/icudt64l/lang/en_CM.res" 1274
"../../../Engine/Content/Internationalization/icudt64l/region/en_CM.res" 1275
"../../../Engine/Content/Internationalization/icudt64l/lang/en_CX.res" 1276
"../../../Engine/Content/Internationalization/icudt64l/region/en_CX.res" 1277
"../../../Engine/Content/Internationalization/icudt64l/lang/en_CY.res" 1278
"../../../Engine/Content/Internationalization/icudt64l/region/en_CY.res" 1279
"../../../Engine/Content/Internationalization/icudt64l/lang/en_DE.res" 1280
"../../../Engine/Content/Internationalization/icudt64l/region/en_DE.res" 1281
"../../../Engine/Content/Internationalization/icudt64l/lang/en_DG.res" 1282
"../../../Engine/Content/Internationalization/icudt64l/region/en_DG.res" 1283
"../../../Engine/Content/Internationalization/icudt64l/lang/en_DK.res" 1284
"../../../Engine/Content/Internationalization/icudt64l/region/en_DK.res" 1285
"../../../Engine/Content/Internationalization/icudt64l/lang/en_DM.res" 1286
"../../../Engine/Content/Internationalization/icudt64l/region/en_DM.res" 1287
"../../../Engine/Content/Internationalization/icudt64l/lang/en_ER.res" 1288
"../../../Engine/Content/Internationalization/icudt64l/region/en_ER.res" 1289
"../../../Engine/Content/Internationalization/icudt64l/lang/en_FI.res" 1290
"../../../Engine/Content/Internationalization/icudt64l/region/en_FI.res" 1291
"../../../Engine/Content/Internationalization/icudt64l/lang/en_FJ.res" 1292
"../../../Engine/Content/Internationalization/icudt64l/region/en_FJ.res" 1293
"../../../Engine/Content/Internationalization/icudt64l/lang/en_FK.res" 1294
"../../../Engine/Content/Internationalization/icudt64l/region/en_FK.res" 1295
"../../../Engine/Content/Internationalization/icudt64l/lang/en_FM.res" 1296
"../../../Engine/Content/Internationalization/icudt64l/region/en_FM.res" 1297
"../../../Engine/Content/Internationalization/icudt64l/lang/en_GB.res" 1298
"../../../Engine/Content/Internationalization/icudt64l/region/en_GB.res" 1299
"../../../Engine/Content/Internationalization/icudt64l/lang/en_GD.res" 1300
"../../../Engine/Content/Internationalization/icudt64l/region/en_GD.res" 1301
"../../../Engine/Content/Internationalization/icudt64l/lang/en_GG.res" 1302
"../../../Engine/Content/Internationalization/icudt64l/region/en_GG.res" 1303
"../../../Engine/Content/Internationalization/icudt64l/lang/en_GH.res" 1304
"../../../Engine/Content/Internationalization/icudt64l/region/en_GH.res" 1305
"../../../Engine/Content/Internationalization/icudt64l/lang/en_GI.res" 1306
"../../../Engine/Content/Internationalization/icudt64l/region/en_GI.res" 1307
"../../../Engine/Content/Internationalization/icudt64l/lang/en_GM.res" 1308
"../../../Engine/Content/Internationalization/icudt64l/region/en_GM.res" 1309
"../../../Engine/Content/Internationalization/icudt64l/lang/en_GY.res" 1310
"../../../Engine/Content/Internationalization/icudt64l/region/en_GY.res" 1311
"../../../Engine/Content/Internationalization/icudt64l/lang/en_HK.res" 1312
"../../../Engine/Content/Internationalization/icudt64l/region/en_HK.res" 1313
"../../../Engine/Content/Internationalization/icudt64l/lang/en_IE.res" 1314
"../../../Engine/Content/Internationalization/icudt64l/region/en_IE.res" 1315
"../../../Engine/Content/Internationalization/icudt64l/lang/en_IL.res" 1316
"../../../Engine/Content/Internationalization/icudt64l/region/en_IL.res" 1317
"../../../Engine/Content/Internationalization/icudt64l/lang/en_IM.res" 1318
"../../../Engine/Content/Internationalization/icudt64l/region/en_IM.res" 1319
"../../../Engine/Content/Internationalization/icudt64l/lang/en_IN.res" 1320
"../../../Engine/Content/Internationalization/icudt64l/region/en_IN.res" 1321
"../../../Engine/Content/Internationalization/icudt64l/lang/en_IO.res" 1322
"../../../Engine/Content/Internationalization/icudt64l/region/en_IO.res" 1323
"../../../Engine/Content/Internationalization/icudt64l/lang/en_JE.res" 1324
"../../../Engine/Content/Internationalization/icudt64l/region/en_JE.res" 1325
"../../../Engine/Content/Internationalization/icudt64l/lang/en_JM.res" 1326
"../../../Engine/Content/Internationalization/icudt64l/region/en_JM.res" 1327
"../../../Engine/Content/Internationalization/icudt64l/lang/en_KE.res" 1328
"../../../Engine/Content/Internationalization/icudt64l/region/en_KE.res" 1329
"../../../Engine/Content/Internationalization/icudt64l/lang/en_KI.res" 1330
"../../../Engine/Content/Internationalization/icudt64l/region/en_KI.res" 1331
"../../../Engine/Content/Internationalization/icudt64l/lang/en_KN.res" 1332
"../../../Engine/Content/Internationalization/icudt64l/region/en_KN.res" 1333
"../../../Engine/Content/Internationalization/icudt64l/lang/en_KY.res" 1334
"../../../Engine/Content/Internationalization/icudt64l/region/en_KY.res" 1335
"../../../Engine/Content/Internationalization/icudt64l/lang/en_LC.res" 1336
"../../../Engine/Content/Internationalization/icudt64l/region/en_LC.res" 1337
"../../../Engine/Content/Internationalization/icudt64l/lang/en_LR.res" 1338
"../../../Engine/Content/Internationalization/icudt64l/region/en_LR.res" 1339
"../../../Engine/Content/Internationalization/icudt64l/lang/en_LS.res" 1340
"../../../Engine/Content/Internationalization/icudt64l/region/en_LS.res" 1341
"../../../Engine/Content/Internationalization/icudt64l/lang/en_MG.res" 1342
"../../../Engine/Content/Internationalization/icudt64l/region/en_MG.res" 1343
"../../../Engine/Content/Internationalization/icudt64l/lang/en_MO.res" 1344
"../../../Engine/Content/Internationalization/icudt64l/region/en_MO.res" 1345
"../../../Engine/Content/Internationalization/icudt64l/lang/en_MS.res" 1346
"../../../Engine/Content/Internationalization/icudt64l/region/en_MS.res" 1347
"../../../Engine/Content/Internationalization/icudt64l/lang/en_MT.res" 1348
"../../../Engine/Content/Internationalization/icudt64l/region/en_MT.res" 1349
"../../../Engine/Content/Internationalization/icudt64l/lang/en_MU.res" 1350
"../../../Engine/Content/Internationalization/icudt64l/region/en_MU.res" 1351
"../../../Engine/Content/Internationalization/icudt64l/lang/en_MW.res" 1352
"../../../Engine/Content/Internationalization/icudt64l/region/en_MW.res" 1353
"../../../Engine/Content/Internationalization/icudt64l/lang/en_MY.res" 1354
"../../../Engine/Content/Internationalization/icudt64l/region/en_MY.res" 1355
"../../../Engine/Content/Internationalization/icudt64l/lang/en_NA.res" 1356
"../../../Engine/Content/Internationalization/icudt64l/region/en_NA.res" 1357
"../../../Engine/Content/Internationalization/icudt64l/lang/en_NF.res" 1358
"../../../Engine/Content/Internationalization/icudt64l/region/en_NF.res" 1359
"../../../Engine/Content/Internationalization/icudt64l/lang/en_NG.res" 1360
"../../../Engine/Content/Internationalization/icudt64l/region/en_NG.res" 1361
"../../../Engine/Content/Internationalization/icudt64l/lang/en_NL.res" 1362
"../../../Engine/Content/Internationalization/icudt64l/region/en_NL.res" 1363
"../../../Engine/Content/Internationalization/icudt64l/lang/en_NR.res" 1364
"../../../Engine/Content/Internationalization/icudt64l/region/en_NR.res" 1365
"../../../Engine/Content/Internationalization/icudt64l/lang/en_NU.res" 1366
"../../../Engine/Content/Internationalization/icudt64l/region/en_NU.res" 1367
"../../../Engine/Content/Internationalization/icudt64l/lang/en_NZ.res" 1368
"../../../Engine/Content/Internationalization/icudt64l/region/en_NZ.res" 1369
"../../../Engine/Content/Internationalization/icudt64l/lang/en_PG.res" 1370
"../../../Engine/Content/Internationalization/icudt64l/region/en_PG.res" 1371
"../../../Engine/Content/Internationalization/icudt64l/lang/en_PH.res" 1372
"../../../Engine/Content/Internationalization/icudt64l/region/en_PH.res" 1373
"../../../Engine/Content/Internationalization/icudt64l/lang/en_PK.res" 1374
"../../../Engine/Content/Internationalization/icudt64l/region/en_PK.res" 1375
"../../../Engine/Content/Internationalization/icudt64l/lang/en_PN.res" 1376
"../../../Engine/Content/Internationalization/icudt64l/region/en_PN.res" 1377
"../../../Engine/Content/Internationalization/icudt64l/lang/en_PW.res" 1378
"../../../Engine/Content/Internationalization/icudt64l/region/en_PW.res" 1379
"../../../Engine/Content/Internationalization/icudt64l/lang/en_RW.res" 1380
"../../../Engine/Content/Internationalization/icudt64l/region/en_RW.res" 1381
"../../../Engine/Content/Internationalization/icudt64l/lang/en_SB.res" 1382
"../../../Engine/Content/Internationalization/icudt64l/region/en_SB.res" 1383
"../../../Engine/Content/Internationalization/icudt64l/lang/en_SC.res" 1384
"../../../Engine/Content/Internationalization/icudt64l/region/en_SC.res" 1385
"../../../Engine/Content/Internationalization/icudt64l/lang/en_SD.res" 1386
"../../../Engine/Content/Internationalization/icudt64l/region/en_SD.res" 1387
"../../../Engine/Content/Internationalization/icudt64l/lang/en_SE.res" 1388
"../../../Engine/Content/Internationalization/icudt64l/region/en_SE.res" 1389
"../../../Engine/Content/Internationalization/icudt64l/lang/en_SG.res" 1390
"../../../Engine/Content/Internationalization/icudt64l/region/en_SG.res" 1391
"../../../Engine/Content/Internationalization/icudt64l/lang/en_SH.res" 1392
"../../../Engine/Content/Internationalization/icudt64l/region/en_SH.res" 1393
"../../../Engine/Content/Internationalization/icudt64l/lang/en_SI.res" 1394
"../../../Engine/Content/Internationalization/icudt64l/region/en_SI.res" 1395
"../../../Engine/Content/Internationalization/icudt64l/lang/en_SL.res" 1396
"../../../Engine/Content/Internationalization/icudt64l/region/en_SL.res" 1397
"../../../Engine/Content/Internationalization/icudt64l/lang/en_SS.res" 1398
"../../../Engine/Content/Internationalization/icudt64l/region/en_SS.res" 1399
"../../../Engine/Content/Internationalization/icudt64l/lang/en_SX.res" 1400
"../../../Engine/Content/Internationalization/icudt64l/region/en_SX.res" 1401
"../../../Engine/Content/Internationalization/icudt64l/lang/en_SZ.res" 1402
"../../../Engine/Content/Internationalization/icudt64l/region/en_SZ.res" 1403
"../../../Engine/Content/Internationalization/icudt64l/lang/en_TC.res" 1404
"../../../Engine/Content/Internationalization/icudt64l/region/en_TC.res" 1405
"../../../Engine/Content/Internationalization/icudt64l/lang/en_TK.res" 1406
"../../../Engine/Content/Internationalization/icudt64l/region/en_TK.res" 1407
"../../../Engine/Content/Internationalization/icudt64l/lang/en_TO.res" 1408
"../../../Engine/Content/Internationalization/icudt64l/region/en_TO.res" 1409
"../../../Engine/Content/Internationalization/icudt64l/lang/en_TT.res" 1410
"../../../Engine/Content/Internationalization/icudt64l/region/en_TT.res" 1411
"../../../Engine/Content/Internationalization/icudt64l/lang/en_TV.res" 1412
"../../../Engine/Content/Internationalization/icudt64l/region/en_TV.res" 1413
"../../../Engine/Content/Internationalization/icudt64l/lang/en_TZ.res" 1414
"../../../Engine/Content/Internationalization/icudt64l/region/en_TZ.res" 1415
"../../../Engine/Content/Internationalization/icudt64l/lang/en_UG.res" 1416
"../../../Engine/Content/Internationalization/icudt64l/region/en_UG.res" 1417
"../../../Engine/Content/Internationalization/icudt64l/lang/en_VC.res" 1418
"../../../Engine/Content/Internationalization/icudt64l/region/en_VC.res" 1419
"../../../Engine/Content/Internationalization/icudt64l/lang/en_VG.res" 1420
"../../../Engine/Content/Internationalization/icudt64l/region/en_VG.res" 1421
"../../../Engine/Content/Internationalization/icudt64l/lang/en_VU.res" 1422
"../../../Engine/Content/Internationalization/icudt64l/region/en_VU.res" 1423
"../../../Engine/Content/Internationalization/icudt64l/lang/en_WS.res" 1424
"../../../Engine/Content/Internationalization/icudt64l/region/en_WS.res" 1425
"../../../Engine/Content/Internationalization/icudt64l/lang/en_ZA.res" 1426
"../../../Engine/Content/Internationalization/icudt64l/region/en_ZA.res" 1427
"../../../Engine/Content/Internationalization/icudt64l/lang/en_ZM.res" 1428
"../../../Engine/Content/Internationalization/icudt64l/region/en_ZM.res" 1429
"../../../Engine/Content/Internationalization/icudt64l/lang/en_ZW.res" 1430
"../../../Engine/Content/Internationalization/icudt64l/region/en_ZW.res" 1431
"../../../Engine/Content/Internationalization/icudt64l/lang/eo.res" 1432
"../../../Engine/Content/Internationalization/icudt64l/region/eo.res" 1433
"../../../Engine/Content/Internationalization/icudt64l/lang/es.res" 1434
"../../../Engine/Content/Internationalization/icudt64l/lang/es_419.res" 1435
"../../../Engine/Content/Internationalization/icudt64l/region/es_419.res" 1436
"../../../Engine/Content/Internationalization/icudt64l/region/es.res" 1437
"../../../Engine/Content/Internationalization/icudt64l/lang/es_AR.res" 1438
"../../../Engine/Content/Internationalization/icudt64l/region/es_AR.res" 1439
"../../../Engine/Content/Internationalization/icudt64l/lang/es_BO.res" 1440
"../../../Engine/Content/Internationalization/icudt64l/region/es_BO.res" 1441
"../../../Engine/Content/Internationalization/icudt64l/lang/es_BR.res" 1442
"../../../Engine/Content/Internationalization/icudt64l/region/es_BR.res" 1443
"../../../Engine/Content/Internationalization/icudt64l/lang/es_BZ.res" 1444
"../../../Engine/Content/Internationalization/icudt64l/region/es_BZ.res" 1445
"../../../Engine/Content/Internationalization/icudt64l/lang/es_CL.res" 1446
"../../../Engine/Content/Internationalization/icudt64l/region/es_CL.res" 1447
"../../../Engine/Content/Internationalization/icudt64l/lang/es_CO.res" 1448
"../../../Engine/Content/Internationalization/icudt64l/region/es_CO.res" 1449
"../../../Engine/Content/Internationalization/icudt64l/lang/es_CR.res" 1450
"../../../Engine/Content/Internationalization/icudt64l/region/es_CR.res" 1451
"../../../Engine/Content/Internationalization/icudt64l/lang/es_CU.res" 1452
"../../../Engine/Content/Internationalization/icudt64l/region/es_CU.res" 1453
"../../../Engine/Content/Internationalization/icudt64l/lang/es_DO.res" 1454
"../../../Engine/Content/Internationalization/icudt64l/region/es_DO.res" 1455
"../../../Engine/Content/Internationalization/icudt64l/lang/es_EC.res" 1456
"../../../Engine/Content/Internationalization/icudt64l/region/es_EC.res" 1457
"../../../Engine/Content/Internationalization/icudt64l/lang/es_GT.res" 1458
"../../../Engine/Content/Internationalization/icudt64l/region/es_GT.res" 1459
"../../../Engine/Content/Internationalization/icudt64l/lang/es_HN.res" 1460
"../../../Engine/Content/Internationalization/icudt64l/region/es_HN.res" 1461
"../../../Engine/Content/Internationalization/icudt64l/lang/es_MX.res" 1462
"../../../Engine/Content/Internationalization/icudt64l/region/es_MX.res" 1463
"../../../Engine/Content/Internationalization/icudt64l/lang/es_NI.res" 1464
"../../../Engine/Content/Internationalization/icudt64l/region/es_NI.res" 1465
"../../../Engine/Content/Internationalization/icudt64l/lang/es_PA.res" 1466
"../../../Engine/Content/Internationalization/icudt64l/region/es_PA.res" 1467
"../../../Engine/Content/Internationalization/icudt64l/lang/es_PE.res" 1468
"../../../Engine/Content/Internationalization/icudt64l/region/es_PE.res" 1469
"../../../Engine/Content/Internationalization/icudt64l/lang/es_PR.res" 1470
"../../../Engine/Content/Internationalization/icudt64l/region/es_PR.res" 1471
"../../../Engine/Content/Internationalization/icudt64l/lang/es_PY.res" 1472
"../../../Engine/Content/Internationalization/icudt64l/region/es_PY.res" 1473
"../../../Engine/Content/Internationalization/icudt64l/lang/es_SV.res" 1474
"../../../Engine/Content/Internationalization/icudt64l/region/es_SV.res" 1475
"../../../Engine/Content/Internationalization/icudt64l/lang/es_US.res" 1476
"../../../Engine/Content/Internationalization/icudt64l/region/es_US.res" 1477
"../../../Engine/Content/Internationalization/icudt64l/lang/es_UY.res" 1478
"../../../Engine/Content/Internationalization/icudt64l/region/es_UY.res" 1479
"../../../Engine/Content/Internationalization/icudt64l/lang/es_VE.res" 1480
"../../../Engine/Content/Internationalization/icudt64l/region/es_VE.res" 1481
"../../../Engine/Content/Internationalization/icudt64l/lang/et.res" 1482
"../../../Engine/Content/Internationalization/icudt64l/region/et.res" 1483
"../../../Engine/Content/Internationalization/icudt64l/lang/eu.res" 1484
"../../../Engine/Content/Internationalization/icudt64l/region/eu.res" 1485
"../../../Engine/Content/Internationalization/icudt64l/lang/ewo.res" 1486
"../../../Engine/Content/Internationalization/icudt64l/region/ewo.res" 1487
"../../../Engine/Content/Internationalization/icudt64l/lang/fa.res" 1488
"../../../Engine/Content/Internationalization/icudt64l/lang/fa_AF.res" 1489
"../../../Engine/Content/Internationalization/icudt64l/region/fa_AF.res" 1490
"../../../Engine/Content/Internationalization/icudt64l/region/fa.res" 1491
"../../../Engine/Content/Internationalization/icudt64l/lang/ff.res" 1492
"../../../Engine/Content/Internationalization/icudt64l/lang/ff_Latn.res" 1493
"../../../Engine/Content/Internationalization/icudt64l/region/ff.res" 1494
"../../../Engine/Content/Internationalization/icudt64l/region/ff_Latn.res" 1495
"../../../Engine/Content/Internationalization/icudt64l/lang/ff_CM.res" 1496
"../../../Engine/Content/Internationalization/icudt64l/lang/ff_Latn_CM.res" 1497
"../../../Engine/Content/Internationalization/icudt64l/region/ff_CM.res" 1498
"../../../Engine/Content/Internationalization/icudt64l/region/ff_Latn_CM.res" 1499
"../../../Engine/Content/Internationalization/icudt64l/lang/ff_GN.res" 1500
"../../../Engine/Content/Internationalization/icudt64l/lang/ff_Latn_GN.res" 1501
"../../../Engine/Content/Internationalization/icudt64l/region/ff_GN.res" 1502
"../../../Engine/Content/Internationalization/icudt64l/region/ff_Latn_GN.res" 1503
"../../../Engine/Content/Internationalization/icudt64l/lang/ff_MR.res" 1504
"../../../Engine/Content/Internationalization/icudt64l/lang/ff_Latn_MR.res" 1505
"../../../Engine/Content/Internationalization/icudt64l/region/ff_MR.res" 1506
"../../../Engine/Content/Internationalization/icudt64l/region/ff_Latn_MR.res" 1507
"../../../Engine/Content/Internationalization/icudt64l/lang/ff_SN.res" 1508
"../../../Engine/Content/Internationalization/icudt64l/lang/ff_Latn_SN.res" 1509
"../../../Engine/Content/Internationalization/icudt64l/region/ff_SN.res" 1510
"../../../Engine/Content/Internationalization/icudt64l/region/ff_Latn_SN.res" 1511
"../../../Engine/Content/Internationalization/icudt64l/lang/fi.res" 1512
"../../../Engine/Content/Internationalization/icudt64l/region/fi.res" 1513
"../../../Engine/Content/Internationalization/icudt64l/lang/fil.res" 1514
"../../../Engine/Content/Internationalization/icudt64l/lang/fil_PH.res" 1515
"../../../Engine/Content/Internationalization/icudt64l/region/fil_PH.res" 1516
"../../../Engine/Content/Internationalization/icudt64l/region/fil.res" 1517
"../../../Engine/Content/Internationalization/icudt64l/lang/fo.res" 1518
"../../../Engine/Content/Internationalization/icudt64l/region/fo.res" 1519
"../../../Engine/Content/Internationalization/icudt64l/lang/fr.res" 1520
"../../../Engine/Content/Internationalization/icudt64l/lang/fr_BE.res" 1521
"../../../Engine/Content/Internationalization/icudt64l/region/fr_BE.res" 1522
"../../../Engine/Content/Internationalization/icudt64l/region/fr.res" 1523
"../../../Engine/Content/Internationalization/icudt64l/lang/fr_CA.res" 1524
"../../../Engine/Content/Internationalization/icudt64l/region/fr_CA.res" 1525
"../../../Engine/Content/Internationalization/icudt64l/lang/fr_CH.res" 1526
"../../../Engine/Content/Internationalization/icudt64l/lang/fur.res" 1527
"../../../Engine/Content/Internationalization/icudt64l/region/fur.res" 1528
"../../../Engine/Content/Internationalization/icudt64l/lang/fy.res" 1529
"../../../Engine/Content/Internationalization/icudt64l/region/fy.res" 1530
"../../../Engine/Content/Internationalization/icudt64l/lang/ga.res" 1531
"../../../Engine/Content/Internationalization/icudt64l/region/ga.res" 1532
"../../../Engine/Content/Internationalization/icudt64l/lang/gd.res" 1533
"../../../Engine/Content/Internationalization/icudt64l/region/gd.res" 1534
"../../../Engine/Content/Internationalization/icudt64l/lang/gl.res" 1535
"../../../Engine/Content/Internationalization/icudt64l/region/gl.res" 1536
"../../../Engine/Content/Internationalization/icudt64l/lang/gsw.res" 1537
"../../../Engine/Content/Internationalization/icudt64l/region/gsw.res" 1538
"../../../Engine/Content/Internationalization/icudt64l/lang/gu.res" 1539
"../../../Engine/Content/Internationalization/icudt64l/region/gu.res" 1540
"../../../Engine/Content/Internationalization/icudt64l/lang/guz.res" 1541
"../../../Engine/Content/Internationalization/icudt64l/region/guz.res" 1542
"../../../Engine/Content/Internationalization/icudt64l/lang/gv.res" 1543
"../../../Engine/Content/Internationalization/icudt64l/region/gv.res" 1544
"../../../Engine/Content/Internationalization/icudt64l/lang/ha.res" 1545
"../../../Engine/Content/Internationalization/icudt64l/region/ha.res" 1546
"../../../Engine/Content/Internationalization/icudt64l/lang/ha_NE.res" 1547
"../../../Engine/Content/Internationalization/icudt64l/region/ha_NE.res" 1548
"../../../Engine/Content/Internationalization/icudt64l/lang/haw.res" 1549
"../../../Engine/Content/Internationalization/icudt64l/region/haw.res" 1550
"../../../Engine/Content/Internationalization/icudt64l/lang/he.res" 1551
"../../../Engine/Content/Internationalization/icudt64l/lang/he_IL.res" 1552
"../../../Engine/Content/Internationalization/icudt64l/region/he_IL.res" 1553
"../../../Engine/Content/Internationalization/icudt64l/region/he.res" 1554
"../../../Engine/Content/Internationalization/icudt64l/lang/hi.res" 1555
"../../../Engine/Content/Internationalization/icudt64l/region/hi.res" 1556
"../../../Engine/Content/Internationalization/icudt64l/lang/hr.res" 1557
"../../../Engine/Content/Internationalization/icudt64l/region/hr.res" 1558
"../../../Engine/Content/Internationalization/icudt64l/lang/hsb.res" 1559
"../../../Engine/Content/Internationalization/icudt64l/region/hsb.res" 1560
"../../../Engine/Content/Internationalization/icudt64l/lang/hu.res" 1561
"../../../Engine/Content/Internationalization/icudt64l/region/hu.res" 1562
"../../../Engine/Content/Internationalization/icudt64l/lang/hy.res" 1563
"../../../Engine/Content/Internationalization/icudt64l/region/hy.res" 1564
"../../../Engine/Content/Internationalization/icudt64l/lang/ia.res" 1565
"../../../Engine/Content/Internationalization/icudt64l/region/ia.res" 1566
"../../../Engine/Content/Internationalization/icudt64l/lang/id.res" 1567
"../../../Engine/Content/Internationalization/icudt64l/lang/id_ID.res" 1568
"../../../Engine/Content/Internationalization/icudt64l/region/id_ID.res" 1569
"../../../Engine/Content/Internationalization/icudt64l/region/id.res" 1570
"../../../Engine/Content/Internationalization/icudt64l/lang/ig.res" 1571
"../../../Engine/Content/Internationalization/icudt64l/region/ig.res" 1572
"../../../Engine/Content/Internationalization/icudt64l/lang/ii.res" 1573
"../../../Engine/Content/Internationalization/icudt64l/region/ii.res" 1574
"../../../Engine/Content/Internationalization/icudt64l/lang/is.res" 1575
"../../../Engine/Content/Internationalization/icudt64l/region/is.res" 1576
"../../../Engine/Content/Internationalization/icudt64l/lang/it.res" 1577
"../../../Engine/Content/Internationalization/icudt64l/region/it.res" 1578
"../../../Engine/Content/Internationalization/icudt64l/lang/ja.res" 1579
"../../../Engine/Content/Internationalization/icudt64l/lang/ja_JP.res" 1580
"../../../Engine/Content/Internationalization/icudt64l/region/ja_JP.res" 1581
"../../../Engine/Content/Internationalization/icudt64l/region/ja.res" 1582
"../../../Engine/Content/Internationalization/icudt64l/lang/jgo.res" 1583
"../../../Engine/Content/Internationalization/icudt64l/region/jgo.res" 1584
"../../../Engine/Content/Internationalization/icudt64l/lang/jmc.res" 1585
"../../../Engine/Content/Internationalization/icudt64l/region/jmc.res" 1586
"../../../Engine/Content/Internationalization/icudt64l/lang/jv.res" 1587
"../../../Engine/Content/Internationalization/icudt64l/region/jv.res" 1588
"../../../Engine/Content/Internationalization/icudt64l/lang/ka.res" 1589
"../../../Engine/Content/Internationalization/icudt64l/region/ka.res" 1590
"../../../Engine/Content/Internationalization/icudt64l/lang/kab.res" 1591
"../../../Engine/Content/Internationalization/icudt64l/region/kab.res" 1592
"../../../Engine/Content/Internationalization/icudt64l/lang/kam.res" 1593
"../../../Engine/Content/Internationalization/icudt64l/region/kam.res" 1594
"../../../Engine/Content/Internationalization/icudt64l/lang/kde.res" 1595
"../../../Engine/Content/Internationalization/icudt64l/region/kde.res" 1596
"../../../Engine/Content/Internationalization/icudt64l/lang/kea.res" 1597
"../../../Engine/Content/Internationalization/icudt64l/region/kea.res" 1598
"../../../Engine/Content/Internationalization/icudt64l/lang/khq.res" 1599
"../../../Engine/Content/Internationalization/icudt64l/region/khq.res" 1600
"../../../Engine/Content/Internationalization/icudt64l/lang/ki.res" 1601
"../../../Engine/Content/Internationalization/icudt64l/region/ki.res" 1602
"../../../Engine/Content/Internationalization/icudt64l/lang/kk.res" 1603
"../../../Engine/Content/Internationalization/icudt64l/region/kk.res" 1604
"../../../Engine/Content/Internationalization/icudt64l/lang/kkj.res" 1605
"../../../Engine/Content/Internationalization/icudt64l/region/kkj.res" 1606
"../../../Engine/Content/Internationalization/icudt64l/lang/kl.res" 1607
"../../../Engine/Content/Internationalization/icudt64l/region/kl.res" 1608
"../../../Engine/Content/Internationalization/icudt64l/lang/kln.res" 1609
"../../../Engine/Content/Internationalization/icudt64l/region/kln.res" 1610
"../../../Engine/Content/Internationalization/icudt64l/lang/km.res" 1611
"../../../Engine/Content/Internationalization/icudt64l/region/km.res" 1612
"../../../Engine/Content/Internationalization/icudt64l/lang/kn.res" 1613
"../../../Engine/Content/Internationalization/icudt64l/region/kn.res" 1614
"../../../Engine/Content/Internationalization/icudt64l/lang/ko.res" 1615
"../../../Engine/Content/Internationalization/icudt64l/region/ko_KP.res" 1616
"../../../Engine/Content/Internationalization/icudt64l/region/ko.res" 1617
"../../../Engine/Content/Internationalization/icudt64l/lang/kok.res" 1618
"../../../Engine/Content/Internationalization/icudt64l/region/kok.res" 1619
"../../../Engine/Content/Internationalization/icudt64l/lang/ks.res" 1620
"../../../Engine/Content/Internationalization/icudt64l/region/ks.res" 1621
"../../../Engine/Content/Internationalization/icudt64l/lang/ksb.res" 1622
"../../../Engine/Content/Internationalization/icudt64l/region/ksb.res" 1623
"../../../Engine/Content/Internationalization/icudt64l/lang/ksf.res" 1624
"../../../Engine/Content/Internationalization/icudt64l/region/ksf.res" 1625
"../../../Engine/Content/Internationalization/icudt64l/lang/ksh.res" 1626
"../../../Engine/Content/Internationalization/icudt64l/region/ksh.res" 1627
"../../../Engine/Content/Internationalization/icudt64l/lang/ku.res" 1628
"../../../Engine/Content/Internationalization/icudt64l/region/ku.res" 1629
"../../../Engine/Content/Internationalization/icudt64l/lang/kw.res" 1630
"../../../Engine/Content/Internationalization/icudt64l/region/kw.res" 1631
"../../../Engine/Content/Internationalization/icudt64l/lang/ky.res" 1632
"../../../Engine/Content/Internationalization/icudt64l/region/ky.res" 1633
"../../../Engine/Content/Internationalization/icudt64l/lang/lag.res" 1634
"../../../Engine/Content/Internationalization/icudt64l/region/lag.res" 1635
"../../../Engine/Content/Internationalization/icudt64l/lang/lb.res" 1636
"../../../Engine/Content/Internationalization/icudt64l/region/lb.res" 1637
"../../../Engine/Content/Internationalization/icudt64l/lang/lg.res" 1638
"../../../Engine/Content/Internationalization/icudt64l/region/lg.res" 1639
"../../../Engine/Content/Internationalization/icudt64l/lang/lkt.res" 1640
"../../../Engine/Content/Internationalization/icudt64l/region/lkt.res" 1641
"../../../Engine/Content/Internationalization/icudt64l/lang/ln.res" 1642
"../../../Engine/Content/Internationalization/icudt64l/region/ln.res" 1643
"../../../Engine/Content/Internationalization/icudt64l/lang/lo.res" 1644
"../../../Engine/Content/Internationalization/icudt64l/region/lo.res" 1645
"../../../Engine/Content/Internationalization/icudt64l/lang/lrc.res" 1646
"../../../Engine/Content/Internationalization/icudt64l/region/lrc.res" 1647
"../../../Engine/Content/Internationalization/icudt64l/lang/lt.res" 1648
"../../../Engine/Content/Internationalization/icudt64l/region/lt.res" 1649
"../../../Engine/Content/Internationalization/icudt64l/lang/lu.res" 1650
"../../../Engine/Content/Internationalization/icudt64l/region/lu.res" 1651
"../../../Engine/Content/Internationalization/icudt64l/lang/luo.res" 1652
"../../../Engine/Content/Internationalization/icudt64l/region/luo.res" 1653
"../../../Engine/Content/Internationalization/icudt64l/lang/luy.res" 1654
"../../../Engine/Content/Internationalization/icudt64l/region/luy.res" 1655
"../../../Engine/Content/Internationalization/icudt64l/lang/lv.res" 1656
"../../../Engine/Content/Internationalization/icudt64l/region/lv.res" 1657
"../../../Engine/Content/Internationalization/icudt64l/lang/mas.res" 1658
"../../../Engine/Content/Internationalization/icudt64l/region/mas.res" 1659
"../../../Engine/Content/Internationalization/icudt64l/lang/mer.res" 1660
"../../../Engine/Content/Internationalization/icudt64l/region/mer.res" 1661
"../../../Engine/Content/Internationalization/icudt64l/lang/mfe.res" 1662
"../../../Engine/Content/Internationalization/icudt64l/region/mfe.res" 1663
"../../../Engine/Content/Internationalization/icudt64l/lang/mg.res" 1664
"../../../Engine/Content/Internationalization/icudt64l/region/mg.res" 1665
"../../../Engine/Content/Internationalization/icudt64l/lang/mgh.res" 1666
"../../../Engine/Content/Internationalization/icudt64l/region/mgh.res" 1667
"../../../Engine/Content/Internationalization/icudt64l/lang/mgo.res" 1668
"../../../Engine/Content/Internationalization/icudt64l/region/mgo.res" 1669
"../../../Engine/Content/Internationalization/icudt64l/lang/mi.res" 1670
"../../../Engine/Content/Internationalization/icudt64l/region/mi.res" 1671
"../../../Engine/Content/Internationalization/icudt64l/lang/mk.res" 1672
"../../../Engine/Content/Internationalization/icudt64l/region/mk.res" 1673
"../../../Engine/Content/Internationalization/icudt64l/lang/ml.res" 1674
"../../../Engine/Content/Internationalization/icudt64l/region/ml.res" 1675
"../../../Engine/Content/Internationalization/icudt64l/lang/mn.res" 1676
"../../../Engine/Content/Internationalization/icudt64l/region/mn.res" 1677
"../../../Engine/Content/Internationalization/icudt64l/lang/mr.res" 1678
"../../../Engine/Content/Internationalization/icudt64l/region/mr.res" 1679
"../../../Engine/Content/Internationalization/icudt64l/lang/ms.res" 1680
"../../../Engine/Content/Internationalization/icudt64l/region/ms.res" 1681
"../../../Engine/Content/Internationalization/icudt64l/lang/mt.res" 1682
"../../../Engine/Content/Internationalization/icudt64l/region/mt.res" 1683
"../../../Engine/Content/Internationalization/icudt64l/lang/mua.res" 1684
"../../../Engine/Content/Internationalization/icudt64l/region/mua.res" 1685
"../../../Engine/Content/Internationalization/icudt64l/lang/my.res" 1686
"../../../Engine/Content/Internationalization/icudt64l/region/my.res" 1687
"../../../Engine/Content/Internationalization/icudt64l/lang/mzn.res" 1688
"../../../Engine/Content/Internationalization/icudt64l/region/mzn.res" 1689
"../../../Engine/Content/Internationalization/icudt64l/lang/naq.res" 1690
"../../../Engine/Content/Internationalization/icudt64l/region/naq.res" 1691
"../../../Engine/Content/Internationalization/icudt64l/lang/nb.res" 1692
"../../../Engine/Content/Internationalization/icudt64l/lang/nb_NO.res" 1693
"../../../Engine/Content/Internationalization/icudt64l/region/nb_NO.res" 1694
"../../../Engine/Content/Internationalization/icudt64l/region/nb.res" 1695
"../../../Engine/Content/Internationalization/icudt64l/lang/nd.res" 1696
"../../../Engine/Content/Internationalization/icudt64l/region/nd.res" 1697
"../../../Engine/Content/Internationalization/icudt64l/lang/nds.res" 1698
"../../../Engine/Content/Internationalization/icudt64l/region/nds.res" 1699
"../../../Engine/Content/Internationalization/icudt64l/lang/ne.res" 1700
"../../../Engine/Content/Internationalization/icudt64l/region/ne.res" 1701
"../../../Engine/Content/Internationalization/icudt64l/lang/nl.res" 1702
"../../../Engine/Content/Internationalization/icudt64l/region/nl.res" 1703
"../../../Engine/Content/Internationalization/icudt64l/lang/nmg.res" 1704
"../../../Engine/Content/Internationalization/icudt64l/region/nmg.res" 1705
"../../../Engine/Content/Internationalization/icudt64l/lang/nn.res" 1706
"../../../Engine/Content/Internationalization/icudt64l/lang/nn_NO.res" 1707
"../../../Engine/Content/Internationalization/icudt64l/region/nn_NO.res" 1708
"../../../Engine/Content/Internationalization/icudt64l/region/nn.res" 1709
"../../../Engine/Content/Internationalization/icudt64l/lang/nnh.res" 1710
"../../../Engine/Content/Internationalization/icudt64l/region/nnh.res" 1711
"../../../Engine/Content/Internationalization/icudt64l/lang/nus.res" 1712
"../../../Engine/Content/Internationalization/icudt64l/region/nus.res" 1713
"../../../Engine/Content/Internationalization/icudt64l/lang/nyn.res" 1714
"../../../Engine/Content/Internationalization/icudt64l/region/nyn.res" 1715
"../../../Engine/Content/Internationalization/icudt64l/lang/om.res" 1716
"../../../Engine/Content/Internationalization/icudt64l/region/om.res" 1717
"../../../Engine/Content/Internationalization/icudt64l/lang/or.res" 1718
"../../../Engine/Content/Internationalization/icudt64l/region/or.res" 1719
"../../../Engine/Content/Internationalization/icudt64l/lang/os.res" 1720
"../../../Engine/Content/Internationalization/icudt64l/region/os.res" 1721
"../../../Engine/Content/Internationalization/icudt64l/lang/pa.res" 1722
"../../../Engine/Content/Internationalization/icudt64l/lang/pa_Arab.res" 1723
"../../../Engine/Content/Internationalization/icudt64l/lang/pa_PK.res" 1724
"../../../Engine/Content/Internationalization/icudt64l/lang/pa_Arab_PK.res" 1725
"../../../Engine/Content/Internationalization/icudt64l/region/pa_PK.res" 1726
"../../../Engine/Content/Internationalization/icudt64l/region/pa_Arab_PK.res" 1727
"../../../Engine/Content/Internationalization/icudt64l/region/pa_Arab.res" 1728
"../../../Engine/Content/Internationalization/icudt64l/lang/pa_Guru.res" 1729
"../../../Engine/Content/Internationalization/icudt64l/lang/pa_IN.res" 1730
"../../../Engine/Content/Internationalization/icudt64l/lang/pa_Guru_IN.res" 1731
"../../../Engine/Content/Internationalization/icudt64l/region/pa_IN.res" 1732
"../../../Engine/Content/Internationalization/icudt64l/region/pa_Guru_IN.res" 1733
"../../../Engine/Content/Internationalization/icudt64l/region/pa_Guru.res" 1734
"../../../Engine/Content/Internationalization/icudt64l/region/pa.res" 1735
"../../../Engine/Content/Internationalization/icudt64l/lang/pl.res" 1736
"../../../Engine/Content/Internationalization/icudt64l/region/pl.res" 1737
"../../../Engine/Content/Internationalization/icudt64l/lang/ps.res" 1738
"../../../Engine/Content/Internationalization/icudt64l/region/ps.res" 1739
"../../../Engine/Content/Internationalization/icudt64l/lang/ps_PK.res" 1740
"../../../Engine/Content/Internationalization/icudt64l/region/ps_PK.res" 1741
"../../../Engine/Content/Internationalization/icudt64l/lang/pt.res" 1742
"../../../Engine/Content/Internationalization/icudt64l/lang/pt_AO.res" 1743
"../../../Engine/Content/Internationalization/icudt64l/lang/pt_PT.res" 1744
"../../../Engine/Content/Internationalization/icudt64l/region/pt_AO.res" 1745
"../../../Engine/Content/Internationalization/icudt64l/region/pt_PT.res" 1746
"../../../Engine/Content/Internationalization/icudt64l/region/pt.res" 1747
"../../../Engine/Content/Internationalization/icudt64l/lang/pt_CH.res" 1748
"../../../Engine/Content/Internationalization/icudt64l/region/pt_CH.res" 1749
"../../../Engine/Content/Internationalization/icudt64l/lang/pt_CV.res" 1750
"../../../Engine/Content/Internationalization/icudt64l/region/pt_CV.res" 1751
"../../../Engine/Content/Internationalization/icudt64l/lang/pt_GQ.res" 1752
"../../../Engine/Content/Internationalization/icudt64l/region/pt_GQ.res" 1753
"../../../Engine/Content/Internationalization/icudt64l/lang/pt_GW.res" 1754
"../../../Engine/Content/Internationalization/icudt64l/region/pt_GW.res" 1755
"../../../Engine/Content/Internationalization/icudt64l/lang/pt_LU.res" 1756
"../../../Engine/Content/Internationalization/icudt64l/region/pt_LU.res" 1757
"../../../Engine/Content/Internationalization/icudt64l/lang/pt_MO.res" 1758
"../../../Engine/Content/Internationalization/icudt64l/region/pt_MO.res" 1759
"../../../Engine/Content/Internationalization/icudt64l/lang/pt_MZ.res" 1760
"../../../Engine/Content/Internationalization/icudt64l/region/pt_MZ.res" 1761
"../../../Engine/Content/Internationalization/icudt64l/lang/pt_ST.res" 1762
"../../../Engine/Content/Internationalization/icudt64l/region/pt_ST.res" 1763
"../../../Engine/Content/Internationalization/icudt64l/lang/pt_TL.res" 1764
"../../../Engine/Content/Internationalization/icudt64l/region/pt_TL.res" 1765
"../../../Engine/Content/Internationalization/icudt64l/lang/qu.res" 1766
"../../../Engine/Content/Internationalization/icudt64l/region/qu.res" 1767
"../../../Engine/Content/Internationalization/icudt64l/lang/rm.res" 1768
"../../../Engine/Content/Internationalization/icudt64l/region/rm.res" 1769
"../../../Engine/Content/Internationalization/icudt64l/lang/rn.res" 1770
"../../../Engine/Content/Internationalization/icudt64l/region/rn.res" 1771
"../../../Engine/Content/Internationalization/icudt64l/lang/ro.res" 1772
"../../../Engine/Content/Internationalization/icudt64l/lang/ro_MD.res" 1773
"../../../Engine/Content/Internationalization/icudt64l/region/ro_MD.res" 1774
"../../../Engine/Content/Internationalization/icudt64l/region/ro.res" 1775
"../../../Engine/Content/Internationalization/icudt64l/lang/rof.res" 1776
"../../../Engine/Content/Internationalization/icudt64l/region/rof.res" 1777
"../../../Engine/Content/Internationalization/icudt64l/lang/ru.res" 1778
"../../../Engine/Content/Internationalization/icudt64l/region/ru.res" 1779
"../../../Engine/Content/Internationalization/icudt64l/region/ru_UA.res" 1780
"../../../Engine/Content/Internationalization/icudt64l/lang/rw.res" 1781
"../../../Engine/Content/Internationalization/icudt64l/region/rw.res" 1782
"../../../Engine/Content/Internationalization/icudt64l/lang/rwk.res" 1783
"../../../Engine/Content/Internationalization/icudt64l/region/rwk.res" 1784
"../../../Engine/Content/Internationalization/icudt64l/lang/sah.res" 1785
"../../../Engine/Content/Internationalization/icudt64l/region/sah.res" 1786
"../../../Engine/Content/Internationalization/icudt64l/lang/saq.res" 1787
"../../../Engine/Content/Internationalization/icudt64l/region/saq.res" 1788
"../../../Engine/Content/Internationalization/icudt64l/lang/sbp.res" 1789
"../../../Engine/Content/Internationalization/icudt64l/region/sbp.res" 1790
"../../../Engine/Content/Internationalization/icudt64l/lang/sd.res" 1791
"../../../Engine/Content/Internationalization/icudt64l/region/sd.res" 1792
"../../../Engine/Content/Internationalization/icudt64l/lang/se.res" 1793
"../../../Engine/Content/Internationalization/icudt64l/lang/se_FI.res" 1794
"../../../Engine/Content/Internationalization/icudt64l/region/se_FI.res" 1795
"../../../Engine/Content/Internationalization/icudt64l/region/se.res" 1796
"../../../Engine/Content/Internationalization/icudt64l/lang/seh.res" 1797
"../../../Engine/Content/Internationalization/icudt64l/region/seh.res" 1798
"../../../Engine/Content/Internationalization/icudt64l/lang/ses.res" 1799
"../../../Engine/Content/Internationalization/icudt64l/region/ses.res" 1800
"../../../Engine/Content/Internationalization/icudt64l/lang/sg.res" 1801
"../../../Engine/Content/Internationalization/icudt64l/region/sg.res" 1802
"../../../Engine/Content/Internationalization/icudt64l/lang/shi.res" 1803
"../../../Engine/Content/Internationalization/icudt64l/lang/shi_Latn.res" 1804
"../../../Engine/Content/Internationalization/icudt64l/lang/shi_MA.res" 1805
"../../../Engine/Content/Internationalization/icudt64l/lang/shi_Tfng_MA.res" 1806
"../../../Engine/Content/Internationalization/icudt64l/lang/shi_Tfng.res" 1807
"../../../Engine/Content/Internationalization/icudt64l/region/shi_MA.res" 1808
"../../../Engine/Content/Internationalization/icudt64l/region/shi_Tfng_MA.res" 1809
"../../../Engine/Content/Internationalization/icudt64l/region/shi_Tfng.res" 1810
"../../../Engine/Content/Internationalization/icudt64l/region/shi.res" 1811
"../../../Engine/Content/Internationalization/icudt64l/region/shi_Latn.res" 1812
"../../../Engine/Content/Internationalization/icudt64l/lang/si.res" 1813
"../../../Engine/Content/Internationalization/icudt64l/region/si.res" 1814
"../../../Engine/Content/Internationalization/icudt64l/lang/sk.res" 1815
"../../../Engine/Content/Internationalization/icudt64l/region/sk.res" 1816
"../../../Engine/Content/Internationalization/icudt64l/lang/sl.res" 1817
"../../../Engine/Content/Internationalization/icudt64l/region/sl.res" 1818
"../../../Engine/Content/Internationalization/icudt64l/lang/smn.res" 1819
"../../../Engine/Content/Internationalization/icudt64l/region/smn.res" 1820
"../../../Engine/Content/Internationalization/icudt64l/lang/sn.res" 1821
"../../../Engine/Content/Internationalization/icudt64l/region/sn.res" 1822
"../../../Engine/Content/Internationalization/icudt64l/lang/so.res" 1823
"../../../Engine/Content/Internationalization/icudt64l/region/so.res" 1824
"../../../Engine/Content/Internationalization/icudt64l/lang/sq.res" 1825
"../../../Engine/Content/Internationalization/icudt64l/region/sq.res" 1826
"../../../Engine/Content/Internationalization/icudt64l/lang/sr.res" 1827
"../../../Engine/Content/Internationalization/icudt64l/lang/sr_Cyrl.res" 1828
"../../../Engine/Content/Internationalization/icudt64l/lang/sr_BA.res" 1829
"../../../Engine/Content/Internationalization/icudt64l/lang/sr_Cyrl_BA.res" 1830
"../../../Engine/Content/Internationalization/icudt64l/region/sr_BA.res" 1831
"../../../Engine/Content/Internationalization/icudt64l/region/sr_Cyrl_BA.res" 1832
"../../../Engine/Content/Internationalization/icudt64l/region/sr_Cyrl.res" 1833
"../../../Engine/Content/Internationalization/icudt64l/region/sr.res" 1834
"../../../Engine/Content/Internationalization/icudt64l/lang/sr_ME.res" 1835
"../../../Engine/Content/Internationalization/icudt64l/lang/sr_Latn_ME.res" 1836
"../../../Engine/Content/Internationalization/icudt64l/lang/sr_Latn.res" 1837
"../../../Engine/Content/Internationalization/icudt64l/region/sr_ME.res" 1838
"../../../Engine/Content/Internationalization/icudt64l/region/sr_Latn_ME.res" 1839
"../../../Engine/Content/Internationalization/icudt64l/region/sr_Latn.res" 1840
"../../../Engine/Content/Internationalization/icudt64l/lang/sr_Cyrl_ME.res" 1841
"../../../Engine/Content/Internationalization/icudt64l/region/sr_Cyrl_ME.res" 1842
"../../../Engine/Content/Internationalization/icudt64l/lang/sr_RS.res" 1843
"../../../Engine/Content/Internationalization/icudt64l/lang/sr_Cyrl_RS.res" 1844
"../../../Engine/Content/Internationalization/icudt64l/region/sr_RS.res" 1845
"../../../Engine/Content/Internationalization/icudt64l/region/sr_Cyrl_RS.res" 1846
"../../../Engine/Content/Internationalization/icudt64l/lang/sr_XK.res" 1847
"../../../Engine/Content/Internationalization/icudt64l/lang/sr_Cyrl_XK.res" 1848
"../../../Engine/Content/Internationalization/icudt64l/region/sr_XK.res" 1849
"../../../Engine/Content/Internationalization/icudt64l/region/sr_Cyrl_XK.res" 1850
"../../../Engine/Content/Internationalization/icudt64l/lang/sr_Latn_BA.res" 1851
"../../../Engine/Content/Internationalization/icudt64l/region/sr_Latn_BA.res" 1852
"../../../Engine/Content/Internationalization/icudt64l/lang/sr_Latn_RS.res" 1853
"../../../Engine/Content/Internationalization/icudt64l/region/sr_Latn_RS.res" 1854
"../../../Engine/Content/Internationalization/icudt64l/lang/sr_Latn_XK.res" 1855
"../../../Engine/Content/Internationalization/icudt64l/region/sr_Latn_XK.res" 1856
"../../../Engine/Content/Internationalization/icudt64l/lang/sv.res" 1857
"../../../Engine/Content/Internationalization/icudt64l/region/sv.res" 1858
"../../../Engine/Content/Internationalization/icudt64l/lang/sv_FI.res" 1859
"../../../Engine/Content/Internationalization/icudt64l/lang/sw.res" 1860
"../../../Engine/Content/Internationalization/icudt64l/lang/sw_CD.res" 1861
"../../../Engine/Content/Internationalization/icudt64l/region/sw_CD.res" 1862
"../../../Engine/Content/Internationalization/icudt64l/region/sw.res" 1863
"../../../Engine/Content/Internationalization/icudt64l/lang/sw_KE.res" 1864
"../../../Engine/Content/Internationalization/icudt64l/region/sw_KE.res" 1865
"../../../Engine/Content/Internationalization/icudt64l/lang/ta.res" 1866
"../../../Engine/Content/Internationalization/icudt64l/region/ta.res" 1867
"../../../Engine/Content/Internationalization/icudt64l/lang/te.res" 1868
"../../../Engine/Content/Internationalization/icudt64l/region/te.res" 1869
"../../../Engine/Content/Internationalization/icudt64l/lang/teo.res" 1870
"../../../Engine/Content/Internationalization/icudt64l/region/teo.res" 1871
"../../../Engine/Content/Internationalization/icudt64l/lang/tg.res" 1872
"../../../Engine/Content/Internationalization/icudt64l/region/tg.res" 1873
"../../../Engine/Content/Internationalization/icudt64l/lang/th.res" 1874
"../../../Engine/Content/Internationalization/icudt64l/lang/th_TH.res" 1875
"../../../Engine/Content/Internationalization/icudt64l/region/th_TH.res" 1876
"../../../Engine/Content/Internationalization/icudt64l/region/th.res" 1877
"../../../Engine/Content/Internationalization/icudt64l/lang/ti.res" 1878
"../../../Engine/Content/Internationalization/icudt64l/region/ti.res" 1879
"../../../Engine/Content/Internationalization/icudt64l/lang/tk.res" 1880
"../../../Engine/Content/Internationalization/icudt64l/region/tk.res" 1881
"../../../Engine/Content/Internationalization/icudt64l/lang/to.res" 1882
"../../../Engine/Content/Internationalization/icudt64l/region/to.res" 1883
"../../../Engine/Content/Internationalization/icudt64l/lang/tr.res" 1884
"../../../Engine/Content/Internationalization/icudt64l/region/tr.res" 1885
"../../../Engine/Content/Internationalization/icudt64l/lang/tt.res" 1886
"../../../Engine/Content/Internationalization/icudt64l/region/tt.res" 1887
"../../../Engine/Content/Internationalization/icudt64l/lang/twq.res" 1888
"../../../Engine/Content/Internationalization/icudt64l/region/twq.res" 1889
"../../../Engine/Content/Internationalization/icudt64l/lang/tzm.res" 1890
"../../../Engine/Content/Internationalization/icudt64l/region/tzm.res" 1891
"../../../Engine/Content/Internationalization/icudt64l/lang/ug.res" 1892
"../../../Engine/Content/Internationalization/icudt64l/region/ug.res" 1893
"../../../Engine/Content/Internationalization/icudt64l/lang/uk.res" 1894
"../../../Engine/Content/Internationalization/icudt64l/region/uk.res" 1895
"../../../Engine/Content/Internationalization/icudt64l/lang/ur.res" 1896
"../../../Engine/Content/Internationalization/icudt64l/lang/ur_IN.res" 1897
"../../../Engine/Content/Internationalization/icudt64l/region/ur_IN.res" 1898
"../../../Engine/Content/Internationalization/icudt64l/region/ur.res" 1899
"../../../Engine/Content/Internationalization/icudt64l/lang/uz.res" 1900
"../../../Engine/Content/Internationalization/icudt64l/lang/uz_Arab.res" 1901
"../../../Engine/Content/Internationalization/icudt64l/lang/uz_AF.res" 1902
"../../../Engine/Content/Internationalization/icudt64l/lang/uz_Arab_AF.res" 1903
"../../../Engine/Content/Internationalization/icudt64l/region/uz_AF.res" 1904
"../../../Engine/Content/Internationalization/icudt64l/region/uz_Arab_AF.res" 1905
"../../../Engine/Content/Internationalization/icudt64l/region/uz_Arab.res" 1906
"../../../Engine/Content/Internationalization/icudt64l/lang/uz_Cyrl.res" 1907
"../../../Engine/Content/Internationalization/icudt64l/lang/uz_UZ.res" 1908
"../../../Engine/Content/Internationalization/icudt64l/lang/uz_Latn_UZ.res" 1909
"../../../Engine/Content/Internationalization/icudt64l/lang/uz_Latn.res" 1910
"../../../Engine/Content/Internationalization/icudt64l/region/uz_UZ.res" 1911
"../../../Engine/Content/Internationalization/icudt64l/region/uz_Latn_UZ.res" 1912
"../../../Engine/Content/Internationalization/icudt64l/region/uz_Latn.res" 1913
"../../../Engine/Content/Internationalization/icudt64l/region/uz.res" 1914
"../../../Engine/Content/Internationalization/icudt64l/region/uz_Cyrl.res" 1915
"../../../Engine/Content/Internationalization/icudt64l/lang/vai.res" 1916
"../../../Engine/Content/Internationalization/icudt64l/lang/vai_Latn.res" 1917
"../../../Engine/Content/Internationalization/icudt64l/lang/vai_LR.res" 1918
"../../../Engine/Content/Internationalization/icudt64l/lang/vai_Vaii_LR.res" 1919
"../../../Engine/Content/Internationalization/icudt64l/lang/vai_Vaii.res" 1920
"../../../Engine/Content/Internationalization/icudt64l/region/vai_LR.res" 1921
"../../../Engine/Content/Internationalization/icudt64l/region/vai_Vaii_LR.res" 1922
"../../../Engine/Content/Internationalization/icudt64l/region/vai_Vaii.res" 1923
"../../../Engine/Content/Internationalization/icudt64l/region/vai.res" 1924
"../../../Engine/Content/Internationalization/icudt64l/region/vai_Latn.res" 1925
"../../../Engine/Content/Internationalization/icudt64l/lang/vi.res" 1926
"../../../Engine/Content/Internationalization/icudt64l/region/vi.res" 1927
"../../../Engine/Content/Internationalization/icudt64l/lang/vun.res" 1928
"../../../Engine/Content/Internationalization/icudt64l/region/vun.res" 1929
"../../../Engine/Content/Internationalization/icudt64l/lang/wae.res" 1930
"../../../Engine/Content/Internationalization/icudt64l/region/wae.res" 1931
"../../../Engine/Content/Internationalization/icudt64l/lang/wo.res" 1932
"../../../Engine/Content/Internationalization/icudt64l/region/wo.res" 1933
"../../../Engine/Content/Internationalization/icudt64l/lang/xh.res" 1934
"../../../Engine/Content/Internationalization/icudt64l/region/xh.res" 1935
"../../../Engine/Content/Internationalization/icudt64l/lang/xog.res" 1936
"../../../Engine/Content/Internationalization/icudt64l/region/xog.res" 1937
"../../../Engine/Content/Internationalization/icudt64l/lang/yav.res" 1938
"../../../Engine/Content/Internationalization/icudt64l/region/yav.res" 1939
"../../../Engine/Content/Internationalization/icudt64l/lang/yi.res" 1940
"../../../Engine/Content/Internationalization/icudt64l/region/yi.res" 1941
"../../../Engine/Content/Internationalization/icudt64l/lang/yo.res" 1942
"../../../Engine/Content/Internationalization/icudt64l/lang/yo_BJ.res" 1943
"../../../Engine/Content/Internationalization/icudt64l/region/yo_BJ.res" 1944
"../../../Engine/Content/Internationalization/icudt64l/region/yo.res" 1945
"../../../Engine/Content/Internationalization/icudt64l/lang/yue.res" 1946
"../../../Engine/Content/Internationalization/icudt64l/lang/yue_Hans.res" 1947
"../../../Engine/Content/Internationalization/icudt64l/lang/yue_CN.res" 1948
"../../../Engine/Content/Internationalization/icudt64l/lang/yue_Hans_CN.res" 1949
"../../../Engine/Content/Internationalization/icudt64l/region/yue_CN.res" 1950
"../../../Engine/Content/Internationalization/icudt64l/region/yue_Hans_CN.res" 1951
"../../../Engine/Content/Internationalization/icudt64l/region/yue_Hans.res" 1952
"../../../Engine/Content/Internationalization/icudt64l/lang/yue_Hant.res" 1953
"../../../Engine/Content/Internationalization/icudt64l/lang/yue_HK.res" 1954
"../../../Engine/Content/Internationalization/icudt64l/lang/yue_Hant_HK.res" 1955
"../../../Engine/Content/Internationalization/icudt64l/region/yue_HK.res" 1956
"../../../Engine/Content/Internationalization/icudt64l/region/yue_Hant_HK.res" 1957
"../../../Engine/Content/Internationalization/icudt64l/region/yue_Hant.res" 1958
"../../../Engine/Content/Internationalization/icudt64l/region/yue.res" 1959
"../../../Engine/Content/Internationalization/icudt64l/lang/zgh.res" 1960
"../../../Engine/Content/Internationalization/icudt64l/region/zgh.res" 1961
"../../../Engine/Content/Internationalization/icudt64l/lang/zh.res" 1962
"../../../Engine/Content/Internationalization/icudt64l/lang/zh_Hans.res" 1963
"../../../Engine/Content/Internationalization/icudt64l/lang/zh_CN.res" 1964
"../../../Engine/Content/Internationalization/icudt64l/lang/zh_Hans_CN.res" 1965
"../../../Engine/Content/Internationalization/icudt64l/region/zh_CN.res" 1966
"../../../Engine/Content/Internationalization/icudt64l/region/zh_Hans_CN.res" 1967
"../../../Engine/Content/Internationalization/icudt64l/region/zh_Hans.res" 1968
"../../../Engine/Content/Internationalization/icudt64l/region/zh.res" 1969
"../../../Engine/Content/Internationalization/icudt64l/lang/zh_HK.res" 1970
"../../../Engine/Content/Internationalization/icudt64l/lang/zh_Hant_HK.res" 1971
"../../../Engine/Content/Internationalization/icudt64l/lang/zh_Hant.res" 1972
"../../../Engine/Content/Internationalization/icudt64l/region/zh_HK.res" 1973
"../../../Engine/Content/Internationalization/icudt64l/region/zh_Hant_HK.res" 1974
"../../../Engine/Content/Internationalization/icudt64l/region/zh_Hant.res" 1975
"../../../Engine/Content/Internationalization/icudt64l/lang/zh_MO.res" 1976
"../../../Engine/Content/Internationalization/icudt64l/lang/zh_Hant_MO.res" 1977
"../../../Engine/Content/Internationalization/icudt64l/region/zh_MO.res" 1978
"../../../Engine/Content/Internationalization/icudt64l/region/zh_Hant_MO.res" 1979
"../../../Engine/Content/Internationalization/icudt64l/lang/zh_SG.res" 1980
"../../../Engine/Content/Internationalization/icudt64l/lang/zh_Hans_SG.res" 1981
"../../../Engine/Content/Internationalization/icudt64l/region/zh_SG.res" 1982
"../../../Engine/Content/Internationalization/icudt64l/region/zh_Hans_SG.res" 1983
"../../../Engine/Content/Internationalization/icudt64l/lang/zh_TW.res" 1984
"../../../Engine/Content/Internationalization/icudt64l/lang/zh_Hant_TW.res" 1985
"../../../Engine/Content/Internationalization/icudt64l/region/zh_TW.res" 1986
"../../../Engine/Content/Internationalization/icudt64l/region/zh_Hant_TW.res" 1987
"../../../Engine/Content/Internationalization/icudt64l/lang/zu.res" 1988
"../../../Engine/Content/Internationalization/icudt64l/region/zu.res" 1989
"../../../Engine/Content/Internationalization/icudt64l/lang/no.res" 1990
"../../../Engine/Content/Internationalization/icudt64l/lang/tl.res" 1991
"../../../Engine/Config/VulkanPC/DataDrivenPlatformInfo.ini" 1992
"../../../Engine/Config/LinuxArm64/DataDrivenPlatformInfo.ini" 1993
"../../../Engine/Config/IOS/DataDrivenPlatformInfo.ini" 1994
"../../../Engine/Config/Mac/DataDrivenPlatformInfo.ini" 1995
"../../../Engine/Config/Unix/DataDrivenPlatformInfo.ini" 1996
"../../../Engine/Config/TVOS/DataDrivenPlatformInfo.ini" 1997
"../../../Engine/Config/Linux/DataDrivenPlatformInfo.ini" 1998
"../../../Engine/Config/Android/DataDrivenPlatformInfo.ini" 1999
"../../../Engine/Config/Windows/DataDrivenPlatformInfo.ini" 2000
"../../../Engine/Platforms/VisionOS/Config/DataDrivenPlatformInfo.ini" 2001
"../../../Engine/Content/Renderer/TessellationTable.bin" 2002
"../../../Engine/DerivedDataCache/Compressed.ddp" 2003
"/Users/shanshanye/Library/Application Support/Epic/UnrealEngine/5.7/Saved/Zen/zen.version" 2004
"/Users/shanshanye/Library/Application Support/Epic/UnrealEngine/Common/Zen/Install/zen.version" 2005
"/Users/shanshanye/Library/Application Support/Epic/UnrealEngine/Common/Zen/Install/zenserver.runcontext" 2006
"/Users/shanshanye/Library/Application Support/Epic/UnrealEngine/Common/DerivedDataCache/TestData/0/TestData_4kb.dat" 2007
"/Users/shanshanye/Library/Application Support/Epic/UnrealEngine/Common/DerivedDataCache/TestData/1/TestData_4kb.dat" 2008
"/Users/shanshanye/Library/Application Support/Epic/UnrealEngine/Common/DerivedDataCache/TestData/0/TestData_8kb.dat" 2009
"/Users/shanshanye/Library/Application Support/Epic/UnrealEngine/Common/DerivedDataCache/TestData/1/TestData_8kb.dat" 2010
"/Users/shanshanye/Library/Application Support/Epic/UnrealEngine/Common/DerivedDataCache/TestData/0/TestData_16kb.dat" 2011
"/Users/shanshanye/Library/Application Support/Epic/UnrealEngine/Common/DerivedDataCache/TestData/1/TestData_16kb.dat" 2012
"/Users/shanshanye/Library/Application Support/Epic/UnrealEngine/Common/DerivedDataCache/TestData/0/TestData_64kb.dat" 2013
"/Users/shanshanye/Library/Application Support/Epic/UnrealEngine/Common/DerivedDataCache/TestData/1/TestData_64kb.dat" 2014
"/Users/shanshanye/Library/Application Support/Epic/UnrealEngine/Common/DerivedDataCache/TestData/0/TestData_128kb.dat" 2015
"/Users/shanshanye/Library/Application Support/Epic/UnrealEngine/Common/DerivedDataCache/TestData/1/TestData_128kb.dat" 2016
"/Users/shanshanye/Library/Application Support/Epic/UnrealEngine/Common/DerivedDataCache/TestData/0/TestData_256kb.dat" 2017
"/Users/shanshanye/Library/Application Support/Epic/UnrealEngine/Common/DerivedDataCache/TestData/1/TestData_256kb.dat" 2018
"../../../../../../shanshanye/Desktop/AI_final/GameAI-Final-Project/Intermediate/ShaderAutogen/METAL_SM6/AutogenShaderHeaders.ush" 2019
"../../../Engine/Shaders/Private/HairStrands/HairStrandsVertexFactory.ush" 2020
"../../../Engine/Shaders/Private/VertexFactoryCommon.ush" 2021
"../../../Engine/Shaders/Private/Common.ush" 2022
"../../../Engine/Shaders/Public/Platform.ush" 2023
"../../../Engine/Shaders/Public/FP16Math.ush" 2024
"../../../Engine/Shaders/Public/Platform/Metal/MetalCommon.ush" 2025
"../../../Engine/Shaders/Public/BindlessResources.ush" 2026
"../../../Engine/Shaders/Shared/MaterialCacheDefinitions.h" 2027
"../../../Engine/Shaders/Shared/HLSLTypeAliases.h" 2028
"../../../Engine/Shaders/Public/IndirectVirtualTexture.ush" 2029
"../../../Engine/Shaders/Shared/IndirectVirtualTextureDefinitions.h" 2030
"../../../Engine/Shaders/Public/OverloadMacros.ush" 2031
"../../../Engine/Shaders/Public/ShaderVersion.ush" 2032
"../../../Engine/Shaders/Shared/ThirdParty/NVIDIA/nvHLSLExtns.h" 2033
"../../../Engine/Shaders/Shared/ThirdParty/NVIDIA/nvHLSLExtnsInternal.h" 2034
"../../../Engine/Shaders/Shared/ThirdParty/NVIDIA/nvShaderExtnEnums.h" 2035
"../../../Engine/Shaders/Private/PackUnpack.ush" 2036
"../../../Engine/Shaders/Private/GeneratedUniformBufferTypes.ush" 2037
"../../../Engine/Shaders/Private/Nanite/NanitePackedNaniteView.ush" 2038
"../../../Engine/Shaders/Private/HairStrands/HairStrandsVisibilityCommonStruct.ush" 2039
"../../../Engine/Shaders/Private/HairStrands/HairStrandsVoxelPageCommonStruct.ush" 2040
"../../../Engine/Shaders/Private/HairStrands/HairStrandsDeepShadowCommonStruct.ush" 2041
"../../../Engine/Shaders/Shared/LightSceneData.h" 2042
"../../../Engine/Shaders/Private/LargeWorldCoordinates.ush" 2043
"../../../Engine/Shaders/Private/DoubleFloat.ush" 2044
"../../../Engine/Shaders/Private/RandomPCG.ush" 2045
"../../../Engine/Shaders/Private/DoubleFloatOperations.ush" 2046
"../../../Engine/Shaders/Private/DoubleFloatVectorDefinition.ush" 2047
"../../../Engine/Shaders/Private/LWCOperations.ush" 2048
"../../../Engine/Shaders/Shared/LightViewData.h" 2049
"../../../Engine/Shaders/Shared/RayTracingTypes.h" 2050
"../../../Engine/Shaders/Shared/HLSLStaticAssert.h" 2051
"../../../Engine/Shaders/Private/CommonViewUniformBuffer.ush" 2052
"../../../Engine/Shaders/Private/InstancedStereo.ush" 2053
"../../../Engine/Shaders/Private/Definitions.usf" 2054
"../../../Engine/Shaders/Private/AssertionMacros.ush" 2055
"../../../Engine/Shaders/Private/FastMath.ush" 2056
"../../../Engine/Shaders/Private/FastMathThirdParty.ush" 2057
"../../../Engine/Shaders/Private/Random.ush" 2058
"../../../Engine/Shaders/Private/RandomInterleavedGradientNoise.ush" 2059
"../../../Engine/Shaders/Private/SceneData.ush" 2060
"../../../Engine/Shaders/Private/OctahedralCommon.ush" 2061
"../../../Engine/Shaders/Private/WaveOpUtil.ush" 2062
"../../../Engine/Shaders/Private/ByteBuffer.ush" 2063
"../../../Engine/Shaders/Shared/SceneDefinitions.h" 2064
"../../../Engine/Shaders/Private/SceneDataMobileLoader.ush" 2065
"../../../Engine/Shaders/Private/LocalVertexFactoryCommon.ush" 2066
"../../../Engine/Shaders/Private/HairStrands/HairStrandsVisibilityCommon.ush" 2067
"../../../Engine/Shaders/Shared/HairStrandsDefinitions.h" 2068
"../../../Engine/Shaders/Private/HairStrands/HairStrandsVertexFactoryCommon.ush" 2069
"../../../Engine/Shaders/Private/HairStrands/HairStrandsPack.ush" 2070
"../../../Engine/Shaders/Private/HairStrands/HairStrandsAttributeCommon.ush" 2071
"../../../Engine/Shaders/Private/HairStrands/HairStrandsAttributeTemplate.ush" 2072
"../../../Engine/Shaders/Private/VertexFactoryDefaultInterface.ush" 2073
"../../../Engine/Shaders/Private/HairStrands/HairCardsVertexFactory.ush" 2074
"../../../Engine/Shaders/Private/HairStrands/HairCardsAttributeCommon.ush" 2075
"../../../Engine/Shaders/Private/RayTracing/RayTracingCommon.ush" 2076
"../../../Engine/Shaders/Private/ShadingCommon.ush" 2077
"../../../Engine/Shaders/Shared/RayTracingDefinitions.h" 2078
"../../../Engine/Shaders/Shared/HLSLReservedSpaces.h" 2079
"../../../Engine/Shaders/Shared/RayTracingPayloadType.h" 2080
"../../../Engine/Shaders/Private/RayTracing/RayTracingRayCone.ush" 2081
"../../../Engine/Shaders/Private/Substrate/Substrate.ush" 2082
"../../../Engine/Shaders/Private/ShadingEnergyConservation.ush" 2083
"../../../Engine/Shaders/Private/ShadingEnergyConservationTemplate.ush" 2084
"../../../Engine/Shaders/Private/BRDF.ush" 2085
"../../../Engine/Shaders/Private/ColorSpace.ush" 2086
"../../../Engine/Shaders/Private/DeferredShadingCommon.ush" 2087
"../../../Engine/Shaders/Private/LightAccumulator.ush" 2088
"../../../Engine/Shaders/Private/SceneTexturesCommon.ush" 2089
"../../../Engine/Shaders/Private/MonteCarlo.ush" 2090
"../../../Engine/Shaders/Private/GBufferHelpers.ush" 2091
"../../../Engine/Shaders/Private/SceneTextureParameters.ush" 2092
"/Users/shanshanye/Desktop/AI_final/GameAI-Final-Project/Intermediate/ShaderAutogen/METAL_SM6/AutogenShaderHeaders.ush" 2093
"../../../Engine/Shaders/Public/Platform/Metal/MetalSubpassSupport.ush" 2094
"../../../Engine/Shaders/Private/ParticipatingMediaCommon.ush" 2095
"../../../Engine/Shaders/Private/ThinFilmBSDF.ush" 2096
"../../../Engine/Shaders/Private/MortonCode.ush" 2097
"../../../Engine/Shaders/Private/SubsurfaceProfileCommon.ush" 2098
"../../../Engine/Shaders/Private/BurleyNormalizedSSSCommon.ush" 2099
"../../../Engine/Shaders/Private/GammaCorrectionCommon.ush" 2100
"../../../Engine/Shaders/Shared/SubstrateDefinitions.h" 2101
"../../../Engine/Shaders/Private/Substrate/SubstrateStatisticalOperators.ush" 2102
"../../../Engine/Shaders/Private/Substrate/SubstrateSubsurface.ush" 2103
"../../../Engine/Shaders/Private/TransmissionCommon.ush" 2104
"../../../Engine/Shaders/Private/Substrate/SubstrateExportCommon.ush" 2105
"../../../Engine/Shaders/Private/SpecularProfileCommon.ush" 2106
"../../../Engine/Shaders/Private/RayTracing/RayTracingCommonMetal.ush" 2107
"../../../Engine/Shaders/Private/PositionReconstructionCommon.ush" 2108
"../../../Engine/Shaders/Private/RayTracing/TraceRayInline.ush" 2109
"../../../Engine/Shaders/Private/RayTracing/TraceRayInlineCommon.ush" 2110
"../../../Engine/Shaders/Private/RayTracing/TraceRayInlineVulkan.ush" 2111
"../../../Engine/Shaders/Private/RayTracing/TraceRayInlineMetal.ush" 2112
"../../../Engine/Shaders/Shared/RayTracingBuiltInResources.h" 2113
"../../../Engine/Shaders/Private/RayTracing/RayTracingHitGroupCommon.ush" 2114
"../../../Engine/Shaders/Private/Nanite/NaniteRayTrace.ush" 2115
"../../../Engine/Shaders/Private/Nanite/NaniteDataDecode.ush" 2116
"../../../Engine/Shaders/Private/BitPacking.ush" 2117
"../../../Engine/Shaders/Private/BitStreamReaderImplementation.ush" 2118
"../../../Engine/Shaders/Private/BoneTransform.ush" 2119
"../../../Engine/Shaders/Private/Quaternion.ush" 2120
"../../../Engine/Shaders/Private/Skinning/SkinningDataDecode.ush" 2121
"../../../Engine/Shaders/Private/GpuSkinCommon.ush" 2122
"../../../Engine/Shaders/Shared/SkinningDefinitions.h" 2123
"../../../Engine/Shaders/Shared/NaniteDefinitions.h" 2124
"../../../Engine/Shaders/Private/Nanite/NaniteAttributeDecode.ush" 2125
"../../../Engine/Shaders/Private/Barycentrics.ush" 2126
"../../../Engine/Shaders/Private/DualNumber.ush" 2127
"../../../Engine/Shaders/Shared/ThirdParty/RayTriangleIntersection.h" 2128
"../../../Engine/Shaders/Private/Nanite/NaniteVertexFetch.ush" 2129
"../../../Engine/Shaders/Private/ViewData.ush" 2130
"../../../Engine/Shaders/Shared/ViewDefinitions.h" 2131
"../../../Engine/Shaders/Private/Nanite/NaniteSceneCommon.ush" 2132
"../../../Engine/Shaders/Private/RayTracing/TraceRayInlineD3D12.ush" 2133
"../../../Engine/Plugins/FX/Niagara/Shaders/Private/NiagaraSpriteVertexFactory.ush" 2134
"../../../Engine/Shaders/Private/ParticleVertexFactoryCommon.ush" 2135
"../../../Engine/Plugins/FX/Niagara/Shaders/Private/NiagaraVFCommon.usf" 2136
"../../../Engine/Plugins/FX/Niagara/Shaders/Private/NiagaraVFParticleAccess.usf" 2137
"../../../Engine/Plugins/FX/Niagara/Shaders/Private/NiagaraParticleAccess.ush" 2138
"../../../Engine/Plugins/FX/Niagara/Shaders/Private/NiagaraRibbonVertexFactory.ush" 2139
"../../../Engine/Plugins/FX/Niagara/Shaders/Private/NiagaraMeshVertexFactory.ush" 2140
"../../../Engine/Plugins/FX/Niagara/Shaders/Private/NiagaraCommon.ush" 2141
"../../../Engine/Plugins/FX/Niagara/Shaders/Private/NiagaraMeshParticleUtils.ush" 2142
"../../../Engine/Shaders/Private/VectorFieldVisualizationVertexFactory.ush" 2143
"../../../Engine/Shaders/Private/Nanite/NaniteVertexFactory.ush" 2144
"../../../Engine/Shaders/Private/LightmapData.ush" 2145
"../../../Engine/Shaders/Private/SplineMeshCommon.ush" 2146
"../../../Engine/Shaders/Shared/SplineMeshShaderParams.h" 2147
"../../../Engine/Shaders/Private/ShaderPrint.ush" 2148
"../../../Engine/Shaders/Private/ShaderPrintCommon.ush" 2149
"../../../Engine/Shaders/Private/MiniFontCommon.ush" 2150
"../../../Engine/Shaders/Private/SGGX.ush" 2151
"../../../Engine/Shaders/Private/MaterialCache/MaterialCacheCommon.ush" 2152
"../../../Engine/Shaders/Private/Nanite/NaniteVertexDeformation.ush" 2153
"../../../Engine/Shaders/Private/Matrices.ush" 2154
"../../../Engine/Shaders/Private/ParticleSpriteVertexFactory.ush" 2155
"../../../Engine/Shaders/Private/ParticleGPUSpriteVertexFactory.ush" 2156
"../../../Engine/Shaders/Private/ParticleSimulationCommon.ush" 2157
"../../../Engine/Shaders/Private/ParticleBeamTrailVertexFactory.ush" 2158
"../../../Engine/Shaders/Private/MeshParticleVertexFactory.ush" 2159
"../../../Engine/Shaders/Private/LocalVertexFactory.ush" 2160
"../../../Engine/Shaders/Private/GeometryCollectionVertexFactory.ush" 2161
"../../../Engine/Shaders/Private/GeometryCacheVertexFactory.ush" 2162
"../../../Engine/Shaders/Private/GpuSkinVertexFactory.ush" 2163
"../../../Engine/Shaders/Private/LandscapeVertexFactory.ush" 2164
"../../../Engine/Plugins/NNE/NNEDenoiser/Shaders/NNEDenoiserShadersTransferFunctionOidn.usf" 2165
"../../../Engine/Plugins/NNE/NNEDenoiser/Shaders/NNEDenoiserShadersMappedCopy.usf" 2166
"../../../Engine/Plugins/NNE/NNEDenoiser/Shaders/NNEDenoiserShadersDefaultIOProcess.usf" 2167
"../../../Engine/Plugins/NNE/NNEDenoiser/Shaders/NNEDenoiserShadersAutoExposureReduceFinal.usf" 2168
"../../../Engine/Plugins/NNE/NNEDenoiser/Shaders/NNEDenoiserShadersAutoExposureReduce.usf" 2169
"../../../Engine/Plugins/NNE/NNEDenoiser/Shaders/NNEDenoiserShadersAutoExposureDownsample.usf" 2170
"../../../Engine/Plugins/Runtime/ComputeFramework/Shaders/Private/ComputeKernel.usf" 2171
"../../../Engine/Plugins/Runtime/ComputeFramework/Shaders/Private/ComputeKernelCommon.ush" 2172
"../../../Engine/Plugins/Enterprise/GLTFExporter/Shaders/Private/SimpleTexture2DPS.usf" 2173
"../../../Engine/Shaders/Private/SimpleElementNormalMapPixelShader.usf" 2174
"../../../Engine/Plugins/Runtime/HairStrands/Shaders/Private/NiagaraCopyVelocityGrid.usf" 2175
"../../../Engine/Plugins/Runtime/HairStrands/Shaders/Private/NiagaraClearVelocityGrid.usf" 2176
"../../../Engine/Plugins/Runtime/HairStrands/Shaders/Private/NiagaraClearPressureGrid.usf" 2177
"../../../Engine/Plugins/Runtime/HairStrands/Shaders/Private/NiagaraInterpolateGroomGuides.usf" 2178
"../../../Engine/Plugins/Runtime/HairStrands/Shaders/Private/NiagaraGroomInterpolationUtils.ush" 2179
"../../../Engine/Plugins/FX/Niagara/Shaders/Private/NiagaraQuaternionUtils.ush" 2180
"../../../Engine/Shaders/Private/HairStrands/HairStrandsMesh.usf" 2181
"../../../Engine/Shaders/Private/HairStrands/HairStrandsBindingCommon.ush" 2182
"../../../Engine/Shaders/Private/HairStrands/HairStrandsFollicleMask.usf" 2183
"../../../Engine/Shaders/Private/HairStrands/HairStrandsSkinUpdate.usf" 2184
"../../../Engine/Shaders/Private/HairStrands/HairStrandsClusterCulling.usf" 2185
"../../../Engine/Shaders/Private/ColorMap.ush" 2186
"../../../Engine/Shaders/Private/HairStrands/HairStrandsAABBCommon.ush" 2187
"../../../Engine/Shaders/Private/HairStrands/HairStrandsClusterCommon.ush" 2188
"../../../Engine/Shaders/Private/ThreadGroupPrefixSum.ush" 2189
"../../../Engine/Shaders/Private/HairStrands/HairStrandsRaytracingGeometry.usf" 2190
"../../../Engine/Shaders/Private/HairStrands/HairStrandsTangent.usf" 2191
"../../../Engine/Shaders/Private/HairStrands/HairCardsDeformation.usf" 2192
"../../../Engine/Shaders/Private/HairStrands/HairStrandsInterpolation.usf" 2193
"../../../Engine/Shaders/Private/HairStrands/HairStrandsGuideDeform.usf" 2194
"../../../Engine/Shaders/Private/HairStrands/HairStrandsTexturesGeneration.usf" 2195
"../../../Engine/Shaders/Private/HairStrands/HairCardsTextureCommon.ush" 2196
"../../../Engine/Shaders/Private/HairStrands/HairStrandsTranscode.usf" 2197
"../../../Engine/Shaders/Private/HairStrands/HairStrandsDebug.usf" 2198
"../../../Engine/Shaders/Private/HairShadingCommon.ush" 2199
"../../../Engine/Shaders/Private/PostProcessCommon.ush" 2200
"../../../Engine/Shaders/Private/ShadingModels.ush" 2201
"../../../Engine/Shaders/Private/CapsuleLight.ush" 2202
"../../../Engine/Shaders/Private/RectLight.ush" 2203
"../../../Engine/Shaders/Private/LightData.ush" 2204
"../../../Engine/Shaders/Shared/LightDefinitions.h" 2205
"../../../Engine/Shaders/Private/AreaLightCommon.ush" 2206
"../../../Engine/Shaders/Private/HairBsdf.ush" 2207
"../../../Engine/Shaders/Private/PathTracing/Utilities/PathTracingRandomSequence.ush" 2208
"../../../Engine/Shaders/Private/MobileGGX.ush" 2209
"../../../Engine/Shaders/Private/HairStrands/HairStrandsCommon.ush" 2210
"../../../Engine/Shaders/Private/HairStrands/HairStrandsEnvironmentLightingCommon.ush" 2211
"../../../Engine/Shaders/Private/HairStrands/HairStrandsDeepTransmittanceCommon.ush" 2212
"../../../Engine/Shaders/Private/HairStrands/HairStrandsDeepTransmittanceDualScattering.ush" 2213
"../../../Engine/Shaders/Private/HairStrands/HairStrandsDeepShadowCommon.ush" 2214
"../../../Engine/Shaders/Private/HairStrands/HairStrandsDebugCommonStruct.ush" 2215
"../../../Engine/Plugins/FX/Niagara/Shaders/Private/Stateless/NiagaraStatelessSimulationDefault.usf" 2216
"../../../Engine/Plugins/FX/Niagara/Shaders/Private/Stateless/NiagaraStatelessCommon.ush" 2217
"../../../Engine/Plugins/FX/Niagara/Shaders/Shared/NiagaraStatelessDefinitions.h" 2218
"../../../Engine/Plugins/FX/Niagara/Shaders/Shared/NiagaraStatelessBuiltDistribution.h" 2219
"../../../Engine/Plugins/FX/Niagara/Shaders/Private/Stateless/NiagaraStatelessDistribution.ush" 2220
"../../../Engine/Plugins/FX/Niagara/Shaders/Private/Stateless/Template/GenerateCS_PreModules.ush" 2221
"../../../Engine/Plugins/FX/Niagara/Shaders/Private/Stateless/Modules/NiagaraStatelessModule_CalculateAccurateVelocity.ush" 2222
"../../../Engine/Plugins/FX/Niagara/Shaders/Private/Stateless/Modules/NiagaraStatelessModule_CameraOffset.ush" 2223
"../../../Engine/Plugins/FX/Niagara/Shaders/Private/Stateless/Modules/NiagaraStatelessModule_DynamicMaterialParameters.ush" 2224
"../../../Engine/Plugins/FX/Niagara/Shaders/Private/Stateless/Modules/NiagaraStatelessModule_InitializeParticle.ush" 2225
"../../../Engine/Plugins/FX/Niagara/Shaders/Private/Stateless/Modules/NiagaraStatelessModule_InitialMeshOrientation.ush" 2226
"../../../Engine/Plugins/FX/Niagara/Shaders/Private/Stateless/Modules/NiagaraStatelessModule_MeshIndex.ush" 2227
"../../../Engine/Plugins/FX/Niagara/Shaders/Private/Stateless/Modules/NiagaraStatelessModule_MeshRotationRate.ush" 2228
"../../../Engine/Plugins/FX/Niagara/Shaders/Private/Stateless/Modules/NiagaraStatelessModule_RotateAroundPoint.ush" 2229
"../../../Engine/Plugins/FX/Niagara/Shaders/Private/Stateless/Modules/NiagaraStatelessModule_ShapeLocation.ush" 2230
"../../../Engine/Plugins/FX/Niagara/Shaders/Private/Stateless/Modules/NiagaraStatelessModule_ScaleColor.ush" 2231
"../../../Engine/Plugins/FX/Niagara/Shaders/Private/Stateless/Modules/NiagaraStatelessModule_ScaleRibbonWidth.ush" 2232
"../../../Engine/Plugins/FX/Niagara/Shaders/Private/Stateless/Modules/NiagaraStatelessModule_ScaleSpriteSize.ush" 2233
"../../../Engine/Plugins/FX/Niagara/Shaders/Private/Stateless/Modules/NiagaraStatelessModule_ScaleSpriteSizeBySpeed.ush" 2234
"../../../Engine/Plugins/FX/Niagara/Shaders/Private/Stateless/Modules/NiagaraStatelessModule_ScaleMeshSize.ush" 2235
"../../../Engine/Plugins/FX/Niagara/Shaders/Private/Stateless/Modules/NiagaraStatelessModule_ScaleMeshSizebySpeed.ush" 2236
"../../../Engine/Plugins/FX/Niagara/Shaders/Private/Stateless/Modules/NiagaraStatelessModule_SolveVelocitiesAndForces.ush" 2237
"../../../Engine/Plugins/FX/Niagara/Shaders/Private/Stateless/Modules/NiagaraStatelessModule_SpriteFacingAndAlignment.ush" 2238
"../../../Engine/Plugins/FX/Niagara/Shaders/Private/Stateless/Modules/NiagaraStatelessModule_SpriteRotationRate.ush" 2239
"../../../Engine/Plugins/FX/Niagara/Shaders/Private/Stateless/Modules/NiagaraStatelessModule_SubUVAnimation.ush" 2240
"../../../Engine/Plugins/FX/Niagara/Shaders/Private/Stateless/Template/GenerateCS_PostModules.ush" 2241
"../../../Engine/Shaders/Private/ComputeShaderUtils.ush" 2242
"../../../Engine/Plugins/FX/Niagara/Shaders/Private/NiagaraBlendSVTsToDenseBuffer.usf" 2243
"../../../Engine/Shaders/Private/SparseVolumeTexture/SparseVolumeTextureCommon.ush" 2244
"../../../Engine/Plugins/FX/Niagara/Shaders/Private/NiagaraSVTToDenseBuffer.usf" 2245
"../../../Engine/Plugins/FX/Niagara/Shaders/Private/NiagaraFillIntBuffer.usf" 2246
"../../../Engine/Plugins/FX/Niagara/Shaders/Private/NiagaraComputeFreeIDs.usf" 2247
"../../../Engine/Plugins/FX/Niagara/Shaders/Private/NiagaraInitFreeIDBuffer.usf" 2248
"../../../Engine/Plugins/FX/Niagara/Shaders/Private/NiagaraEmitterInstanceShader.usf" 2249
"../../../Engine/Plugins/FX/Niagara/Shaders/Private/NiagaraShaderVersion.ush" 2250
"../../../Engine/Shaders/Private/DistanceField/GlobalDistanceFieldShared.ush" 2251
"../../../Engine/Plugins/FX/Niagara/Shaders/Private/NiagaraPhysicsCommon.ush" 2252
"../../../Engine/Plugins/FX/Niagara/Shaders/Private/Ribbons/NiagaraRibbonAggregationApply.usf" 2253
"../../../Engine/Plugins/FX/Niagara/Shaders/Private/Ribbons/NiagaraRibbonCommon.ush" 2254
"../../../Engine/Plugins/FX/Niagara/Shaders/Shared/NiagaraRibbonShared.h" 2255
"../../../Engine/Plugins/FX/Niagara/Shaders/Private/Ribbons/NiagaraRibbonAggregationStep.usf" 2256
"../../../Engine/Plugins/FX/Niagara/Shaders/Private/Ribbons/NiagaraRibbonGenerateIndices.usf" 2257
"../../../Engine/Plugins/FX/Niagara/Shaders/Private/Ribbons/NiagaraRibbonInitializeIndices.usf" 2258
"../../../Engine/Plugins/FX/Niagara/Shaders/Private/Ribbons/NiagaraRibbonRibbonUVParamCalculation.usf" 2259
"../../../Engine/Plugins/FX/Niagara/Shaders/Private/Ribbons/NiagaraRibbonVertexReductionFinalization.usf" 2260
"../../../Engine/Plugins/FX/Niagara/Shaders/Private/Ribbons/NiagaraRibbonVertexReductionInitialization.usf" 2261
"../../../Engine/Plugins/FX/Niagara/Shaders/Private/Ribbons/NiagaraRibbonSortParticles.usf" 2262
"../../../Engine/Plugins/FX/Niagara/Shaders/Private/NiagaraLWCHelper.usf" 2263
"../../../Engine/Plugins/FX/Niagara/Shaders/Private/NiagaraUpdateMeshGPUSceneInstances.usf" 2264
"../../../Engine/Shaders/Private/GPUScene/GPUSceneWriter.ush" 2265
"../../../Engine/Plugins/FX/Niagara/Shaders/Private/NiagaraGenerateMips.usf" 2266
"../../../Engine/Plugins/FX/Niagara/Shaders/Private/NiagaraDebugDraw.usf" 2267
"../../../Engine/Plugins/FX/Niagara/Shaders/Private/NiagaraDebugDraw.ush" 2268
"../../../Engine/Plugins/FX/Niagara/Shaders/Private/NiagaraVisualizeTexture.usf" 2269
"../../../Engine/Plugins/FX/Niagara/Shaders/Private/NiagaraClearCounts.usf" 2270
"../../../Engine/Plugins/FX/Niagara/Shaders/Private/NiagaraBatchedElements.usf" 2271
"../../../Engine/Plugins/FX/Niagara/Shaders/Private/NiagaraRayTracingShaders.usf" 2272
"../../../Engine/Plugins/FX/Niagara/Shaders/Private/NiagaraAsyncGpuTraceCommon.ush" 2273
"../../../Engine/Shaders/Private/HashTable.ush" 2274
"../../../Engine/Shaders/Private/Hash.ush" 2275
"../../../Engine/Shaders/Private/RayTracing/VFXTraceRay.ush" 2276
"../../../Engine/Plugins/FX/Niagara/Shaders/Private/NiagaraRayMarchingShaders.usf" 2277
"../../../Engine/Plugins/FX/Niagara/Shaders/Private/NiagaraRayTraceCollisionGroupShaders.usf" 2278
"../../../Engine/Plugins/FX/Niagara/Shaders/Private/NiagaraAsyncGpuTraceUtils.usf" 2279
"../../../Engine/Plugins/FX/Niagara/Shaders/Private/NiagaraVertexFactoryExport.usf" 2280
"../../../Engine/Shaders/Private/MaterialTemplate.ush" 2281
"../../../Engine/Shaders/Private/WorldSpaceMath.ush" 2282
"../../../Engine/Shaders/Private/EyeAdaptationCommon.ush" 2283
"../../../Engine/Shaders/Private/SobolRandom.ush" 2284
"../../../Engine/Shaders/Private/DepthOfFieldCommon.ush" 2285
"../../../Engine/Shaders/Private/CircleDOFCommon.ush" 2286
"../../../Engine/Shaders/Private/PhysicsFieldSampler.ush" 2287
"../../../Engine/Shaders/Private/PhysicsFieldShared.ush" 2288
"../../../Engine/Shaders/Shared/EnvironmentComponentsFlags.h" 2289
"../../../Engine/Shaders/Private/MeshPaintTextureCommon.ush" 2290
"../../../Engine/Shaders/Private/VirtualTextureMaterial.ush" 2291
"../../../Engine/Shaders/Private/MaterialCache/MaterialCacheMaterialCommon.ush" 2292
"../../../Engine/Shaders/Private/Quantization.ush" 2293
"../../../Engine/Shaders/Private/SpeedTreeCommon.ush" 2294
"../../../Engine/Shaders/Private/VirtualTextureCommon.ush" 2295
"../../../Engine/Shaders/Public/IndirectVirtualTextureCommon.ush" 2296
"../../../Engine/Shaders/Private/MaterialTexture.ush" 2297
"../../../Engine/Shaders/Private/MinMaterialTexCoords.ush" 2298
"../../../Engine/Shaders/Private/SkyAtmosphereCommon.ush" 2299
"../../../Engine/Shaders/Private/SingleLayerWaterCommon.ush" 2300
"../../../Engine/Shaders/Private/TextureSampling.ush" 2301
"../../../Engine/Shaders/Private/PaniniProjection.ush" 2302
"../../../Engine/Shaders/Private/DBufferNormalReprojection.ush" 2303
"../../../Engine/Shaders/Public/SubstratePublic.ush" 2304
"../../../Engine/Shaders/Private/Substrate/SubstrateRead.ush" 2305
"../../../Engine/Shaders/Private/Substrate/SubstrateTree.ush" 2306
"../../../Engine/Shaders/Private/Substrate/SubstrateEvaluation.ush" 2307
"../../../Engine/Shaders/Private/Substrate/Glint/GlintThirdParty.ush" 2308
"../../../Engine/Shaders/Private/BlueNoise.ush" 2309
"../../../Engine/Shaders/Private/SHCommon.ush" 2310
"../../../Engine/Shaders/Private/ShadingModelsSampling.ush" 2311
"../../../Engine/Shaders/Private/HairStrands/HairBsdfSample.ush" 2312
"../../../Engine/Shaders/Private/Substrate/SubstrateLegacyConversion.ush" 2313
"../../../Engine/Shaders/Private/DBufferDecalShared.ush" 2314
"../../../Engine/Plugins/FX/Niagara/Shaders/Private/NiagaraSortKeyGen.usf" 2315
"../../../Engine/Plugins/FX/Niagara/Shaders/Private/NiagaraGPURayTracingTransforms.usf" 2316
"../../../Engine/Plugins/FX/Niagara/Shaders/Private/NiagaraDrawIndirectArgsGen.usf" 2317
"../../../Engine/Plugins/FX/Niagara/Shaders/Private/NiagaraDispatchIndirectArgsGen.usf" 2318
"../../../Engine/Plugins/Compositing/CompositeCore/Shaders/Private/CompositeCoreMerge.usf" 2319
"../../../Engine/Shaders/Private/ScreenPass.ush" 2320
"../../../Engine/Shaders/Private/LensDistortion.ush" 2321
"../../../Engine/Plugins/Compositing/CompositeCore/Shaders/Private/CompositeCoreBlending.ush" 2322
"../../../Engine/Plugins/Compositing/CompositeCore/Shaders/Private/CompositeCoreDisplayTransform.usf" 2323
"../../../Engine/Plugins/Compositing/CompositeCore/Shaders/Private/CompositeCoreDilate.usf" 2324
"../../../Engine/Shaders/Private/VirtualTextureAdapter.usf" 2325
"../../../Engine/Shaders/Private/BlockCompressionCommon.ush" 2326
"../../../Engine/Shaders/Private/BCCompressionCommon.ush" 2327
"../../../Engine/Shaders/Private/TranslucentLightingShaders.usf" 2328
"../../../Engine/Shaders/Private/TranslucencyVolumeInjectionCommon.ush" 2329
"../../../Engine/Shaders/Private/CubemapCommon.ush" 2330
"../../../Engine/Shaders/Private/VectorFieldCompositeShaders.usf" 2331
"../../../Engine/Shaders/Private/UpdateTextureShaders.usf" 2332
"../../../Engine/Shaders/Private/StereoLayerShader.usf" 2333
"../../../Engine/Shaders/Private/SparseVolumeTexture/UpdateSparseVolumeTexture.usf" 2334
"../../../Engine/Shaders/Private/MorphTargets.usf" 2335
"../../../Engine/Shaders/Private/SimpleElementColorChannelMaskPixelShader.usf" 2336
"../../../Engine/Shaders/Private/SimpleElementHitProxyPixelShader.usf" 2337
"../../../Engine/Shaders/Private/SimpleElementPixelShader.usf" 2338
"../../../Engine/Shaders/Private/ColorUtils.ush" 2339
"../../../Engine/Shaders/Private/IESLightProfilesCommon.ush" 2340
"../../../Engine/Shaders/Private/SimpleElementVertexShader.usf" 2341
"../../../Engine/Shaders/Private/ScreenPixelShaderOES.usf" 2342
"../../../Engine/Shaders/Private/ScreenVertexShader.usf" 2343
"../../../Engine/Shaders/Private/ScreenPixelShader.usf" 2344
"../../../Engine/Shaders/Private/SSProfilePreIntegratedMobile.usf" 2345
"../../../Engine/Shaders/Private/SpecularProfile.usf" 2346
"../../../Engine/Shaders/Private/Nanite/NaniteStreaming.usf" 2347
"../../../Engine/Shaders/Private/Nanite/NaniteStreaming.ush" 2348
"../../../Engine/Shaders/Private/VolumetricLightmapStreaming.usf" 2349
"../../../Engine/Shaders/Private/PhysicsFieldReset.usf" 2350
"../../../Engine/Shaders/Private/PhysicsFieldBuilder.usf" 2351
"../../../Engine/Shaders/Private/PhysicsFieldEval.ush" 2352
"../../../Engine/Shaders/Private/ParticleSortKeyGen.usf" 2353
"../../../Engine/Shaders/Private/ParticleBoundsShader.usf" 2354
"../../../Engine/Shaders/Private/ParticleSimVisualizeShader.usf" 2355
"../../../Engine/Shaders/Private/ParticleInjectionShader.usf" 2356
"../../../Engine/Shaders/Private/ParticleSimulationShader.usf" 2357
"../../../Engine/Shaders/Private/ParticleCurveInjectionShader.usf" 2358
"../../../Engine/Shaders/Private/Nanite/NaniteTranscode.usf" 2359
"../../../Engine/Shaders/Private/Nanite/NaniteScatterUpdates.usf" 2360
"../../../Engine/Shaders/Private/CopyUIntBuffer.usf" 2361
"../../../Engine/Shaders/Private/RadixSortShaders.usf" 2362
"../../../Engine/Shaders/Private/RecomputeTangentsPerVertexPass.usf" 2363
"../../../Engine/Shaders/Private/RecomputeTangentsCommon.ush" 2364
"../../../Engine/Shaders/Private/RecomputeTangentsPerTrianglePass.usf" 2365
"../../../Engine/Shaders/Private/DynamicMeshBounds.usf" 2366
"../../../Engine/Shaders/Private/GpuSkinCacheComputeShader.usf" 2367
"../../../Engine/Shaders/Private/DynamicMeshBounds.ush" 2368
"../../../Engine/Shaders/Private/HeightFieldAtlasManagement.usf" 2369
"../../../Engine/Shaders/Private/Landscape/LandscapeEditLayersUtils.usf" 2370
"../../../Engine/Shaders/Private/Landscape/LandscapeCommon.ush" 2371
"../../../Engine/Shaders/Private/Landscape/LandscapeEditLayersWeightmaps.usf" 2372
"../../../Engine/Shaders/Private/Landscape/LandscapeEditLayersHeightmaps.usf" 2373
"../../../Engine/Shaders/Private/LandscapeLayersPS.usf" 2374
"../../../Engine/Shaders/Private/LandscapePhysicalMaterial.usf" 2375
"../../../Engine/Shaders/Private/LandscapeGrassWeight.usf" 2376
"../../../Engine/Shaders/Private/Landscape/LandscapeCulling.usf" 2377
"../../../Engine/Shaders/Private/Nanite/NaniteHZBCull.ush" 2378
"../../../Engine/Shaders/Private/HZB.ush" 2379
"../../../Engine/Shaders/Private/Landscape/LandscapeMergeTexturesPS.usf" 2380
"../../../Engine/Shaders/Private/WideCustomResolveShaders.usf" 2381
"../../../Engine/Shaders/Private/WideCustomResolve_Wide.ush" 2382
"../../../Engine/Shaders/Private/WideCustomResolve_Wider.ush" 2383
"../../../Engine/Shaders/Private/WideCustomResolve_Widest.ush" 2384
"../../../Engine/Shaders/Private/WaterInfoTextureBlur.usf" 2385
"../../../Engine/Shaders/Private/WaterInfoTextureMerge.usf" 2386
"../../../Engine/Shaders/Private/PageTableUpdate.usf" 2387
"../../../Engine/Shaders/Private/VirtualTextureCompress.usf" 2388
"../../../Engine/Shaders/Private/ASTCCompressionCommon.ush" 2389
"../../../Engine/Shaders/Private/IntegerSequenceEncoding.ush" 2390
"../../../Engine/Shaders/Private/ETCCompressionCommon.ush" 2391
"../../../Engine/Shaders/Private/VirtualTextureMaterial.usf" 2392
"../../../Engine/Shaders/Private/PixelShaderOutputCommon.ush" 2393
"../../../Engine/Shaders/Private/ShaderOutputCommon.ush" 2394
"../../../Engine/Shaders/Private/VolumetricRenderTarget.usf" 2395
"../../../Engine/Shaders/Private/HeightFogCommon.ush" 2396
"../../../Engine/Shaders/Private/LocalFogVolumes/LocalFogVolumeCommon.ush" 2397
"../../../Engine/Shaders/Private/ReflectionEnvironmentShared.ush" 2398
"../../../Engine/Shaders/Private/VolumetricFogVoxelization.usf" 2399
"../../../Engine/Shaders/Private/VolumetricCloudMaterialPixelCommon.ush" 2400
"../../../Engine/Shaders/Private/VolumetricFogLightFunction.usf" 2401
"../../../Engine/Shaders/Private/LightFunctionCommon.ush" 2402
"../../../Engine/Shaders/Private/VolumetricFog.usf" 2403
"../../../Engine/Shaders/Private/DeferredLightingCommon.ush" 2404
"../../../Engine/Shaders/Private/DynamicLightingCommon.ush" 2405
"../../../Engine/Shaders/Private/CapsuleLightIntegrate.ush" 2406
"../../../Engine/Shaders/Private/CapsuleLightSampling.ush" 2407
"../../../Engine/Shaders/Private/RectLightIntegrate.ush" 2408
"../../../Engine/Shaders/Private/ScreenSpaceShadowRayCast.ush" 2409
"../../../Engine/Shaders/Private/LightFunctionAtlas/LightFunctionAtlasCommon.usf" 2410
"../../../Engine/Shaders/Private/LightGridCommon.ush" 2411
"../../../Engine/Shaders/Private/DistanceFieldAOShared.ush" 2412
"../../../Engine/Shaders/Private/IntersectionUtils.ush" 2413
"../../../Engine/Shaders/Private/VolumeLightingCommon.ush" 2414
"../../../Engine/Shaders/Private/ShadowProjectionCommon.ush" 2415
"../../../Engine/Shaders/Private/ShadowFilteringCommon.ush" 2416
"../../../Engine/Shaders/Private/PixelQuadMessagePassing.ush" 2417
"../../../Engine/Shaders/Private/VolumeLightingCommonSampling.ush" 2418
"../../../Engine/Shaders/Private/VolumetricLightmapShared.ush" 2419
"../../../Engine/Shaders/Private/ForwardShadowingCommon.ush" 2420
"../../../Engine/Shaders/Private/LightDataUniforms.ush" 2421
"../../../Engine/Shaders/Private/Lumen/LumenTranslucencyVolumeShared.ush" 2422
"../../../Engine/Shaders/Private/Lumen/LumenRadianceCacheInterpolation.ush" 2423
"../../../Engine/Shaders/Private/VirtualShadowMaps/VirtualShadowMapProjectionCommon.ush" 2424
"../../../Engine/Shaders/Private/VirtualShadowMaps/VirtualShadowMapPageAccessCommon.ush" 2425
"../../../Engine/Shaders/Shared/VirtualShadowMapDefinitions.h" 2426
"../../../Engine/Shaders/Shared/HLSLMathAliases.h" 2427
"../../../Engine/Shaders/Private/VirtualShadowMaps/VirtualShadowMapHandle.ush" 2428
"../../../Engine/Shaders/Private/VirtualShadowMaps/VirtualShadowMapProjectionStructs.ush" 2429
"../../../Engine/Shaders/Private/DiaphragmDOF/DOFCommon.ush" 2430
"../../../Engine/Shaders/Private/VolumetricCloudCommon.ush" 2431
"../../../Engine/Shaders/Private/VolumetricCloud.usf" 2432
"../../../Engine/Shaders/Private/VisualizeVolumetricLightmap.usf" 2433
"../../../Engine/Shaders/Private/VirtualShadowMaps/VirtualShadowMapProjectionComposite.usf" 2434
"../../../Engine/Shaders/Private/LightShaderParameters.ush" 2435
"../../../Engine/Shaders/Private/VirtualShadowMaps/VirtualShadowMapMaskBitsCommon.ush" 2436
"../../../Engine/Shaders/Private/VirtualShadowMaps/VirtualShadowMapLightGrid.ush" 2437
"../../../Engine/Shaders/Private/VirtualShadowMaps/VirtualShadowMapProjection.usf" 2438
"../../../Engine/Shaders/Private/Visualization.ush" 2439
"../../../Engine/Shaders/Private/VirtualShadowMaps/VirtualShadowMapProjectionFilter.ush" 2440
"../../../Engine/Shaders/Private/VirtualShadowMaps/VirtualShadowMapProjectionDirectional.ush" 2441
"../../../Engine/Shaders/Private/VirtualShadowMaps/VirtualShadowMapSMRTCommon.ush" 2442
"../../../Engine/Shaders/Private/VirtualShadowMaps/VirtualShadowMapSMRTTemplate.ush" 2443
"../../../Engine/Shaders/Private/VirtualShadowMaps/VirtualShadowMapProjectionSpot.ush" 2444
"../../../Engine/Shaders/Private/VirtualShadowMaps/VirtualShadowMapTransmissionCommon.ush" 2445
"../../../Engine/Shaders/Private/VirtualShadowMaps/VirtualShadowMapScreenRayTrace.ush" 2446
"../../../Engine/Shaders/Private/VirtualShadowMaps/VirtualShadowMapStats.ush" 2447
"../../../Engine/Shaders/Private/HairStrands/HairStrandsVoxelPageCommon.ush" 2448
"../../../Engine/Shaders/Private/HairStrands/HairStrandsVoxelPageTraversal.ush" 2449
"../../../Engine/Shaders/Private/VirtualShadowMaps/VirtualShadowMapCacheGPUInvalidation.usf" 2450
"../../../Engine/Shaders/Private/VirtualShadowMaps/VirtualShadowMapPageCacheCommon.ush" 2451
"../../../Engine/Shaders/Private/VirtualShadowMaps/VirtualShadowMapCacheInvalidation.ush" 2452
"../../../Engine/Shaders/Private/VirtualShadowMaps/VirtualShadowMapPageOverlap.ush" 2453
"../../../Engine/Shaders/Private/ScreenSpaceDenoise/SSDDefinitions.ush" 2454
"../../../Engine/Shaders/Private/InstanceCulling/InstanceCullingLoadBalancer.ush" 2455
"../../../Engine/Shaders/Private/VirtualShadowMaps/VirtualShadowMapCacheLoadBalancer.usf" 2456
"../../../Engine/Shaders/Private/VirtualShadowMaps/VirtualShadowMapCopyStats.usf" 2457
"../../../Engine/Shaders/Private/VirtualShadowMaps/VirtualShadowMapShadowCasterBounds.usf" 2458
"../../../Engine/Shaders/Private/VirtualShadowMaps/VirtualShadowMapVisualize.ush" 2459
"../../../Engine/Shaders/Private/VirtualShadowMaps/VirtualShadowMapShadowCasterColor.usf" 2460
"../../../Engine/Shaders/Private/VirtualShadowMaps/VirtualShadowMapDebug.usf" 2461
"../../../Engine/Shaders/Private/VirtualShadowMaps/Desaturate.usf" 2462
"../../../Engine/Shaders/Private/VirtualShadowMaps/VirtualShadowMapPhysicalPageManagement.usf" 2463
"../../../Engine/Shaders/Private/ReductionCommon.ush" 2464
"../../../Engine/Shaders/Private/GPUMessaging.ush" 2465
"../../../Engine/Shaders/Private/VirtualShadowMaps/VirtualShadowMapPerPageDispatch.ush" 2466
"../../../Engine/Shaders/Private/VirtualShadowMaps/VirtualShadowMapComputeExplicitChunkDrawsViewMask.usf" 2467
"../../../Engine/Shaders/Shared/SceneCullingDefinitions.h" 2468
"../../../Engine/Shaders/Private/VirtualShadowMaps/VirtualShadowMapCompactViews.usf" 2469
"../../../Engine/Shaders/Private/VirtualShadowMaps/VirtualShadowMapBuildPerPageDrawCommands.usf" 2470
"../../../Engine/Shaders/Private/Nanite/NaniteCullingCommon.ush" 2471
"../../../Engine/Shaders/Private/Nanite/NaniteCulling.ush" 2472
"../../../Engine/Shaders/Private/Nanite/NaniteHierarchyTraversalCommon.ush" 2473
"../../../Engine/Shaders/Private/InstanceCulling/InstanceCullingCommon.ush" 2474
"../../../Engine/Shaders/Shared/InstanceCullingDefinitions.h" 2475
"../../../Engine/Shaders/Private/VirtualShadowMaps/VirtualShadowMapPrintStats.usf" 2476
"../../../Engine/Shaders/Private/VirtualShadowMaps/VirtualShadowMapPageManagement.usf" 2477
"../../../Engine/Shaders/Private/VirtualShadowMaps/VirtualShadowMapPageMarking.usf" 2478
"../../../Engine/Shaders/Private/VirtualShadowMaps/VirtualShadowMapPageMarking.ush" 2479
"../../../Engine/Shaders/Shared/SingleLayerWaterDefinitions.h" 2480
"../../../Engine/Shaders/Private/HairStrands/HairStrandsTileCommon.ush" 2481
"../../../Engine/Shaders/Private/Froxel/Froxel.ush" 2482
"../../../Engine/Shaders/Shared/FroxelDefinitions.h" 2483
"../../../Engine/Shaders/Private/VirtualShadowMaps/VirtualShadowMapThrottle.usf" 2484
"../../../Engine/Shaders/Private/VelocityUpdate.usf" 2485
"../../../Engine/Shaders/Private/VelocityCommon.ush" 2486
"../../../Engine/Shaders/Private/VelocityShader.usf" 2487
"../../../Engine/Shaders/Private/VariableRateShading/VRSShadingRatePreview.usf" 2488
"../../../Engine/Shaders/Private/VariableRateShading/VRSShadingRateCommon.ush" 2489
"../../../Engine/Shaders/Private/VariableRateShading/VRSShadingRateCombine.usf" 2490
"../../../Engine/Shaders/Private/VariableRateShading/VRSShadingRateFoveated.usf" 2491
"../../../Engine/Shaders/Private/VariableRateShading/VRSShadingRateReproject.usf" 2492
"../../../Engine/Shaders/Private/VariableRateShading/VRSShadingRateCalculate.usf" 2493
"../../../Engine/Shaders/Private/TranslucencyUpsampling.usf" 2494
"../../../Engine/Shaders/Private/ComposeSeparateTranslucency.usf" 2495
"../../../Engine/Shaders/Private/SeparateTranslucency.ush" 2496
"../../../Engine/Shaders/Private/TranslucencyVolumeVisualize.usf" 2497
"../../../Engine/Shaders/Private/TranslucencyVolumeCommon.ush" 2498
"../../../Engine/Shaders/Private/TranslucentLightInjectionShaders.usf" 2499
"../../../Engine/Shaders/Private/HeterogeneousVolumes/HeterogeneousVolumesAdaptiveVolumetricShadowMapSampling.ush" 2500
"../../../Engine/Shaders/Private/HeterogeneousVolumes/HeterogeneousVolumesAdaptiveVolumetricShadowMapUtils.ush" 2501
"../../../Engine/Shaders/Private/HeterogeneousVolumes/HeterogeneousVolumesBeerShadowMapUtils.ush" 2502
"../../../Engine/Shaders/Private/TranslucentShadowDepthShaders.usf" 2503
"../../../Engine/Shaders/Private/ShadowDepthCommon.ush" 2504
"../../../Engine/Shaders/Private/RayTracing/RayTracingTest.usf" 2505
"../../../Engine/Shaders/Private/PostprocessSubsurfaceTile.usf" 2506
"../../../Engine/Shaders/Private/PostProcessSubsurfaceCommon.ush" 2507
"../../../Engine/Shaders/Private/Substrate/SubstrateVisualize.usf" 2508
"../../../Engine/Shaders/Private/Substrate/SubstrateTile.ush" 2509
"../../../Engine/Shaders/Shared/SubstrateVisualizeDefinitions.h" 2510
"../../../Engine/Shaders/Private/Substrate/SubstrateVisualizeCommon.ush" 2511
"../../../Engine/Shaders/Private/SkyLightingDiffuseShared.ush" 2512
"../../../Engine/Shaders/Private/SkyLightingShared.ush" 2513
"../../../Engine/Shaders/Private/ClearCoatCommon.ush" 2514
"../../../Engine/Shaders/Private/ReflectionEnvironmentComposite.ush" 2515
"../../../Engine/Shaders/Private/Substrate/SubstrateLightingCommon.ush" 2516
"../../../Engine/Shaders/Private/Substrate/SubstrateRoughRefraction.usf" 2517
"../../../Engine/Shaders/Private/PathTracing/Material/PathTracingFresnel.ush" 2518
"../../../Engine/Shaders/Private/PathTracing/Material/PathTracingGlossy.ush" 2519
"../../../Engine/Shaders/Private/Substrate/SubstrateMaterialSampling.usf" 2520
"../../../Engine/Shaders/Private/Substrate/SubstrateMaterialSampling.ush" 2521
"../../../Engine/Shaders/Private/Lumen/LumenPosition.ush" 2522
"../../../Engine/Shaders/Private/Substrate/SubstrateTile.usf" 2523
"../../../Engine/Shaders/Private/Substrate/SubstrateMaterialClassification.usf" 2524
"../../../Engine/Shaders/Private/Substrate/SubstrateDBuffer.usf" 2525
"../../../Engine/Shaders/Private/StochasticLighting/StochasticLightingTileClassification.usf" 2526
"../../../Engine/Shaders/Private/Lumen/LumenMaterial.ush" 2527
"../../../Engine/Shaders/Private/HairStrands/HairStrandsVisibilityUtils.ush" 2528
"../../../Engine/Shaders/Private/Lumen/LumenReflectionCommon.ush" 2529
"../../../Engine/Shaders/Private/Lumen/LumenReflectionsCombine.ush" 2530
"../../../Engine/Shaders/Private/Lumen/LumenScreenProbeTileClassication.ush" 2531
"../../../Engine/Shaders/Private/MegaLights/MegaLightsTileClassification.ush" 2532
"../../../Engine/Shaders/Private/StochasticLighting/StochasticLightingUpsample.ush" 2533
"../../../Engine/Shaders/Private/StochasticLighting/StochasticLightingCommon.ush" 2534
"../../../Engine/Shaders/Private/SplineMeshSceneTexture.usf" 2535
"../../../Engine/Shaders/Private/SparseVolumeTexture/VisualizeSparseVolumeTexture.usf" 2536
"../../../Engine/Shaders/Private/SkyAtmosphere.usf" 2537
"../../../Engine/Shaders/Private/Nanite/NaniteSkinningUpdateViewData.usf" 2538
"../../../Engine/Shaders/Private/SceneCulling/SceneCulling.ush" 2539
"../../../Engine/Shaders/Private/Skinning/TransformProviders.usf" 2540
"../../../Engine/Shaders/Private/Skinning/SkinnedMeshDebug.usf" 2541
"../../../Engine/Shaders/Private/Skinning/AnimBankEval.usf" 2542
"../../../Engine/Shaders/Private/SingleLayerWaterComposite.usf" 2543
"../../../Engine/Shaders/Private/Froxel/FroxelBuild.ush" 2544
"../../../Engine/Shaders/Private/SingleLayerWaterRefractionCulling.usf" 2545
"../../../Engine/Shaders/Private/ScreenSpaceShadows.usf" 2546
"../../../Engine/Shaders/Private/bend_sss_gpu.ush" 2547
"../../../Engine/Shaders/Private/ShadowFactorsUpsampleCommon.ush" 2548
"../../../Engine/Shaders/Private/FirstPersonSelfShadow.usf" 2549
"../../../Engine/Shaders/Private/HZBTracing.ush" 2550
"../../../Engine/Shaders/Private/LateZDummyPS.usf" 2551
"../../../Engine/Shaders/Private/ShadowProjectionVertexShader.usf" 2552
"../../../Engine/Shaders/Private/ShadowProjectionPixelShader.usf" 2553
"../../../Engine/Shaders/Private/MobileLightingCommon.ush" 2554
"../../../Engine/Shaders/Private/PlanarReflectionShared.ush" 2555
"../../../Engine/Shaders/Private/MobileSSR.ush" 2556
"../../../Engine/Shaders/Private/SSRT/SSRTRayCast.ush" 2557
"../../../Engine/Shaders/Private/ShadowPercentageCloserFiltering.ush" 2558
"../../../Engine/Shaders/Private/TransmissionThickness.ush" 2559
"../../../Engine/Shaders/Private/CopyShadowMaps.usf" 2560
"../../../Engine/Shaders/Private/ShadowDepthPixelShader.usf" 2561
"../../../Engine/Shaders/Private/ShadowDepthVertexShader.usf" 2562
"../../../Engine/Shaders/Private/ShadingEnergyConservationTable.usf" 2563
"../../../Engine/Shaders/Shared/PathTracingDefinitions.h" 2564
"../../../Engine/Shaders/Private/ShadingFurnaceTest.usf" 2565
"../../../Engine/Shaders/Private/Substrate/SubstrateDeferredLighting.ush" 2566
"../../../Engine/Shaders/Private/ShaderPrintDraw.usf" 2567
"../../../Engine/Shaders/Private/ShaderPrintDrawPrimitive.usf" 2568
"../../../Engine/Shaders/Private/DefaultSSRTiles.usf" 2569
"../../../Engine/Shaders/Private/ScreenSpaceReflectionTileCommons.ush" 2570
"../../../Engine/Shaders/Private/SSRT/SSRTDiffuseIndirect.usf" 2571
"../../../Engine/Shaders/Private/SSRT/SSRTTileClassificationBuffer.ush" 2572
"../../../Engine/Shaders/Private/SSRT/SSRTReflections.usf" 2573
"../../../Engine/Shaders/Private/ScreenSpaceDenoise/SSDPublic.ush" 2574
"../../../Engine/Shaders/Private/SSRT/SSRTTileClassification.usf" 2575
"../../../Engine/Shaders/Private/SSRT/SSRTPrevFrameReduction.usf" 2576
"../../../Engine/Shaders/Private/ScreenSpaceDenoise/SSDComposeHarmonics.usf" 2577
"../../../Engine/Shaders/Private/ScreenSpaceDenoise/SSDPublicHarmonics.ush" 2578
"../../../Engine/Shaders/Private/ScreenSpaceDenoise/SSDSignalFramework.ush" 2579
"../../../Engine/Shaders/Private/ScreenSpaceDenoise/SSDCommon.ush" 2580
"../../../Engine/Shaders/Private/SphericalGaussian.ush" 2581
"../../../Engine/Shaders/Public/WaveBroadcastIntrinsics.ush" 2582
"../../../Engine/Shaders/Private/ScreenSpaceDenoise/SSDMetadata.ush" 2583
"../../../Engine/Shaders/Private/ScreenSpaceDenoise/SSDSignalCore.ush" 2584
"../../../Engine/Shaders/Private/ScreenSpaceDenoise/DenoisingCommon.ush" 2585
"../../../Engine/Shaders/Private/ScreenSpaceDenoise/SSDSignalArray.ush" 2586
"../../../Engine/Shaders/Private/ScreenSpaceDenoise/SSDSignalBufferEncoding.ush" 2587
"../../../Engine/Shaders/Private/ScreenSpaceDenoise/SSDPublicBufferEncoding.ush" 2588
"../../../Engine/Shaders/Private/Lumen/LumenBufferEncoding.ush" 2589
"../../../Engine/Shaders/Private/ScreenSpaceDenoise/SSDTemporalAccumulation.usf" 2590
"../../../Engine/Shaders/Private/ScreenSpaceDenoise/SSDSpatialKernel.ush" 2591
"../../../Engine/Shaders/Private/ScreenSpaceDenoise/SSDSignalAccumulatorArray.ush" 2592
"../../../Engine/Shaders/Private/ScreenSpaceDenoise/SSDSignalAccumulator.ush" 2593
"../../../Engine/Shaders/Private/ScreenSpaceDenoise/SSDSignalCompression.ush" 2594
"../../../Engine/Shaders/Private/ScreenSpaceDenoise/SSDSpatialAccumulation.usf" 2595
"../../../Engine/Shaders/Private/ScreenSpaceDenoise/SSDInjest.usf" 2596
"../../../Engine/Shaders/Private/ScreenSpaceDenoise/SSDCompressMetadata.usf" 2597
"../../../Engine/Shaders/Private/DownsampleDepthPixelShader.usf" 2598
"../../../Engine/Shaders/Private/ScreenPass.usf" 2599
"../../../Engine/Shaders/Private/HZB.usf" 2600
"../../../Engine/Shaders/Private/OcclusionFeedbackShaders.usf" 2601
"../../../Engine/Shaders/Private/HZBOcclusion.usf" 2602
"../../../Engine/Shaders/Private/OcclusionQueryPixelShader.usf" 2603
"../../../Engine/Shaders/Private/OcclusionQueryVertexShader.usf" 2604
"../../../Engine/Shaders/Private/HitProxyCopy.usf" 2605
"../../../Engine/Shaders/Private/HitProxyPixelShader.usf" 2606
"../../../Engine/Shaders/Private/HitProxyVertexShader.usf" 2607
"../../../Engine/Shaders/Private/SceneCulling/SceneCullingDebugRender.usf" 2608
"../../../Engine/Shaders/Private/SceneCulling/SceneCullingBuildExplicitBounds.usf" 2609
"../../../Engine/Shaders/Private/SceneCapturePixelShader.usf" 2610
"../../../Engine/Shaders/Private/RendererUtils.usf" 2611
"../../../Engine/Shaders/Private/RTWriteMaskDecode.usf" 2612
"../../../Engine/Shaders/Private/ReflectionEnvironmentShaders.usf" 2613
"../../../Engine/Shaders/Private/RectLightAtlas.usf" 2614
"../../../Engine/Shaders/Private/RayTracing/TraceRayInlineStatistics.usf" 2615
"../../../Engine/Shaders/Private/RayTracing/CompositeSkyLightPS.usf" 2616
"../../../Engine/Shaders/Private/RayTracing/GenerateSkyLightVisibilityRaysCS.usf" 2617
"../../../Engine/Shaders/Private/RayTracing/RayTracingSkyLightCommon.ush" 2618
"../../../Engine/Shaders/Private/RayTracing/SkyLightVisibilityRaysData.ush" 2619
"../../../Engine/Shaders/Private/Raytracing/RaytracingSkylightRGS.usf" 2620
"../../../Engine/Shaders/Private/HairStrands/HairStrandsRaytracing.ush" 2621
"../../../Engine/Shaders/Private/Raytracing/RayTracingSkyLightEvaluation.ush" 2622
"../../../Engine/Shaders/Private/Raytracing/RayTracingDeferredShadingCommon.ush" 2623
"../../../Engine/Shaders/Private/RayTracing/RayTracingOcclusionRGS.usf" 2624
"../../../Engine/Shaders/Private/RayTracing/RayTracingDirectionalLight.ush" 2625
"../../../Engine/Shaders/Private/RayTracing/RayTracingRectLight.ush" 2626
"../../../Engine/Shaders/Private/RayTracing/RayTracingSphereLight.ush" 2627
"../../../Engine/Shaders/Private/RayTracing/RayTracingCapsuleLight.ush" 2628
"../../../Engine/Shaders/Private/Raytracing/RayTracingFeedback.usf" 2629
"../../../Engine/Shaders/Shared/RayTracingDebugTypes.h" 2630
"../../../Engine/Shaders/Private/RayTracing/RayTracingPrimaryRays.usf" 2631
"../../../Engine/Shaders/Private/RayTracing/RayTracingLightingCommon.ush" 2632
"../../../Engine/Shaders/Private/RayTracing/RayTracingLightCullingCommon.ush" 2633
"../../../Engine/Shaders/Private/RayTracing/RayTracingMaterialDefaultHitShaders.usf" 2634
"../../../Engine/Shaders/Private/RayTracing/RayTracingMaterialHitShaders.usf" 2635
"../../../Engine/Shaders/Private/RayTracing/RayTracingShaderUtils.ush" 2636
"../../../Engine/Shaders/Private/RayTracing/RayTracingCalcInterpolants.ush" 2637
"../../../Engine/Shaders/Private/LightmapCommon.ush" 2638
"../../../Engine/Shaders/Private/Lumen/LumenHardwareRayTracingPayloadCommon.ush" 2639
"../../../Engine/Shaders/Shared/LumenDefinitions.h" 2640
"../../../Engine/Shaders/Private/Substrate/SubstrateExport.ush" 2641
"../../../Engine/Shaders/Private/RayTracing/RayTracingLightingMS.usf" 2642
"../../../Engine/Shaders/Private/Lumen/LumenDiffuseColorBoost.ush" 2643
"../../../Engine/Shaders/Private/RayTracing/RayTracingLightFunctionCommon.ush" 2644
"../../../Engine/Shaders/Private/RayTracing/RayTracingBuildLightGrid.usf" 2645
"../../../Engine/Shaders/Private/Raytracing/RayTracingInstanceBufferUtil.usf" 2646
"../../../Engine/Shaders/Private/RayTracing/RayTracingDynamicMesh.usf" 2647
"../../../Engine/Shaders/Private/RayTracing/RayTracingDefaultDecalHitShader.usf" 2648
"../../../Engine/Shaders/Private/RayTracing/RayTracingDecalMaterialShader.usf" 2649
"../../../Engine/Shaders/Private/PathTracing/PathTracingShaderUtils.ush" 2650
"../../../Engine/Shaders/Private/PathTracing/PathTracingCommon.ush" 2651
"../../../Engine/Shaders/Private/PathTracing/Material/PathTracingMaterialCommon.ush" 2652
"../../../Engine/Shaders/Private/PathTracing/Utilities/PathTracingRIS.ush" 2653
"../../../Engine/Shaders/Private/RayTracing/RayTracingBuildDecalGrid.usf" 2654
"../../../Engine/Shaders/Private/RayTracing/RayTracingDebugHitStatsUtils.usf" 2655
"../../../Engine/Shaders/Private/RayTracing/RayTracingDebugInstanceOverlap.usf" 2656
"../../../Engine/Shaders/Private/RayTracing/RayTracingDebugPicking.usf" 2657
"../../../Engine/Shaders/Private/RayTracing/RayTracingDebugUtils.ush" 2658
"../../../Engine/Shaders/Private/RayTracing/RayTracingDebugTraversal.usf" 2659
"../../../Engine/Shaders/Private/RayTracing/RayTracingDeferredMaterials.ush" 2660
"../../../Engine/Shaders/Shared/ThirdParty/AMD/ags_shader_intrinsics_dx12.h" 2661
"../../../Engine/Shaders/Shared/RayTracingDebugDefinitions.h" 2662
"../../../Engine/Shaders/Private/RayTracing/RayTracingDebugHitStatsCHS.usf" 2663
"../../../Engine/Shaders/Private/RayTracing/RayTracingDebugHitStats.usf" 2664
"../../../Engine/Shaders/Private/RayTracing/RayTracingDebugMS.usf" 2665
"../../../Engine/Shaders/Private/RayTracing/RayTracingDebugCHS.usf" 2666
"../../../Engine/Shaders/Private/RayTracing/RayTracingDebug.usf" 2667
"../../../Engine/Shaders/Private/RayTracing/RayTracingBuiltInShaders.usf" 2668
"../../../Engine/Shaders/Private/RayTracing/RayTracingBarycentrics.usf" 2669
"../../../Engine/Shaders/Private/RayTracing/RayTracingAmbientOcclusionRGS.usf" 2670
"../../../Engine/Shaders/Private/VisualizeShadingModels.usf" 2671
"../../../Engine/Shaders/Private/MotionBlur/VisualizeMotionVectors.usf" 2672
"../../../Engine/Shaders/Private/TemporalSuperResolution/TSRVisualize.usf" 2673
"../../../Engine/Shaders/Private/TemporalSuperResolution/TSRColorSpace.ush" 2674
"../../../Engine/Shaders/Private/TemporalSuperResolution/TSRCommon.ush" 2675
"../../../Engine/Shaders/Public/DualPixelVectorization.ush" 2676
"../../../Engine/Shaders/Private/TemporalSuperResolution/TSRReprojectionField.ush" 2677
"../../../Engine/Shaders/Private/TemporalSuperResolution/TSRResolveHistory.usf" 2678
"../../../Engine/Shaders/Private/TemporalSuperResolution/TSRConvolutionNetwork.ush" 2679
"../../../Engine/Shaders/Private/TemporalSuperResolution/TSRKernels.ush" 2680
"../../../Engine/Shaders/Public/LaneVectorization.ush" 2681
"../../../Engine/Shaders/Private/TemporalSuperResolution/TSRUpdateHistory.usf" 2682
"../../../Engine/Shaders/Private/TemporalSuperResolution/TSRSpatialAntiAliasing.ush" 2683
"../../../Engine/Shaders/Private/TemporalSuperResolution/TSRSpatialAntiAliasing.usf" 2684
"../../../Engine/Shaders/Private/TemporalSuperResolution/TSRRejectShading.usf" 2685
"../../../Engine/Shaders/Private/TemporalSuperResolution/TSRShadingAnalysis.ush" 2686
"../../../Engine/Shaders/Private/TemporalSuperResolution/TSRConvolutionNetworkPass.ush" 2687
"../../../Engine/Shaders/Private/TemporalSuperResolution/TSRDecimateHistory.usf" 2688
"../../../Engine/Shaders/Private/TemporalSuperResolution/TSRDepthVelocityAnalysis.ush" 2689
"../../../Engine/Shaders/Private/TemporalSuperResolution/TSRClosestOccluder.ush" 2690
"../../../Engine/Shaders/Private/TemporalSuperResolution/TSRWeightRelaxation.usf" 2691
"../../../Engine/Shaders/Private/TemporalSuperResolution/TSRThinGeometryCommon.ush" 2692
"../../../Engine/Shaders/Private/TemporalSuperResolution/TSRDetectThinGeometry.usf" 2693
"../../../Engine/Shaders/Private/TemporalSuperResolution/TSRDilateVelocity.usf" 2694
"../../../Engine/Shaders/Private/MotionBlur/MotionBlurVelocityFlatten.ush" 2695
"../../../Engine/Shaders/Private/MotionBlur/MotionBlurCommon.ush" 2696
"../../../Engine/Shaders/Private/TemporalSuperResolution/TSRClearPrevTextures.usf" 2697
"../../../Engine/Shaders/Private/TemporalSuperResolution/TSRMeasureCoverage.usf" 2698
"../../../Engine/Shaders/Private/TemporalSuperResolution/TSRMeasureFlickeringLuma.usf" 2699
"../../../Engine/Shaders/Private/TemporalAA.usf" 2700
"../../../Engine/Shaders/Private/SMAA/SMAADebugVisualization.usf" 2701
"../../../Engine/Shaders/Private/SMAA/SMAACommon.ush" 2702
"../../../Engine/Shaders/Private/SMAA/SMAA.ush" 2703
"../../../Engine/Shaders/Private/SMAA/SMAANeighborhoodBlendingShader.usf" 2704
"../../../Engine/Shaders/Private/SMAA/SMAABlendingWeightCalculationShader.usf" 2705
"../../../Engine/Shaders/Private/SMAA/SMAAEdgeDetectionShader.usf" 2706
"../../../Engine/Shaders/Private/FilterPixelShader.usf" 2707
"../../../Engine/Shaders/Private/FilterVertexShader.usf" 2708
"../../../Engine/Shaders/Private/VisualizeVirtualTexture.usf" 2709
"../../../Engine/Shaders/Private/PostProcessVisualizeBuffer.usf" 2710
"../../../Engine/Shaders/Private/PostProcessVisualizeLocalExposure.usf" 2711
"../../../Engine/Shaders/Private/PostProcessHistogramCommon.ush" 2712
"../../../Engine/Shaders/Private/TonemapCommon.ush" 2713
"../../../Engine/Shaders/Private/ACES/ACESCommon.ush" 2714
"../../../Engine/Shaders/Private/ACES/ACESOutputTransform.ush" 2715
"../../../Engine/Shaders/Private/ACES/ACESUtilities.ush" 2716
"../../../Engine/Shaders/Private/ACES/ACESTonescale.ush" 2717
"../../../Engine/Shaders/Private/ACES/ACESDisplayEncoding.ush" 2718
"../../../Engine/Shaders/Private/ACES/ACES_v1.3.ush" 2719
"../../../Engine/Shaders/Private/PostProcessVisualizeLevelInstance.usf" 2720
"../../../Engine/Shaders/Private/PostProcessVisualizeHDR.usf" 2721
"../../../Engine/Shaders/Private/ShaderComplexityApplyPixelShader.usf" 2722
"../../../Engine/Shaders/Private/QuadOverdraw.ush" 2723
"../../../Engine/Shaders/Private/PostProcessUpscale.usf" 2724
"../../../Engine/Shaders/Private/PostProcessTonemap.usf" 2725
"../../../Engine/Shaders/Private/PostProcessing/FilmGrainPackConstants.usf" 2726
"../../../Engine/Shaders/Private/PostProcessing/FilmGrainReduce.usf" 2727
"../../../Engine/Shaders/Private/PostProcessTestImage.usf" 2728
"../../../Engine/Shaders/Private/PostProcessSubsurface.usf" 2729
"../../../Engine/Shaders/Private/SeparableSSS.ush" 2730
"../../../Engine/Shaders/Private/SubsurfaceBurleyNormalized.ush" 2731
"../../../Engine/Shaders/Private/PostProcessSelectionOutline.usf" 2732
"../../../Engine/Shaders/Private/MotionBlur/MotionBlurVisualize.usf" 2733
"../../../Engine/Shaders/Private/MotionBlur/MotionBlurApply.usf" 2734
"../../../Engine/Shaders/Private/MotionBlur/MotionBlurFilterTileClassify.usf" 2735
"../../../Engine/Shaders/Private/MotionBlur/MotionBlurTileScatter.usf" 2736
"../../../Engine/Shaders/Private/MotionBlur/MotionBlurTileGather.usf" 2737
"../../../Engine/Shaders/Private/MotionBlur/MotionBlurVelocityFlatten.usf" 2738
"../../../Engine/Shaders/Private/PostProcessMobile.usf" 2739
"../../../Engine/Shaders/Private/PostProcessMitchellNetravali.usf" 2740
"../../../Engine/Shaders/Private/PostProcessMaterialShaders.usf" 2741
"../../../Engine/Shaders/Private/NeuralPostProcessCommon.usf" 2742
"../../../Engine/Shaders/Private/PostProcessLocalExposure.usf" 2743
"../../../Engine/Shaders/Private/PostProcessLensFlares.usf" 2744
"../../../Engine/Shaders/Private/PostProcessGBufferHints.usf" 2745
"../../../Engine/Shaders/Private/PostProcessHMD.usf" 2746
"../../../Engine/Shaders/Private/Histogram.usf" 2747
"../../../Engine/Shaders/Private/PostProcessExposureMaterial.ush" 2748
"../../../Engine/Shaders/Private/PostProcessHistogramReduce.usf" 2749
"../../../Engine/Shaders/Private/PostProcessHistogram.usf" 2750
"../../../Engine/Shaders/Private/Bloom/BloomFinalizeApplyConstants.usf" 2751
"../../../Engine/Shaders/Private/Bloom/BloomCommon.ush" 2752
"../../../Engine/Shaders/Private/Bloom/BloomResizeKernel.usf" 2753
"../../../Engine/Shaders/Private/Bloom/BloomDownsampleKernel.usf" 2754
"../../../Engine/Shaders/Private/Bloom/BloomClampKernel.usf" 2755
"../../../Engine/Shaders/Private/Bloom/BloomPackKernelConstants.usf" 2756
"../../../Engine/Shaders/Private/Bloom/BloomSumScatterDispersionEnergy.usf" 2757
"../../../Engine/Shaders/Private/Bloom/BloomReduceKernelSurvey.usf" 2758
"../../../Engine/Shaders/Private/Bloom/BloomSurveyKernelCenterEnergy.usf" 2759
"../../../Engine/Shaders/Private/Bloom/BloomSurveyMaxScatterDispersion.usf" 2760
"../../../Engine/Shaders/Private/Bloom/BloomFindKernelCenter.usf" 2761
"../../../Engine/Shaders/Private/PostProcessEyeAdaptation.usf" 2762
"../../../Engine/Shaders/Private/PostProcessEyeAdaptationUtils.usf" 2763
"../../../Engine/Shaders/Private/PostProcessDownsample.usf" 2764
"../../../Engine/Shaders/Private/PostProcessDOF.usf" 2765
"../../../Engine/Shaders/Private/PostProcessDeviceEncodingOnly.usf" 2766
"../../../Engine/Shaders/Private/PostProcessCompositePrimitives.usf" 2767
"../../../Engine/Shaders/Private/PostProcessCombineLUTs.usf" 2768
"../../../Engine/Shaders/Private/PostProcessVisualizeDOF.usf" 2769
"../../../Engine/Shaders/Private/PostProcessBloom.usf" 2770
"../../../Engine/Shaders/Private/PostProcessAmbientOcclusionMobile.usf" 2771
"../../../Engine/Shaders/Private/PostProcessAmbientOcclusionCommon.ush" 2772
"../../../Engine/Shaders/Private/FXAAShader.usf" 2773
"../../../Engine/Shaders/Private/Fxaa3_11.ush" 2774
"../../../Engine/Shaders/Private/PaniniProjection.usf" 2775
"../../../Engine/Shaders/Private/DiaphragmDOF/DOFRecombine.usf" 2776
"../../../Engine/Shaders/Private/DiaphragmDOF/DOFHybridScatterPixelShader.usf" 2777
"../../../Engine/Shaders/Private/DiaphragmDOF/DOFHybridScatterCommon.ush" 2778
"../../../Engine/Shaders/Private/DiaphragmDOF/DOFVignetteCommon.ush" 2779
"../../../Engine/Shaders/Private/DiaphragmDOF/DOFHybridScatterVertexShader.usf" 2780
"../../../Engine/Shaders/Private/DiaphragmDOF/DOFPostfiltering.usf" 2781
"../../../Engine/Shaders/Private/DiaphragmDOF/DOFGatherTileSuggest.ush" 2782
"../../../Engine/Shaders/Private/DiaphragmDOF/DOFCocTileCommon.ush" 2783
"../../../Engine/Shaders/Private/DiaphragmDOF/DOFGatherPass.usf" 2784
"../../../Engine/Shaders/Private/DiaphragmDOF/DOFGatherCommon.ush" 2785
"../../../Engine/Shaders/Private/DiaphragmDOF/DOFGatherAccumulator.ush" 2786
"../../../Engine/Shaders/Private/DiaphragmDOF/DOFGatherKernel.ush" 2787
"../../../Engine/Shaders/Private/DiaphragmDOF/DOFBokehLUT.usf" 2788
"../../../Engine/Shaders/Private/DiaphragmDOF/DOFHybridScatterCompilation.usf" 2789
"../../../Engine/Shaders/Private/DiaphragmDOF/DOFReduce.usf" 2790
"../../../Engine/Shaders/Private/DiaphragmDOF/DOFDownsample.ush" 2791
"../../../Engine/Shaders/Private/DiaphragmDOF/DOFHybridScatterCompilation.ush" 2792
"../../../Engine/Shaders/Private/DiaphragmDOF/DOFDownsample.usf" 2793
"../../../Engine/Shaders/Private/DiaphragmDOF/DOFCocTileDilate.usf" 2794
"../../../Engine/Shaders/Private/DiaphragmDOF/DOFCocTileFlatten.usf" 2795
"../../../Engine/Shaders/Private/DiaphragmDOF/DOFSetup.usf" 2796
"../../../Engine/Shaders/Private/Tools/DebugAlphaChannel.usf" 2797
"../../../Engine/Shaders/Private/PostProcessAlphaInvert.usf" 2798
"../../../Engine/Shaders/Private/PlanarReflectionShaders.usf" 2799
"../../../Engine/Shaders/Private/PhysicsFieldVisualizer.usf" 2800
"../../../Engine/Shaders/Private/PathTracing/PathTracingSpatialTemporalDenoising.usf" 2801
"../../../Engine/Shaders/Private/ColorDifference.ush" 2802
"../../../Engine/Shaders/Private/PathTracing/PathTracingCompositingPixelShader.usf" 2803
"../../../Engine/Shaders/Private/PathTracing/PathTracingAdaptiveUtils.ush" 2804
"../../../Engine/Shaders/Private/PathTracing/PathTracingDefaultHitShader.usf" 2805
"../../../Engine/Shaders/Private/PathTracing/PathTracingGPULightmassMaterialHitShader.usf" 2806
"../../../Engine/Shaders/Private/PathTracing/PathTracingMaterialHitShader.usf" 2807
"../../../Engine/Shaders/Private/PathTracing/Material/PathTracingSubstrateCommon.ush" 2808
"../../../Engine/Shaders/Private/PathTracing/PathTracingLightingMissShader.usf" 2809
"../../../Engine/Shaders/Private/PathTracing/PathTracingMissShader.usf" 2810
"../../../Engine/Shaders/Private/PathTracing/PathTracingAdaptiveStart.usf" 2811
"../../../Engine/Shaders/Private/PathTracing/PathTracingBuildAdaptiveError.usf" 2812
"../../../Engine/Shaders/Private/PathTracing/PathTracingVolumetricCloudMaterialShader.usf" 2813
"../../../Engine/Shaders/Private/PathTracing/Volume/PathTracingCloudsMaterialCommon.ush" 2814
"../../../Engine/Shaders/Private/PathTracing/Volume/PathTracingVolumeCommon.ush" 2815
"../../../Engine/Shaders/Private/PathTracing/Volume/PathTracingCloudsCommon.ush" 2816
"../../../Engine/Shaders/Private/PathTracing/Volume/PathTracingFog.ush" 2817
"../../../Engine/Shaders/Private/PathTracing/Volume/PathTracingAtmosphere.ush" 2818
"../../../Engine/Shaders/Private/PathTracing/Volume/PathTracingAtmosphereCommon.ush" 2819
"../../../Engine/Shaders/Private/PathTracing/Volume/PathTracingVolumeSampling.ush" 2820
"../../../Engine/Shaders/Private/PathTracing/PathTracingBuildCloudAccelerationMap.usf" 2821
"../../../Engine/Shaders/Private/PathTracing/PathTracingBuildAtmosphereLUT.usf" 2822
"../../../Engine/Shaders/Private/PathTracing/PathTracingSwizzleScanlines.usf" 2823
"../../../Engine/Shaders/Private/PathTracing/PathTracingInitExtinctionCoefficient.usf" 2824
"../../../Engine/Shaders/Private/PathTracing/PathTracingCopyDepth.usf" 2825
"../../../Engine/Shaders/Private/PathTracing/PathTracingDebug.usf" 2826
"../../../Engine/Shaders/Private/RayTracing/RayTracingDecalGrid.ush" 2827
"../../../Engine/Shaders/Private/PathTracing/Material/PathTracingMaterialSampling.ush" 2828
"../../../Engine/Shaders/Private/PathTracing/Material/PathTracingLambert.ush" 2829
"../../../Engine/Shaders/Private/PathTracing/Material/PathTracingSubstrate.ush" 2830
"../../../Engine/Shaders/Private/PathTracing/Material/PathTracingSubstrateFoliage.ush" 2831
"../../../Engine/Shaders/Private/PathTracing/Material/PathTracingSubstrateSolidGlass.ush" 2832
"../../../Engine/Shaders/Private/PathTracing/Material/PathTracingSubstrateThinGlass.ush" 2833
"../../../Engine/Shaders/Private/PathTracing/Material/PathTracingSolidGlass.ush" 2834
"../../../Engine/Shaders/Private/PathTracing/Material/PathTracingEnergyConservation.ush" 2835
"../../../Engine/Shaders/Private/PathTracing/Material/PathTracingThinGlass.ush" 2836
"../../../Engine/Shaders/Private/PathTracing/Material/PathTracingDefaultLit.ush" 2837
"../../../Engine/Shaders/Private/PathTracing/Material/PathTracingClearCoat.ush" 2838
"../../../Engine/Shaders/Private/PathTracing/Material/PathTracingTwoSidedFoliage.ush" 2839
"../../../Engine/Shaders/Private/PathTracing/Material/PathTracingCloth.ush" 2840
"../../../Engine/Shaders/Private/PathTracing/Material/PathTracingSubsurfaceProfile.ush" 2841
"../../../Engine/Shaders/Private/PathTracing/Material/PathTracingEye.ush" 2842
"../../../Engine/Shaders/Private/PathTracing/Material/PathTracingHair.ush" 2843
"../../../Engine/Shaders/Private/PathTracing/Material/PathTracingMedium.ush" 2844
"../../../Engine/Shaders/Private/PathTracing/Light/PathTracingLightSampling.ush" 2845
"../../../Engine/Shaders/Private/PathTracing/Light/PathTracingLightCommon.ush" 2846
"../../../Engine/Shaders/Private/PathTracing/Light/PathTracingDirectionalLight.ush" 2847
"../../../Engine/Shaders/Private/PathTracing/Light/PathTracingPointLight.ush" 2848
"../../../Engine/Shaders/Private/PathTracing/Light/PathTracingCapsuleLight.ush" 2849
"../../../Engine/Shaders/Private/PathTracing/Light/PathTracingRectLight.ush" 2850
"../../../Engine/Shaders/Private/PathTracing/Light/PathTracingSkyLight.ush" 2851
"../../../Engine/Shaders/Private/PathTracing/Light/PathTracingLightGrid.ush" 2852
"../../../Engine/Shaders/Private/PathTracing/PathTracing.usf" 2853
"../../../Engine/Shaders/Private/PathTracing/PathTracingCore.ush" 2854
"../../../Engine/Shaders/Private/HeterogeneousVolumes/HeterogeneousVolumesVoxelGridTypes.ush" 2855
"../../../Engine/Shaders/Private/PathTracing/Volume/PathTracingVolume.ush" 2856
"../../../Engine/Shaders/Private/PathTracing/Volume/PathTracingClouds.ush" 2857
"../../../Engine/Shaders/Private/PathTracing/Volume/PathTracingHeterogeneousVolumes.ush" 2858
"../../../Engine/Shaders/Private/HeterogeneousVolumes/HeterogeneousVolumesTracingUtils.ush" 2859
"../../../Engine/Shaders/Private/HeterogeneousVolumes/HeterogeneousVolumesVoxelGridTraversal.ush" 2860
"../../../Engine/Shaders/Private/HeterogeneousVolumes/HeterogeneousVolumesVoxelGridUtils.ush" 2861
"../../../Engine/Shaders/Private/HeterogeneousVolumes/HeterogeneousVolumesFrustumVoxelGridUtils.ush" 2862
"../../../Engine/Shaders/Private/PathTracing/PathTracingBuildLightGrid.usf" 2863
"../../../Engine/Shaders/Private/PathTracing/PathTracingSkylightMISCompensation.usf" 2864
"../../../Engine/Shaders/Private/PathTracing/PathTracingSkylightPrepare.usf" 2865
"../../../Engine/Shaders/Private/OIT/OITSorting.usf" 2866
"../../../Engine/Shaders/Private/OITCombine.usf" 2867
"../../../Engine/Shaders/Private/OITCommon.ush" 2868
"../../../Engine/Shaders/Private/Nanite/Voxel/RasterizeBricks.usf" 2869
"../../../Engine/Shaders/Private/Nanite/Voxel/Brick.ush" 2870
"../../../Engine/Shaders/Private/Nanite/Voxel/Voxel.ush" 2871
"../../../Engine/Shaders/Private/Nanite/Voxel/ScatterBricks.usf" 2872
"../../../Engine/Shaders/Private/Nanite/Voxel/TileBricks.usf" 2873
"../../../Engine/Shaders/Private/Nanite/Voxel/AutoVoxel.usf" 2874
"../../../Engine/Shaders/Private/Nanite/NaniteDebugViews.usf" 2875
"../../../Engine/Shaders/Private/Nanite/NaniteEditorCommon.ush" 2876
"../../../Engine/Shaders/Private/BinarySearch.ush" 2877
"../../../Engine/Shaders/Private/Nanite/NaniteDepthDecode.usf" 2878
"../../../Engine/Shaders/Private/HTileEncoding.ush" 2879
"../../../Engine/Shaders/Private/Nanite/NaniteVisualize.usf" 2880
"../../../Engine/Shaders/Private/Nanite/NaniteStreamOut.usf" 2881
"../../../Engine/Shaders/Private/Nanite/NaniteHierarchyTraversal.ush" 2882
"../../../Engine/Shaders/Private/Nanite/NaniteShadeBinning.usf" 2883
"../../../Engine/Shaders/Private/Nanite/NaniteShadeCommon.ush" 2884
"../../../Engine/Shaders/Private/Nanite/NaniteFastClear.usf" 2885
"../../../Engine/Shaders/Private/Nanite/NaniteRayTracing.usf" 2886
"../../../Engine/Shaders/Private/Nanite/NaniteExportGBuffer.usf" 2887
"../../../Engine/Shaders/Private/Nanite/NaniteClusterCulling.usf" 2888
"../../../Engine/Shaders/Private/Nanite/NanitePrintStats.usf" 2889
"../../../Engine/Shaders/Private/Nanite/NaniteRasterizer.usf" 2890
"../../../Engine/Shaders/Private/Nanite/NaniteRasterizationCommon.ush" 2891
"../../../Engine/Shaders/Private/Nanite/NaniteRasterizer.ush" 2892
"../../../Engine/Shaders/Private/Nanite/NaniteWritePixel.ush" 2893
"../../../Engine/Shaders/Private/Nanite/NaniteTessellation.ush" 2894
"../../../Engine/Shaders/Private/WorkDistribution.ush" 2895
"../../../Engine/Shaders/Private/Nanite/NaniteDice.ush" 2896
"../../../Engine/Shaders/Private/ShaderBundleWorkGraphCommon.ush" 2897
"../../../Engine/Shaders/Public/RootConstants.ush" 2898
"../../../Engine/Shaders/Private/Nanite/NaniteSplit.usf" 2899
"../../../Engine/Shaders/Private/Nanite/NaniteRasterBinning.usf" 2900
"../../../Engine/Shaders/Private/Nanite/NaniteInstanceCulling.usf" 2901
"../../../Engine/Shaders/Private/Nanite/NaniteImposter.ush" 2902
"../../../Engine/Shaders/Private/Nanite/NaniteInstanceHierarchyCulling.usf" 2903
"../../../Engine/Shaders/Private/WorkGroupLoadBalancer.ush" 2904
"../../../Engine/Shaders/Private/Nanite/NanitePrimitiveFilter.usf" 2905
"../../../Engine/Shaders/Private/Nanite/NaniteRasterClear.usf" 2906
"../../../Engine/Shaders/Private/Nanite/NaniteDepthExport.usf" 2907
"../../../Engine/Shaders/Private/Nanite/NaniteEmitShadow.usf" 2908
"../../../Engine/Shaders/Private/MobileDeferredUtils.usf" 2909
"../../../Engine/Shaders/Private/MobileLocalLightsBuffer.usf" 2910
"../../../Engine/Shaders/Private/MobileFog.usf" 2911
"../../../Engine/Shaders/Private/DistortApplyScreenPS.usf" 2912
"../../../Engine/Shaders/Private/MobileDeferredShading.usf" 2913
"../../../Engine/Shaders/Private/MobileBasePassPixelShader.usf" 2914
"../../../Engine/Shaders/Private/MobileBasePassCommon.ush" 2915
"../../../Engine/Shaders/Private/BasePassCommon.ush" 2916
"../../../Engine/Shaders/Private/ShadingModelsMaterial.ush" 2917
"../../../Engine/Shaders/Private/ThinTranslucentCommon.ush" 2918
"../../../Engine/Shaders/Private/SingleLayerWaterShading.ush" 2919
"../../../Engine/Shaders/Private/DistortionCommon.ush" 2920
"../../../Engine/Shaders/Private/Substrate/SubstrateMobileForwardLighting.ush" 2921
"../../../Engine/Shaders/Private/MobileBasePassVertexShader.usf" 2922
"../../../Engine/Shaders/Private/MeshEdges.usf" 2923
"../../../Engine/Shaders/Private/MegaLights/MegaLightsSampling.usf" 2924
"../../../Engine/Shaders/Shared/MegaLightsDefinitions.h" 2925
"../../../Engine/Shaders/Private/MegaLights/MegaLightsShading.ush" 2926
"../../../Engine/Shaders/Private/MegaLights/MegaLights.ush" 2927
"../../../Engine/Shaders/Private/MegaLights/MegaLightsMaterial.ush" 2928
"../../../Engine/Shaders/Private/MegaLights/MegaLightsRayTracing.ush" 2929
"../../../Engine/Shaders/Private/MegaLights/MegaLightsSampling.ush" 2930
"../../../Engine/Shaders/Private/MegaLights/MegaLightsVolumeSampling.usf" 2931
"../../../Engine/Shaders/Private/MegaLights/MegaLightsVolume.ush" 2932
"../../../Engine/Shaders/Private/MegaLights/MegaLights.usf" 2933
"../../../Engine/Shaders/Private/HairStrands/HairStrandsScreenTracing.ush" 2934
"../../../Engine/Shaders/Private/MegaLights/MegaLightsFilterVisibleLightHash.usf" 2935
"../../../Engine/Shaders/Private/MegaLights/MegaLightsShading.usf" 2936
"../../../Engine/Shaders/Private/Lumen/LumenReflectionDenoiserCommon.ush" 2937
"../../../Engine/Shaders/Private/MegaLights/MegaLightsVisibleLightHash.usf" 2938
"../../../Engine/Shaders/Private/MegaLights/MegaLightsVolumeShading.usf" 2939
"../../../Engine/Shaders/Private/MegaLights/MegaLightsVSMMarking.usf" 2940
"../../../Engine/Shaders/Private/MegaLights/MegaLightsVSMTracing.usf" 2941
"../../../Engine/Shaders/Private/MegaLights/MegaLightsRayTracing.usf" 2942
"../../../Engine/Shaders/Private/DistanceField/GlobalDistanceFieldUtils.ush" 2943
"../../../Engine/Shaders/Private/Lumen/LumenScreenTracing.ush" 2944
"../../../Engine/Shaders/Private/MegaLights/MegaLightsVolumeRayTracing.usf" 2945
"../../../Engine/Shaders/Private/MegaLights/MegaLightsVolumeHardwareRayTracing.usf" 2946
"../../../Engine/Shaders/Private/Lumen/LumenHardwareRayTracingCommon.ush" 2947
"../../../Engine/Shaders/Private/RayTracing/RayTracingReflectionEnvironment.ush" 2948
"../../../Engine/Shaders/Private/Lumen/LumenHardwareRayTracingPlatformCommon.ush" 2949
"../../../Engine/Shaders/Private/Lumen/LumenTracingCommon.ush" 2950
"../../../Engine/Shaders/Private/Lumen/SurfaceCache/LumenSurfaceCacheSampling.ush" 2951
"../../../Engine/Shaders/Private/Lumen/SurfaceCache/LumenSurfaceCache.ush" 2952
"../../../Engine/Shaders/Private/Lumen/LumenCardCommon.ush" 2953
"../../../Engine/Shaders/Private/Lumen/LumenCardTileShadowDownsampleFactor.ush" 2954
"../../../Engine/Shaders/Private/MegaLights/MegaLightsHardwareRayTracing.usf" 2955
"../../../Engine/Shaders/Private/MegaLights/MegaLightsDebug.usf" 2956
"../../../Engine/Shaders/Private/MegaLights/MegaLightsDenoiserSpatial.usf" 2957
"../../../Engine/Shaders/Private/MegaLights/MegaLightsDenoiserTemporal.usf" 2958
"../../../Engine/Shaders/Private/MaterialCache/MaterialCacheABufferPages.usf" 2959
"../../../Engine/Shaders/Private/MaterialCache/MaterialCacheShade.usf" 2960
"../../../Engine/Shaders/Private/MaterialCache/MaterialCacheShadeCommon.ush" 2961
"../../../Engine/Shaders/Private/MaterialCache/MaterialCacheUnwrapNaniteShade.usf" 2962
"../../../Engine/Shaders/Private/MaterialCache/MaterialCacheUnwrapPixelShader.usf" 2963
"../../../Engine/Shaders/Private/MaterialCache/MaterialCacheUnwrapVertexShader.usf" 2964
"../../../Engine/Shaders/Private/Lumen/LumenVisualizeRadianceCache.usf" 2965
"../../../Engine/Shaders/Private/Lumen/LumenRadianceCacheCommon.ush" 2966
"../../../Engine/Shaders/Private/Lumen/LumenVisualizeHardwareRayTracing.usf" 2967
"../../../Engine/Shaders/Private/Lumen/LumenVisualize.ush" 2968
"../../../Engine/Shaders/Private/Lumen/LumenHairTracing.ush" 2969
"../../../Engine/Shaders/Private/Lumen/LumenVisualize.usf" 2970
"../../../Engine/Shaders/Private/Lumen/LumenSoftwareRayTracing.ush" 2971
"../../../Engine/Shaders/Private/DistanceField/GlobalDistanceFieldObjectGrid.ush" 2972
"../../../Engine/Shaders/Private/DistanceFieldLightingShared.ush" 2973
"../../../Engine/Shaders/Private/Lumen/LumenVisualizeTraces.ush" 2974
"../../../Engine/Shaders/Private/Lumen/LumenTranslucencyVolumeLighting.usf" 2975
"../../../Engine/Shaders/Private/Lumen/LumenRadianceCacheMarkCommon.ush" 2976
"../../../Engine/Shaders/Private/Lumen/LumenTranslucencyVolumeLightingShared.ush" 2977
"../../../Engine/Shaders/Private/Lumen/LumenScreenProbeCommon.ush" 2978
"../../../Engine/Shaders/Private/RayTracing/RayGenUtils.ush" 2979
"../../../Engine/Shaders/Private/Lumen/LumenRadianceCacheTracingCommon.ush" 2980
"../../../Engine/Shaders/Private/Lumen/LumenTranslucencyVolumeHardwareRayTracing.usf" 2981
"../../../Engine/Shaders/Private/Lumen/LumenTranslucencyRadianceCacheMarkShaders.usf" 2982
"../../../Engine/Shaders/Private/Lumen/SurfaceCache/LumenSurfaceCache.usf" 2983
"../../../Engine/Shaders/Private/Lumen/LumenVirtualTextureCommon.ush" 2984
"../../../Engine/Shaders/Private/Lumen/LumenShortRangeAOHardwareRayTracing.usf" 2985
"../../../Engine/Shaders/Private/Lumen/LumenScreenSpaceBentNormal.ush" 2986
"../../../Engine/Shaders/Private/Lumen/LumenScreenSpaceBentNormal.usf" 2987
"../../../Engine/Shaders/Private/Lumen/LumenScreenProbeTracing.usf" 2988
"../../../Engine/Shaders/Private/Lumen/LumenScreenProbeTracingCommon.ush" 2989
"../../../Engine/Shaders/Private/Lumen/LumenFloatQuantization.ush" 2990
"../../../Engine/Shaders/Private/Lumen/LumenScreenProbeImportanceSampling.usf" 2991
"../../../Engine/Shaders/Private/Lumen/LumenScreenProbeImportanceSamplingShared.ush" 2992
"../../../Engine/Shaders/Private/Lumen/LumenScreenProbeHardwareRayTracing.usf" 2993
"../../../Engine/Shaders/Private/Lumen/LumenScreenProbeDebug.usf" 2994
"../../../Engine/Shaders/Private/Lumen/LumenScreenProbeGather.usf" 2995
"../../../Engine/Shaders/Private/Lumen/LumenScreenProbeGatherTemporal.usf" 2996
"../../../Engine/Shaders/Private/Lumen/LumenScreenProbeFiltering.usf" 2997
"../../../Engine/Shaders/Private/Lumen/LumenSceneLighting.usf" 2998
"../../../Engine/Shaders/Private/Lumen/LumenCardTile.ush" 2999
"../../../Engine/Shaders/Private/Lumen/LumenSceneLighting.ush" 3000
"../../../Engine/Shaders/Private/Lumen/Radiosity/LumenRadiosity.ush" 3001
"../../../Engine/Shaders/Private/Lumen/LumenSceneLightingDebug.usf" 3002
"../../../Engine/Shaders/Private/Lumen/LumenScene.usf" 3003
"../../../Engine/Shaders/Private/Lumen/LumenSceneDirectLightingHardwareRayTracing.usf" 3004
"../../../Engine/Shaders/Private/Lumen/LumenSceneDirectLightingStochastic.ush" 3005
"../../../Engine/Shaders/Private/Lumen/LumenSceneDirectLighting.ush" 3006
"../../../Engine/Shaders/Private/Lumen/LumenSceneDebugHardwareRayTracing.usf" 3007
"../../../Engine/Shaders/Private/Lumen/LumenSceneDirectLightingStochastic.usf" 3008
"../../../Engine/Shaders/Private/Lumen/LumenSceneDirectLightingSoftwareRayTracing.usf" 3009
"../../../Engine/Shaders/Private/DistanceFieldShadowingShared.ush" 3010
"../../../Engine/Shaders/Private/Lumen/LumenSceneDirectLightingPerLightShadowCommon.ush" 3011
"../../../Engine/Shaders/Private/Lumen/LumenSceneDirectLightingShadowMask.usf" 3012
"../../../Engine/Shaders/Private/Lumen/LumenSceneDirectLighting.usf" 3013
"../../../Engine/Shaders/Private/Lumen/LumenSceneDirectLightingCulling.usf" 3014
"../../../Engine/Shaders/Private/Lumen/LumenCardComputeShader.usf" 3015
"../../../Engine/Shaders/Private/Lumen/LumenCardBasePass.ush" 3016
"../../../Engine/Shaders/Private/Lumen/LumenCardPixelShader.usf" 3017
"../../../Engine/Shaders/Private/Lumen/LumenCardVertexShader.usf" 3018
"../../../Engine/Shaders/Private/Lumen/LumenReSTIRGather.usf" 3019
"../../../Engine/Shaders/Private/Lumen/LumenReflectionTracing.usf" 3020
"../../../Engine/Shaders/Private/Lumen/LumenReflectionDenoiserSpatial.usf" 3021
"../../../Engine/Shaders/Private/Lumen/LumenReflectionDenoiserClear.usf" 3022
"../../../Engine/Shaders/Private/Lumen/LumenReflectionDenoiserTemporal.usf" 3023
"../../../Engine/Shaders/Private/Lumen/LumenReflectionResolve.usf" 3024
"../../../Engine/Shaders/Private/Lumen/LumenReflections.usf" 3025
"../../../Engine/Shaders/Private/Lumen/RayTracedTranslucency.usf" 3026
"../../../Engine/Shaders/Private/Lumen/LumenReflectionHardwareRayTracing.usf" 3027
"../../../Engine/Shaders/Private/Lumen/Radiosity/LumenVisualizeRadiosityProbes.usf" 3028
"../../../Engine/Shaders/Private/Lumen/Radiosity/LumenRadiosity.usf" 3029
"../../../Engine/Shaders/Private/Lumen/Radiosity/LumenRadiosityHardwareRayTracing.usf" 3030
"../../../Engine/Shaders/Private/Lumen/Radiosity/LumenRadiosityCulling.usf" 3031
"../../../Engine/Shaders/Private/Lumen/LumenRadianceCacheHardwareRayTracing.usf" 3032
"../../../Engine/Shaders/Private/Lumen/LumenRadianceCache.usf" 3033
"../../../Engine/Shaders/Private/Lumen/LumenRadianceCacheUpdate.ush" 3034
"../../../Engine/Shaders/Private/Lumen/LumenRadianceCacheDebug.usf" 3035
"../../../Engine/Shaders/Private/Lumen/LumenRadianceCacheUpdate.usf" 3036
"../../../Engine/Shaders/Private/Lumen/LumenMeshSDFCulling.usf" 3037
"../../../Engine/Shaders/Private/HybridIndirectLighting.ush" 3038
"../../../Engine/Shaders/Private/MeshDistanceFieldCommon.ush" 3039
"../../../Engine/Shaders/Private/Lumen/LumenIrradianceFieldGather.usf" 3040
"../../../Engine/Shaders/Private/Lumen/LumenHardwareRayTracingMaterials.usf" 3041
"../../../Engine/Shaders/Private/Lumen/LumenFrontLayerTranslucency.usf" 3042
"../../../Engine/Shaders/Private/LocalFogVolumes/LocalFogVolumeSplat.usf" 3043
"../../../Engine/Shaders/Private/LocalFogVolumes/LocalFogVolumeTiledCulling.usf" 3044
"../../../Engine/Shaders/Private/LightShaftShader.usf" 3045
"../../../Engine/Shaders/Private/StationaryLightOverlapShaders.usf" 3046
"../../../Engine/Shaders/Private/DeferredLightPixelShaders.usf" 3047
"../../../Engine/Shaders/Private/DeferredLightVertexShaders.usf" 3048
"../../../Engine/Shaders/Private/LightMapDensityShader.usf" 3049
"../../../Engine/Shaders/Private/LightGridInjection.usf" 3050
"../../../Engine/Shaders/Shared/LightGridDefinitions.h" 3051
"../../../Engine/Shaders/Private/LightFunctionPixelShader.usf" 3052
"../../../Engine/Shaders/Private/LightFunctionVertexShader.usf" 3053
"../../../Engine/Shaders/Private/LightFunctionAtlas/LightFunctionAtlasRender.usf" 3054
"../../../Engine/Shaders/Private/InstanceCulling/InstanceCullingOcclusionQuery.usf" 3055
"../../../Engine/Shaders/Private/InstanceCulling/InstanceCullingSetup.ush" 3056
"../../../Engine/Shaders/Private/InstanceCulling/BuildInstanceDrawCommands.usf" 3057
"../../../Engine/Shaders/Private/InstanceCulling/InstanceCompactionCommon.ush" 3058
"../../../Engine/Shaders/Private/SceneDataMobileWriter.ush" 3059
"../../../Engine/Shaders/Private/InstanceCulling/CompactVisibleInstances.usf" 3060
"../../../Engine/Shaders/Private/ReflectionEnvironmentPixelShader.usf" 3061
"../../../Engine/Shaders/Private/AmbientCubemapComposite.usf" 3062
"../../../Engine/Shaders/Private/DiffuseIndirectComposite.usf" 3063
"../../../Engine/Shaders/Private/IESAtlas.usf" 3064
"../../../Engine/Shaders/Private/HeterogeneousVolumes/HeterogeneousVolumesVisualizeCascades.usf" 3065
"../../../Engine/Shaders/Private/HeterogeneousVolumes/HeterogeneousVolumesVoxelGridShadows.usf" 3066
"../../../Engine/Shaders/Private/HeterogeneousVolumes/HeterogeneousVolumesStochasticFiltering.ush" 3067
"../../../Engine/Shaders/Private/HeterogeneousVolumes/HeterogeneousVolumesVoxelGridRenderingUtils.ush" 3068
"../../../Engine/Shaders/Private/HeterogeneousVolumes/HeterogeneousVolumesLightingUtils.ush" 3069
"../../../Engine/Shaders/Private/HeterogeneousVolumes/HeterogeneousVolumesRayMarchingUtils.ush" 3070
"../../../Engine/Shaders/Private/HeterogeneousVolumes/HeterogeneousVolumesRayMarchingTypes.ush" 3071
"../../../Engine/Shaders/Private/HeterogeneousVolumes/HeterogeneousVolumesTransmittanceVolumeUtils.ush" 3072
"../../../Engine/Shaders/Private/HeterogeneousVolumes/HeterogeneousVolumesAdaptiveVolumetricShadowMapSampler.ush" 3073
"../../../Engine/Shaders/Private/HeterogeneousVolumes/HeterogeneousVolumesVoxelGridRendering.usf" 3074
"../../../Engine/Shaders/Private/HeterogeneousVolumes/HeterogeneousVolumesVoxelGridPipeline.usf" 3075
"../../../Engine/Shaders/Private/HeterogeneousVolumes/HeterogeneousVolumesMaterialBakingPipeline.usf" 3076
"../../../Engine/Shaders/Private/HeterogeneousVolumes/HeterogeneousVolumesLiveShadingUtils.ush" 3077
"../../../Engine/Shaders/Private/HeterogeneousVolumes/HeterogeneousVolumesFrustumVoxelGrid.usf" 3078
"../../../Engine/Shaders/Private/HeterogeneousVolumes/HeterogeneousVolumesSparseVoxelPipeline.usf" 3079
"../../../Engine/Shaders/Private/HeterogeneousVolumes/HeterogeneousVolumesSparseVoxelUtils.ush" 3080
"../../../Engine/Shaders/Private/HeterogeneousVolumes/HeterogeneousVolumesSparseVoxelUniformBufferUtils.ush" 3081
"../../../Engine/Shaders/Private/HeterogeneousVolumes/HeterogeneousVolumesPreshadingPipeline.usf" 3082
"../../../Engine/Shaders/Private/HeterogeneousVolumes/HeterogeneousVolumesShadowMask.usf" 3083
"../../../Engine/Shaders/Private/HeterogeneousVolumes/HeterogeneousVolumesLiveShadingShadows.usf" 3084
"../../../Engine/Shaders/Private/HeterogeneousVolumes/HeterogeneousVolumesLiveShadingGlobalPipeline.usf" 3085
"../../../Engine/Shaders/Private/HeterogeneousVolumes/HeterogeneousVolumesLiveShadingPipeline.usf" 3086
"../../../Engine/Shaders/Private/HeterogeneousVolumes/HeterogeneousVolumesHardwareRayTracing.usf" 3087
"../../../Engine/Shaders/Private/HeterogeneousVolumes/HeterogeneousVolumesAmbientOcclusionPipeline.usf" 3088
"../../../Engine/Shaders/Private/HeterogeneousVolumes/HeterogeneousVolumesComposite.usf" 3089
"../../../Engine/Shaders/Private/HdrCustomResolveShaders.usf" 3090
"../../../Engine/Shaders/Private/HairStrands/RenderCurveRaster.usf" 3091
"../../../Engine/Shaders/Shared/RenderCurveDefinitions.h" 3092
"../../../Engine/Shaders/Private/HairStrands/HairStrandsVoxelRasterCompute.usf" 3093
"../../../Engine/Shaders/Private/HairStrands/HairStrandsHitProxy.usf" 3094
"../../../Engine/Shaders/Private/HairStrands/HairStrandsVisibilityRasterComputeNaive.usf" 3095
"../../../Engine/Shaders/Private/HairStrands/HairStrandsVisibilityRasterHW.usf" 3096
"../../../Engine/Shaders/Private/HairStrands/HairStrandsVisibilityRasterCompute.usf" 3097
"../../../Engine/Shaders/Private/HairStrands/HairStrandsVisibilityRasterClassification.usf" 3098
"../../../Engine/Shaders/Private/HairStrands/HairStrandsCoverage.usf" 3099
"../../../Engine/Shaders/Private/HairStrands/HairStrandsVisibilityDepthPS.usf" 3100
"../../../Engine/Shaders/Private/HairStrands/HairStrandsVisibilityTransmittanceDepthPS.usf" 3101
"../../../Engine/Shaders/Private/HairStrands/HairStrandsVisibilityFillOpaqueDepthPS.usf" 3102
"../../../Engine/Shaders/Private/HairStrands/HairStrandsVisibilityCompactionComputeRaster.usf" 3103
"../../../Engine/Shaders/Private/HairStrands/HairStrandsVisibilityCompaction.usf" 3104
"../../../Engine/Shaders/Private/HairStrands/HairStrandsVisibilityCopyIndirectArg.usf" 3105
"../../../Engine/Shaders/Private/HairStrands/HairStrandsVisibilityClearPS.usf" 3106
"../../../Engine/Shaders/Private/HairStrands/HairStrandsVisibilityPS.usf" 3107
"../../../Engine/Shaders/Private/HairStrands/HairStrandsVisibilityVS.usf" 3108
"../../../Engine/Shaders/Private/HairStrands/HairStrandsVelocity.usf" 3109
"../../../Engine/Shaders/Private/HairStrands/HairStrandsVisibilityComputeSampleCoverage.usf" 3110
"../../../Engine/Shaders/Private/HairStrands/HairStrandsMaterialPS.usf" 3111
"../../../Engine/Shaders/Private/HairStrands/HairStrandsMaterialCommon.ush" 3112
"../../../Engine/Shaders/Private/HairStrands/HairStrandsMaterialVS.usf" 3113
"../../../Engine/Shaders/Private/HairStrands/HairStrandsLightSample.usf" 3114
"../../../Engine/Shaders/Private/HairStrands/HairStrandsDeepShadowMask.usf" 3115
"../../../Engine/Shaders/Private/HairStrands/HairStrandsDeepTransmittanceMask.usf" 3116
"../../../Engine/Shaders/Private/HairStrands/HairStrandsVisibilityTile.usf" 3117
"../../../Engine/Shaders/Private/HairStrands/HairStrandsDeepShadowPS.usf" 3118
"../../../Engine/Shaders/Private/HairStrands/HairStrandsDeepShadowVS.usf" 3119
"../../../Engine/Shaders/Private/HairStrands/HairStrandsAABB.usf" 3120
"../../../Engine/Shaders/Private/HairStrands/HairStrandsLUT.usf" 3121
"../../../Engine/Shaders/Private/HairStrands/HairStrandsForwardRaster.usf" 3122
"../../../Engine/Shaders/Private/HairStrands/HairStrandsForwardCulling.usf" 3123
"../../../Engine/Shaders/Private/HairStrands/HairStrandsEnvironmentLighting.usf" 3124
"../../../Engine/Shaders/Private/HairStrands/HairStrandsEnvironmentAO.usf" 3125
"../../../Engine/Shaders/Private/HairStrands/HairStrandsDeepShadowAllocation.usf" 3126
"../../../Engine/Shaders/Private/HairStrands/HairStrandsVoxelDebug.usf" 3127
"../../../Engine/Shaders/Private/HairStrands/HairStrandsComposition.usf" 3128
"../../../Engine/Shaders/Private/HairStrands/HairStrandsGBufferCommon.ush" 3129
"../../../Engine/Shaders/Private/GPUScene/GPUSceneDataManagement.usf" 3130
"../../../Engine/Shaders/Private/GPUSceneDebugRender.usf" 3131
"../../../Engine/Shaders/Private/GPUFeedbackCompaction.usf" 3132
"../../../Engine/Shaders/Private/GPUFastFourierTransform.usf" 3133
"../../../Engine/Shaders/Private/GPUFastFourierTransform2DCore.ush" 3134
"../../../Engine/Shaders/Private/GPUFastFourierTransformCore.ush" 3135
"../../../Engine/Shaders/Private/GPUBenchmark.usf" 3136
"../../../Engine/Shaders/Private/DistanceField/GlobalDistanceFieldDebug.usf" 3137
"../../../Engine/Shaders/Private/DistanceField/GlobalDistanceFieldUpdate.ush" 3138
"../../../Engine/Shaders/Private/DistanceField/GlobalDistanceFieldMip.usf" 3139
"../../../Engine/Shaders/Private/DistanceField/GlobalDistanceField.usf" 3140
"../../../Engine/Shaders/Private/DistanceField/GlobalDistanceFieldCompositeObjects.usf" 3141
"../../../Engine/Shaders/Private/DistanceField/GlobalDistanceFieldHeightfields.usf" 3142
"../../../Engine/Shaders/Private/HeightfieldLightingShared.ush" 3143
"../../../Engine/Shaders/Private/GenerateConservativeDepth.usf" 3144
"../../../Engine/Shaders/Private/HeightFogPixelShader.usf" 3145
"../../../Engine/Shaders/Private/HeightFogVertexShader.usf" 3146
"../../../Engine/Shaders/Private/DistortFiltering.usf" 3147
"../../../Engine/Shaders/Private/DistortAccumulatePS.usf" 3148
"../../../Engine/Shaders/Private/DistortAccumulateVS.usf" 3149
"../../../Engine/Shaders/Private/DistanceFieldVisualization.usf" 3150
"../../../Engine/Shaders/Private/DistanceFieldStreaming.usf" 3151
"../../../Engine/Shaders/Private/DistanceFieldShadowing.usf" 3152
"../../../Engine/Shaders/Private/DistanceFieldScreenGridLighting.usf" 3153
"../../../Engine/Shaders/Private/DistanceFieldObjectCulling.usf" 3154
"../../../Engine/Shaders/Private/DistanceFieldLightingPost.usf" 3155
"../../../Engine/Shaders/Private/DitheredTransitionStencil.usf" 3156
"../../../Engine/Shaders/Private/CopyDepthTexture.usf" 3157
"../../../Engine/Shaders/Private/CopyDepthTextureCS.usf" 3158
"../../../Engine/Shaders/Private/DeferredDecal.usf" 3159
"../../../Engine/Shaders/Private/DecalCommon.ush" 3160
"../../../Engine/Shaders/Private/DebugViewModeVertexShader.usf" 3161
"../../../Engine/Shaders/Private/DebugViewModeCommon.ush" 3162
"../../../Engine/Shaders/Private/DebugViewModePixelShader.usf" 3163
"../../../Engine/Shaders/Private/DebugProbes.usf" 3164
"../../../Engine/Shaders/Private/MeshDecals.usf" 3165
"../../../Engine/Shaders/Private/PostProcessAmbientOcclusion.usf" 3166
"../../../Engine/Shaders/Private/ClusteredDeferredShadingPixelShader.usf" 3167
"../../../Engine/Shaders/Private/ClusteredDeferredShadingVertexShader.usf" 3168
"../../../Engine/Shaders/Private/CapsuleShadowShaders.usf" 3169
"../../../Engine/Shaders/Private/BasePassPixelShader.usf" 3170
"../../../Engine/Shaders/Private/ForwardLightingCommon.ush" 3171
"../../../Engine/Shaders/Private/Substrate/SubstrateForwardLighting.ush" 3172
"../../../Engine/Shaders/Private/ComputeShaderOutputCommon.ush" 3173
"../../../Engine/Shaders/Private/BasePassVertexShader.usf" 3174
"../../../Engine/Shaders/Private/BasePassVertexCommon.ush" 3175
"../../../Engine/Shaders/Private/SimpleElementVolumeTexturePreviewPixelShader.usf" 3176
"../../../Engine/Shaders/Private/SimpleElementTexture2DPreviewPixelShader.usf" 3177
"../../../Engine/Shaders/Private/meshpaintdilatepixelshader.usf" 3178
"../../../Engine/Shaders/Private/meshpaintdilatevertexshader.usf" 3179
"../../../Engine/Shaders/Private/MeshPaintPixelShader.usf" 3180
"../../../Engine/Shaders/Private/MeshPaintVertexShader.usf" 3181
"../../../Engine/Shaders/Private/SlateElementPixelShader.usf" 3182
"../../../Engine/Shaders/Private/SlateShaderCommon.ush" 3183
"../../../Engine/Shaders/Private/SlateMaskingShader.usf" 3184
"../../../Engine/Shaders/Private/SlateVertexShader.usf" 3185
"../../../Engine/Shaders/Private/CompositeUIPixelShader.usf" 3186
"../../../Engine/Shaders/Private/ColorDeficiency.ush" 3187
"../../../Engine/Shaders/Private/SlatePostProcessColorDeficiencyPixelShader.usf" 3188
"../../../Engine/Shaders/Private/SlatePostProcessPixelShader.usf" 3189
"../../../Engine/Shaders/Private/Tools/VisualizeTexture.usf" 3190
"../../../Engine/Shaders/Private/UpdateDescriptorHandle.usf" 3191
"../../../Engine/Shaders/Private/ByteBuffer.usf" 3192
"../../../Engine/Shaders/Private/ShaderBundleWorkGraphDispatch.usf" 3193
"../../../Engine/Shaders/Private/ShaderBundleDispatch.usf" 3194
"../../../Engine/Shaders/Private/ResolveVertexShader.usf" 3195
"../../../Engine/Shaders/Private/ResolvePixelShader.usf" 3196
"../../../Engine/Shaders/Private/Tools/SetupIndirectArgs.usf" 3197
"../../../Engine/Shaders/Private/ClearReplacementShaders.usf" 3198
"../../../Engine/Shaders/Private/Tools/DrawTexture.usf" 3199
"../../../Engine/Shaders/Private/RayTracing/RayTracingValidation.usf" 3200
"../../../Engine/Shaders/Private/RenderGraphUtilities.usf" 3201
"../../../Engine/Shaders/Private/OneColorShader.usf" 3202
"../../../Engine/Shaders/Private/OculusShaders.usf" 3203
"../../../Engine/Shaders/Private/MediaShaders.usf" 3204
"../../../Engine/Shaders/Private/GPUMessaging.usf" 3205
"../../../Engine/Shaders/Private/Tools/GPUDebugCrashUtils.usf" 3206
"../../../Engine/Shaders/Private/NullPixelShader.usf" 3207
"../../../Engine/Shaders/Private/ComputeGenerateMips.usf" 3208
"../../../Engine/Shaders/Private/Tools/DumpTexture.usf" 3209
"../../../Engine/Shaders/Private/CopyTextureShaders.usf" 3210
"../../../Engine/Shaders/Private/Tools/FullscreenVertexShader.usf" 3211
"../../../Engine/Shaders/Private/RayTracing/RayTracingDispatchDesc.usf" 3212
"../../../Engine/Shaders/Private/Bink.usf" 3213
"../../../Engine/Shaders/Private/DepthOnlyPixelShader.usf" 3214
"../../../Engine/Shaders/Private/PositionOnlyDepthVertexShader.usf" 3215
"../../../Engine/Shaders/Private/DepthOnlyVertexShader.usf" 3216
"../../../Engine/Shaders/Private/AnisotropyPassShader.usf" 3217
"/Users/shanshanye/Desktop/AI_final/GameAI-Final-Project/Content/Characters/AICharacter/BP_Character.uasset" 3218
"/Users/shanshanye/Desktop/AI_final/GameAI-Final-Project/Content/Characters/AICharacter/Variants/BP_Character_VariantBase.uasset" 3219
"/Users/shanshanye/Desktop/AI_final/GameAI-Final-Project/Content/Characters/AICharacter/Variants/Fodder/BehaviorTree_Fodder.uasset" 3220
"/Users/shanshanye/Desktop/AI_final/GameAI-Final-Project/Content/Characters/AICharacter/Variants/Skirmisher/BP_Character_NightHunter.uasset" 3221
"/Users/shanshanye/Desktop/AI_final/GameAI-Final-Project/Content/Characters/AICharacter/Variants/Fodder/BP_Character_Fodder.uasset" 3222
"/Users/shanshanye/Desktop/AI_final/GameAI-Final-Project/Content/Fab/Dune_Dweller_Rig/scene/SkeletalMeshes/scene_PhysicsAsset.uasset" 3223
"/Users/shanshanye/Desktop/AI_final/GameAI-Final-Project/Content/Fab/Dune_Dweller_Rig/scene/Materials/material.uasset" 3224
"/Users/shanshanye/Desktop/AI_final/GameAI-Final-Project/Content/Fab/Dune_Dweller_Rig/scene/SkeletalMeshes/scene_Skeleton.uasset" 3225
"/Users/shanshanye/Desktop/AI_final/GameAI-Final-Project/Content/Fab/Dune_Dweller_Rig/scene/Textures/Skin_baseColor.uasset" 3226
"/Users/shanshanye/Desktop/AI_final/GameAI-Final-Project/Content/Fab/Dune_Dweller_Rig/scene/Materials/Skin.uasset" 3227
"/Users/shanshanye/Desktop/AI_final/GameAI-Final-Project/Content/Fab/Dune_Dweller_Rig/scene/SkeletalMeshes/scene.uasset" 3228
"/Users/shanshanye/Desktop/AI_final/GameAI-Final-Project/Content/Fab/Dune_Dweller_Rig/scene/Textures/Cloth_baseColor.uasset" 3229
"/Users/shanshanye/Desktop/AI_final/GameAI-Final-Project/Content/Fab/Dune_Dweller_Rig/scene/Materials/Cloth.uasset" 3230
"/Users/shanshanye/Desktop/AI_final/GameAI-Final-Project/Content/Fab/Dune_Dweller_Rig/scene/Textures/Skin_normal.uasset" 3231
"/Users/shanshanye/Desktop/AI_final/GameAI-Final-Project/Content/Fab/Dune_Dweller_Rig/scene/Textures/Cloth_normal.uasset" 3232
"/Users/shanshanye/Desktop/AI_final/GameAI-Final-Project/Content/__ExternalActors__/Maps/TheKillingHour/5/LA/0DSCWHTT6129OBFUY754JV.uasset" 3233
"/Users/shanshanye/Desktop/AI_final/GameAI-Final-Project/Content/__ExternalActors__/Maps/TheKillingHour/5/CT/CWT3E2JQLAKU3PGTPHG550.uasset" 3234
"/Users/shanshanye/Desktop/AI_final/GameAI-Final-Project/Content/__ExternalActors__/Maps/TheKillingHour/4/WX/PAG882E7UOHWPSW2UH5UR8.uasset" 3235
"/Users/shanshanye/Desktop/AI_final/GameAI-Final-Project/Content/__ExternalActors__/Maps/TheKillingHour/7/S2/209TJPDDDDT2HF3QN1OMIZ.uasset" 3236
"/Users/shanshanye/Desktop/AI_final/GameAI-Final-Project/Content/__ExternalActors__/Maps/TheKillingHour/C/IM/ZBWH6PJUPSDUNT09MCF81N.uasset" 3237
"/Engine/EngineResources/WhiteSquareTexture" 3238
"../../../Engine/Content/EngineResources/WhiteSquareTexture.uasset" 3239
"/Engine/EngineResources/GradientTexture0" 3240
"../../../Engine/Content/EngineResources/GradientTexture0.uasset" 3241
"/Engine/EngineResources/Black" 3242
"../../../Engine/Content/EngineResources/Black.uasset" 3243
"/Engine/EditorResources/S_Actor" 3244
"../../../Engine/Content/EditorResources/S_Actor.uasset" 3245
"/Engine/EngineFonts/RobotoDistanceField" 3246
"../../../Engine/Content/EngineFonts/RobotoDistanceField.uasset" 3247
"/Engine/EngineMaterials/DefaultTextMaterialOpaque" 3248
"../../../Engine/Content/EngineMaterials/DefaultTextMaterialOpaque.uasset" 3249
"/Engine/Functions/Engine_MaterialFunctions01/Shading/PowerToRoughness" 3250
"../../../Engine/Content/Functions/Engine_MaterialFunctions01/Shading/PowerToRoughness.uasset" 3251
"/Engine/Functions/Engine_MaterialFunctions01/Shading/ConvertFromDiffSpec" 3252
"../../../Engine/Content/Functions/Engine_MaterialFunctions01/Shading/ConvertFromDiffSpec.uasset" 3253
"/Engine/EngineMaterials/WorldGridMaterial" 3254
"../../../Engine/Content/EngineMaterials/WorldGridMaterial.uasset" 3255
"../../../Engine/Content/Functions/Engine_MaterialFunctions01/Opacity/CameraDepthFade.uasset" 3256
"../../../Engine/Content/EngineMaterials/T_Default_Material_Grid_M.uasset" 3257
"../../../Engine/Content/EngineMaterials/T_Default_Material_Grid_N.uasset" 3258
"/Engine/EngineMaterials/DefaultDeferredDecalMaterial" 3259
"../../../Engine/Content/EngineMaterials/DefaultDeferredDecalMaterial.uasset" 3260
"../../../Engine/Content/EngineMaterials/DefaultDiffuse.uasset" 3261
"/Engine/EngineMaterials/DefaultLightFunctionMaterial" 3262
"../../../Engine/Content/EngineMaterials/DefaultLightFunctionMaterial.uasset" 3263
"/Engine/EngineMaterials/DefaultPostProcessMaterial" 3264
"../../../Engine/Content/EngineMaterials/DefaultPostProcessMaterial.uasset" 3265
"../../../Engine/Content/Functions/Engine_MaterialFunctions02/Utility/BreakOutFloat2Components.uasset" 3266
"/Engine/EditorResources/S_Trigger" 3267
"../../../Engine/Content/EditorResources/S_Trigger.uasset" 3268
"/Engine/EditorResources/S_BoxReflectionCapture" 3269
"../../../Engine/Content/EditorResources/S_BoxReflectionCapture.uasset" 3270
"/Engine/EngineResources/DefaultTexture" 3271
"../../../Engine/Content/EngineResources/DefaultTexture.uasset" 3272
"/Engine/EditorResources/S_TriggerBox" 3273
"../../../Engine/Content/EditorResources/S_TriggerBox.uasset" 3274
"/Engine/EditorResources/S_TriggerCapsule" 3275
"../../../Engine/Content/EditorResources/S_TriggerCapsule.uasset" 3276
"/Engine/EditorResources/S_TriggerSphere" 3277
"../../../Engine/Content/EditorResources/S_TriggerSphere.uasset" 3278
"/Engine/EngineMeshes/Sphere" 3279
"../../../Engine/Content/EngineMeshes/Sphere.uasset" 3280
"/Engine/EngineDamageTypes/DmgTypeBP_Environmental" 3281
"../../../Engine/Content/EngineDamageTypes/DmgTypeBP_Environmental.uasset" 3282
"/Engine/EngineResources/DefaultTextureCube" 3283
"../../../Engine/Content/EngineResources/DefaultTextureCube.uasset" 3284
"/Engine/EngineResources/DefaultVolumeTexture" 3285
"../../../Engine/Content/EngineResources/DefaultVolumeTexture.uasset" 3286
"../../../Engine/Content/EngineResources/DefaultVolumeTexture2D.uasset" 3287
"/Engine/EditorResources/S_Solver" 3288
"../../../Engine/Content/EditorResources/S_Solver.uasset" 3289
"/Engine/EngineDebugMaterials/VolumeToRender" 3290
"../../../Engine/Content/EngineDebugMaterials/VolumeToRender.uasset" 3291
"/Engine/EngineDebugMaterials/M_VolumeRenderSphereTracePP" 3292
"../../../Engine/Content/EngineDebugMaterials/M_VolumeRenderSphereTracePP.uasset" 3293
"../../../Engine/Content/Functions/Engine_MaterialFunctions02/Utility/CameraDirectionVector.uasset" 3294
"/Engine/EditorMeshes/Camera/SM_CraneRig_Base" 3295
"../../../Engine/Content/EditorMeshes/Camera/SM_CraneRig_Base.uasset" 3296
"../../../Engine/Content/EditorMaterials/Camera/MI_CineMat_Rig.uasset" 3297
"../../../Engine/Content/EditorMaterials/Camera/CineMat.uasset" 3298
"/Engine/EditorMeshes/Camera/SM_CraneRig_Arm" 3299
"../../../Engine/Content/EditorMeshes/Camera/SM_CraneRig_Arm.uasset" 3300
"/Engine/EditorMeshes/Camera/SM_CraneRig_Mount" 3301
"../../../Engine/Content/EditorMeshes/Camera/SM_CraneRig_Mount.uasset" 3302
"/Engine/EditorMeshes/Camera/SM_CraneRig_Body" 3303
"../../../Engine/Content/EditorMeshes/Camera/SM_CraneRig_Body.uasset" 3304
"/Engine/EditorMeshes/Camera/SM_RailRig_Track" 3305
"../../../Engine/Content/EditorMeshes/Camera/SM_RailRig_Track.uasset" 3306
"/Engine/EditorMeshes/Camera/SM_RailRig_Mount" 3307
"../../../Engine/Content/EditorMeshes/Camera/SM_RailRig_Mount.uasset" 3308
"/Engine/VREditor/TransformGizmo/SM_Sequencer_Node" 3309
"../../../Engine/Content/VREditor/TransformGizmo/SM_Sequencer_Node.uasset" 3310
"../../../Engine/Content/VREditor/TransformGizmo/Main.uasset" 3311
"../../../Engine/Content/VREditor/TransformGizmo/Xray.uasset" 3312
"/Engine/EditorLandscapeResources/SplineEditorMesh" 3313
"../../../Engine/Content/EditorLandscapeResources/SplineEditorMesh.uasset" 3314
"../../../Engine/Content/EditorLandscapeResources/SplineEditorMeshMat.uasset" 3315
"/HairStrands/Materials/HairDebugMaterial" 3316
"../../Plugins/Runtime/HairStrands/Content/Materials/HairDebugMaterial.uasset" 3317
"../../../Engine/Content/Functions/Engine_MaterialFunctions02/Utility/MakeFloat2.uasset" 3318
"../../../Engine/Content/Functions/Engine_MaterialFunctions02/Utility/MakeFloat3.uasset" 3319
"../../../Engine/Content/EngineMaterials/HairColorMap.uasset" 3320
"../../../Engine/Content/EngineMaterials/HairDebugColor.uasset" 3321
"../../Plugins/Runtime/HairStrands/Content/Materials/HairGroupColors.uasset" 3322
"/HairStrands/Materials/HairDefaultMaterial" 3323
"../../Plugins/Runtime/HairStrands/Content/Materials/HairDefaultMaterial.uasset" 3324
"/HairStrands/Materials/HairCardsDefaultMaterial" 3325
"../../Plugins/Runtime/HairStrands/Content/Materials/HairCardsDefaultMaterial.uasset" 3326
"/HairStrands/Materials/HairMeshesDefaultMaterial" 3327
"../../Plugins/Runtime/HairStrands/Content/Materials/HairMeshesDefaultMaterial.uasset" 3328
"/Engine/EngineFonts/Roboto" 3329
"../../../Engine/Content/EngineFonts/Roboto.uasset" 3330
"../../../Engine/Content/EngineFonts/Faces/DroidSansFallback.uasset" 3331
"../../../Engine/Content/EngineFonts/Faces/RobotoBold.uasset" 3332
"../../../Engine/Content/EngineFonts/Faces/RobotoBoldItalic.uasset" 3333
"../../../Engine/Content/EngineFonts/Faces/RobotoItalic.uasset" 3334
"../../../Engine/Content/EngineFonts/Faces/RobotoLight.uasset" 3335
"../../../Engine/Content/EngineFonts/Faces/RobotoRegular.uasset" 3336
"/Engine/ArtTools/RenderToTexture/Meshes/S_1_Unit_Plane" 3337
"../../../Engine/Content/ArtTools/RenderToTexture/Meshes/S_1_Unit_Plane.uasset" 3338
"/Engine/EngineDebugMaterials/M_SimpleUnlitTranslucent" 3339
"../../../Engine/Content/EngineDebugMaterials/M_SimpleUnlitTranslucent.uasset" 3340
"/Engine/VREditor/ViewportInteractionAssetContainerData" 3341
"../../../Engine/Content/VREditor/ViewportInteractionAssetContainerData.uasset" 3342
"../../../Engine/Content/VREditor/SnapGrid/SnapGridMaterial.uasset" 3343
"../../../Engine/Content/VREditor/TransformGizmo/TransformGizmoMaterial_Inst.uasset" 3344
"../../../Engine/Content/VREditor/TransformGizmo/TranslucentTransformGizmoMaterial_Inst.uasset" 3345
"../../../Engine/Content/VREditor/SnapGrid/SnapGridPlaneMesh.uasset" 3346
"../../../Engine/Content/VREditor/Sounds/UI/Drop_Item_From_ContentBrowser.uasset" 3347
"../../../Engine/Content/VREditor/Sounds/UI/Gizmo_Handle_Clicked.uasset" 3348
"../../../Engine/Content/VREditor/Sounds/UI/Object_PickUp.uasset" 3349
"../../../Engine/Content/VREditor/Sounds/UI/Object_Snaps_To_Another_Actor.uasset" 3350
"../../../Engine/Content/VREditor/Sounds/UI/Object_Snaps_To_Grid.uasset" 3351
"../../../Engine/Content/VREditor/Sounds/UI/Scaling_Down.uasset" 3352
"../../../Engine/Content/VREditor/Sounds/UI/Scaling_Up.uasset" 3353
"../../../Engine/Content/VREditor/Sounds/UI/Selection_Changes.uasset" 3354
"../../../Engine/Content/VREditor/TransformGizmo/PlaneTranslationHandle.uasset" 3355
"../../../Engine/Content/VREditor/TransformGizmo/RotationHandleFull.uasset" 3356
"../../../Engine/Content/VREditor/TransformGizmo/RotationHandleIndicator.uasset" 3357
"../../../Engine/Content/VREditor/TransformGizmo/RotationHandleQuarter.uasset" 3358
"../../../Engine/Content/VREditor/TransformGizmo/StartRotationHandleIndicator.uasset" 3359
"../../../Engine/Content/VREditor/TransformGizmo/TransformGizmoFreeRotation.uasset" 3360
"../../../Engine/Content/VREditor/TransformGizmo/TranslateArrowHandle.uasset" 3361
"../../../Engine/Content/VREditor/TransformGizmo/UniformScaleHandle.uasset" 3362
"../../../Engine/Content/Functions/Engine_MaterialFunctions02/Math/Transform3x3Matrix.uasset" 3363
"../../../Engine/Content/Functions/Engine_MaterialFunctions02/SplitComponents.uasset" 3364
"../../../Engine/Content/VREditor/TransformGizmo/TransformGizmoMaterial.uasset" 3365
"../../../Engine/Content/VREditor/TransformGizmo/TranslucentTransformGizmoMaterial.uasset" 3366
"../../../Engine/Content/Functions/Engine_MaterialFunctions02/Utility/BreakOutFloat3Components.uasset" 3367
"../../../Engine/Content/VREditor/LaserPointer/VR_LaserPower_01.uasset" 3368
"/Engine/VREditor/TransformGizmo/BoundingBoxCorner" 3369
"../../../Engine/Content/VREditor/TransformGizmo/BoundingBoxCorner.uasset" 3370
"/Engine/VREditor/TransformGizmo/BoundingBoxEdge" 3371
"../../../Engine/Content/VREditor/TransformGizmo/BoundingBoxEdge.uasset" 3372
"/Engine/EngineMaterials/Widget3DPassThrough_Translucent" 3373
"../../../Engine/Content/EngineMaterials/Widget3DPassThrough_Translucent.uasset" 3374
"../../../Engine/Content/EngineMaterials/Widget3DPassThrough.uasset" 3375
"/Engine/EngineMaterials/Widget3DPassThrough_Translucent_OneSided" 3376
"../../../Engine/Content/EngineMaterials/Widget3DPassThrough_Translucent_OneSided.uasset" 3377
"/Engine/EngineMaterials/Widget3DPassThrough_Opaque" 3378
"../../../Engine/Content/EngineMaterials/Widget3DPassThrough_Opaque.uasset" 3379
"/Engine/EngineMaterials/Widget3DPassThrough_Opaque_OneSided" 3380
"../../../Engine/Content/EngineMaterials/Widget3DPassThrough_Opaque_OneSided.uasset" 3381
"/Engine/EngineMaterials/Widget3DPassThrough_Masked" 3382
"../../../Engine/Content/EngineMaterials/Widget3DPassThrough_Masked.uasset" 3383
"/Engine/EngineMaterials/Widget3DPassThrough_Masked_OneSided" 3384
"../../../Engine/Content/EngineMaterials/Widget3DPassThrough_Masked_OneSided.uasset" 3385
"/Engine/EditorMaterials/ParticleSystems/PSysThumbnail_NoImage" 3386
"../../../Engine/Content/EditorMaterials/ParticleSystems/PSysThumbnail_NoImage.uasset" 3387
"/Engine/EditorMaterials/ParticleSystems/PSysThumbnail_OOD" 3388
"../../../Engine/Content/EditorMaterials/ParticleSystems/PSysThumbnail_OOD.uasset" 3389
"/Engine/EngineResources/LandscapeVisibilityLayerInfo" 3390
"../../../Engine/Content/EngineResources/LandscapeVisibilityLayerInfo.uasset" 3391
"../../../../../../shanshanye/Desktop/AI_final/GameAI-Final-Project/Intermediate/ShaderAutogen/METAL_SM5/AutogenShaderHeaders.ush" 3392
"/Engine/EditorLandscapeResources/DefaultAlphaTexture" 3393
"../../../Engine/Content/EditorLandscapeResources/DefaultAlphaTexture.uasset" 3394
"/Engine/EditorResources/S_Terrain" 3395
"../../../Engine/Content/EditorResources/S_Terrain.uasset" 3396
"/ACLPlugin/ACLAnimBoneCompressionSettings" 3397
"../../Plugins/Animation/ACLPlugin/Content/ACLAnimBoneCompressionSettings.uasset" 3398
"/Engine/Animation/DefaultRecorderBoneCompression" 3399
"../../../Engine/Content/Animation/DefaultRecorderBoneCompression.uasset" 3400
"/ACLPlugin/ACLAnimCurveCompressionSettings" 3401
"../../Plugins/Animation/ACLPlugin/Content/ACLAnimCurveCompressionSettings.uasset" 3402
"/Engine/Animation/DefaultVariableFrameStrippingSettings" 3403
"../../../Engine/Content/Animation/DefaultVariableFrameStrippingSettings.uasset" 3404
"/Paper2D/MaskedUnlitSpriteMaterial" 3405
"../../Plugins/2D/Paper2D/Content/MaskedUnlitSpriteMaterial.uasset" 3406
"../../Plugins/2D/Paper2D/Content/DefaultSpriteMaterial.uasset" 3407
"../../Plugins/2D/Paper2D/Content/PlaceholderTextures/DummySpriteTexture.uasset" 3408
"/Paper2D/OpaqueUnlitSpriteMaterial" 3409
"../../Plugins/2D/Paper2D/Content/OpaqueUnlitSpriteMaterial.uasset" 3410
"/Paper2D/DefaultPaperTerrainMaterial" 3411
"../../Plugins/2D/Paper2D/Content/DefaultPaperTerrainMaterial.uasset" 3412
"../../Plugins/2D/Paper2D/Content/DummySprite.uasset" 3413
"/ControlRig/Controls/ControlRigXRayMaterial" 3414
"../../Plugins/Animation/ControlRig/Content/Controls/ControlRigXRayMaterial.uasset" 3415
"/ControlRig/Controls/DefaultGizmoLibraryNormalized" 3416
"../../Plugins/Animation/ControlRig/Content/Controls/DefaultGizmoLibraryNormalized.uasset" 3417
"/AudioWidgets/Resources/ScrubHandleDown_Clamped" 3418
"../../Plugins/Runtime/AudioWidgets/Content/Resources/ScrubHandleDown_Clamped.uasset" 3419
"/ControlRig/M_Manip" 3420
"../../Plugins/Animation/ControlRig/Content/M_Manip.uasset" 3421
"../../../Engine/Content/Functions/Engine_MaterialFunctions02/WorldPositionOffset/CameraOffset.uasset" 3422
"/Game/Characters/Player/BP_PlayerCharacter" 3423
"../../../../../../shanshanye/Desktop/AI_final/GameAI-Final-Project/Content/Characters/Player/BP_PlayerCharacter.uasset" 3424
"../../../../../../shanshanye/Desktop/AI_final/GameAI-Final-Project/Content/Characters/Mannequins/Animations/ABP_Quinn.uasset" 3425
"../../../Engine/Content/EditorBlueprintResources/StandardMacros.uasset" 3426
"../../../../../../shanshanye/Desktop/AI_final/GameAI-Final-Project/Content/Characters/AICharacter/Variants/BP_VitalityComponent.uasset" 3427
"../../../../../../shanshanye/Desktop/AI_final/GameAI-Final-Project/Content/Characters/Projectiles/BP_Projectile_Default.uasset" 3428
"../../../../../../shanshanye/Desktop/AI_final/GameAI-Final-Project/Content/Maps/Door/BP_Door.uasset" 3429
"../../../../../../shanshanye/Desktop/AI_final/GameAI-Final-Project/Content/Input/Actions/IA_Jump.uasset" 3430
"../../../../../../shanshanye/Desktop/AI_final/GameAI-Final-Project/Content/Input/Actions/IA_Look.uasset" 3431
"../../../../../../shanshanye/Desktop/AI_final/GameAI-Final-Project/Content/Input/Actions/IA_Move.uasset" 3432
"../../../../../../shanshanye/Desktop/AI_final/GameAI-Final-Project/Content/Input/IMC_Default.uasset" 3433
"../../../../../../shanshanye/Desktop/AI_final/GameAI-Final-Project/Content/Characters/Mannequins/Meshes/SKM_Quinn_Simple.uasset" 3434
"../../../../../../shanshanye/Desktop/AI_final/GameAI-Final-Project/Content/UI/Death_UIW.uasset" 3435
"../../../../../../shanshanye/Desktop/AI_final/GameAI-Final-Project/Content/UI/MainHUD_UIW.uasset" 3436
"../../../../../../shanshanye/Desktop/AI_final/GameAI-Final-Project/Content/Characters/Mannequins/Animations/ABP_Manny.uasset" 3437
"../../../../../../shanshanye/Desktop/AI_final/GameAI-Final-Project/Content/Characters/Mannequins/Animations/Quinn/MF_Idle.uasset" 3438
"../../../../../../shanshanye/Desktop/AI_final/GameAI-Final-Project/Content/Characters/Mannequins/Animations/Quinn/BS_MF_Unarmed_WalkRun.uasset" 3439
"../../../../../../shanshanye/Desktop/AI_final/GameAI-Final-Project/Content/Characters/Mannequins/Meshes/SK_Mannequin.uasset" 3440
"../../../../../../shanshanye/Desktop/AI_final/GameAI-Final-Project/Content/Maps/Furniture/BP_Wall_Lighting.uasset" 3441
"../../../../../../shanshanye/Desktop/AI_final/GameAI-Final-Project/Content/StarterContent/Materials/M_Tech_Hex_Tile.uasset" 3442
"../../../Engine/Content/BasicShapes/Sphere.uasset" 3443
"../../../../../../shanshanye/Desktop/AI_final/GameAI-Final-Project/Content/StarterContent/Audio/Explosion_Cue.uasset" 3444
"../../../../../../shanshanye/Desktop/AI_final/GameAI-Final-Project/Content/StarterContent/Particles/P_Explosion.uasset" 3445
"../../../../../../shanshanye/Desktop/AI_final/GameAI-Final-Project/Content/Maps/Door/Door_Close_05-1.uasset" 3446
"../../../../../../shanshanye/Desktop/AI_final/GameAI-Final-Project/Content/Maps/Door/Door_Open_03-6.uasset" 3447
"../../../../../../shanshanye/Desktop/AI_final/GameAI-Final-Project/Content/Maps/Door/SC_DoorCreak_Random.uasset" 3448
"../../../../../../shanshanye/Desktop/AI_final/GameAI-Final-Project/Content/Maps/Door/SM_Door_NN_06c.uasset" 3449
"../../../../../../shanshanye/Desktop/AI_final/GameAI-Final-Project/Content/Characters/Mannequins/Materials/Instances/Quinn/MI_Quinn_01.uasset" 3450
"../../../../../../shanshanye/Desktop/AI_final/GameAI-Final-Project/Content/Characters/Mannequins/Materials/Instances/Quinn/MI_Quinn_02.uasset" 3451
"../../../../../../shanshanye/Desktop/AI_final/GameAI-Final-Project/Content/Characters/Mannequins/Rigs/PA_Mannequin.uasset" 3452
"../../../Engine/Content/EngineFonts/DroidSansMono.uasset" 3453
"../../../../../../shanshanye/Desktop/AI_final/GameAI-Final-Project/Content/Characters/Mannequins/Animations/Manny/anim_Crouch_Idle.uasset" 3454
"../../../../../../shanshanye/Desktop/AI_final/GameAI-Final-Project/Content/Characters/Mannequins/Animations/Manny/MM_Fall_Loop.uasset" 3455
"../../../../../../shanshanye/Desktop/AI_final/GameAI-Final-Project/Content/Characters/Mannequins/Animations/Manny/MM_Idle.uasset" 3456
"../../../../../../shanshanye/Desktop/AI_final/GameAI-Final-Project/Content/Characters/Mannequins/Animations/Manny/MM_Jump.uasset" 3457
"../../../../../../shanshanye/Desktop/AI_final/GameAI-Final-Project/Content/Characters/Mannequins/Animations/Manny/MM_Land.uasset" 3458
"../../../../../../shanshanye/Desktop/AI_final/GameAI-Final-Project/Content/Characters/Mannequins/Animations/Manny/BS_MM_WalkRun.uasset" 3459
"../../../../../../shanshanye/Desktop/AI_final/GameAI-Final-Project/Content/Characters/Mannequins/Rigs/CR_Mannequin_BasicFootIK.uasset" 3460
"../../../Engine/Content/Animation/DefaultAnimBoneCompressionSettings.uasset" 3461
"../../../Engine/Content/Animation/DefaultAnimCurveCompressionSettings.uasset" 3462
"../../../../../../shanshanye/Desktop/AI_final/GameAI-Final-Project/Content/Characters/Mannequins/Animations/Manny/MM_Walk_InPlace.uasset" 3463
"../../../../../../shanshanye/Desktop/AI_final/GameAI-Final-Project/Content/Characters/Mannequins/Animations/Quinn/MF_Run_Fwd.uasset" 3464
"../../../../../../shanshanye/Desktop/AI_final/GameAI-Final-Project/Content/Characters/Mannequins/Animations/Quinn/MF_Walk_Fwd.uasset" 3465
"../../../../../../shanshanye/Desktop/AI_final/GameAI-Final-Project/Content/StarterContent/Particles/P_Sparks.uasset" 3466
"../../../Engine/Content/Functions/Engine_MaterialFunctions02/Utility/BlendAngleCorrectedNormals.uasset" 3467
"../../../../../../shanshanye/Desktop/AI_final/GameAI-Final-Project/Content/StarterContent/Textures/T_Tech_Hex_Tile_M.uasset" 3468
"../../../../../../shanshanye/Desktop/AI_final/GameAI-Final-Project/Content/StarterContent/Textures/T_Tech_Hex_Tile_N.uasset" 3469
"../../../Engine/Content/EngineMaterials/DefaultMaterial.uasset" 3470
"../../../../../../shanshanye/Desktop/AI_final/GameAI-Final-Project/Content/StarterContent/Particles/Materials/M_Burst.uasset" 3471
"../../../../../../shanshanye/Desktop/AI_final/GameAI-Final-Project/Content/StarterContent/Particles/Materials/M_explosion_subUV.uasset" 3472
"../../../../../../shanshanye/Desktop/AI_final/GameAI-Final-Project/Content/StarterContent/Particles/Materials/m_flare_01.uasset" 3473
"../../../../../../shanshanye/Desktop/AI_final/GameAI-Final-Project/Content/StarterContent/Particles/Materials/M_radial_ramp.uasset" 3474
"../../../../../../shanshanye/Desktop/AI_final/GameAI-Final-Project/Content/StarterContent/Particles/Materials/M_smoke_subUV.uasset" 3475
"../../../../../../shanshanye/Desktop/AI_final/GameAI-Final-Project/Content/Maps/Door/Door_Creak_02.uasset" 3476
"../../../../../../shanshanye/Desktop/AI_final/GameAI-Final-Project/Content/Maps/Door/Door_Creak_03.uasset" 3477
"../../../../../../shanshanye/Desktop/AI_final/GameAI-Final-Project/Content/Maps/Door/Door_Creak_04.uasset" 3478
"../../../../../../shanshanye/Desktop/AI_final/GameAI-Final-Project/Content/Maps/Door/Door_Creak_08.uasset" 3479
"../../../../../../shanshanye/Desktop/AI_final/GameAI-Final-Project/Content/Maps/Door/Door_Creak_12.uasset" 3480
"../../../../../../shanshanye/Desktop/AI_final/GameAI-Final-Project/Content/Characters/Mannequins/Materials/M_Mannequin.uasset" 3481
"../../../../../../shanshanye/Desktop/AI_final/GameAI-Final-Project/Content/Characters/Mannequins/Textures/Quinn/T_Quinn_01_ASAOMASK_MSK.uasset" 3482
"../../../../../../shanshanye/Desktop/AI_final/GameAI-Final-Project/Content/Characters/Mannequins/Textures/Quinn/T_Quinn_01_CCRCCPlastic_MSK.uasset" 3483
"../../../../../../shanshanye/Desktop/AI_final/GameAI-Final-Project/Content/Characters/Mannequins/Textures/Quinn/T_Quinn_01ID_BN.uasset" 3484
"../../../../../../shanshanye/Desktop/AI_final/GameAI-Final-Project/Content/Characters/Mannequins/Textures/Quinn/T_Quinn_01ID_D.uasset" 3485
"../../../../../../shanshanye/Desktop/AI_final/GameAI-Final-Project/Content/Characters/Mannequins/Textures/Quinn/T_Quinn_01ID_MSR_MSK.uasset" 3486
"../../../../../../shanshanye/Desktop/AI_final/GameAI-Final-Project/Content/Characters/Mannequins/Textures/Quinn/T_Quinn_01ID_N.uasset" 3487
"../../../../../../shanshanye/Desktop/AI_final/GameAI-Final-Project/Content/Characters/Mannequins/Textures/Quinn/T_Quinn_01ID_Tan.uasset" 3488
"../../../../../../shanshanye/Desktop/AI_final/GameAI-Final-Project/Content/Characters/Mannequins/Textures/Quinn/T_Quinn_02_ASAOMASK_MSK.uasset" 3489
"../../../../../../shanshanye/Desktop/AI_final/GameAI-Final-Project/Content/Characters/Mannequins/Textures/Quinn/T_Quinn_02_CCRCCPlastic_MSK.uasset" 3490
"../../../../../../shanshanye/Desktop/AI_final/GameAI-Final-Project/Content/Characters/Mannequins/Textures/Quinn/T_Quinn_02ID_BN.uasset" 3491
"../../../../../../shanshanye/Desktop/AI_final/GameAI-Final-Project/Content/Characters/Mannequins/Textures/Quinn/T_Quinn_02ID_D.uasset" 3492
"../../../../../../shanshanye/Desktop/AI_final/GameAI-Final-Project/Content/Characters/Mannequins/Textures/Quinn/T_Quinn_02ID_MSR_MSK.uasset" 3493
"../../../../../../shanshanye/Desktop/AI_final/GameAI-Final-Project/Content/Characters/Mannequins/Textures/Quinn/T_Quinn_02ID_N.uasset" 3494
"../../../../../../shanshanye/Desktop/AI_final/GameAI-Final-Project/Content/Characters/Mannequins/Textures/Quinn/T_Quinn_02ID_Tan.uasset" 3495
"../../../Engine/Content/EngineFonts/Faces/DroidSansMono.uasset" 3496
"../../../../../../shanshanye/Desktop/AI_final/GameAI-Final-Project/Content/Characters/Mannequins/Animations/Manny/MM_Run_Fwd.uasset" 3497
"../../../../../../shanshanye/Desktop/AI_final/GameAI-Final-Project/Content/Characters/Mannequins/Animations/Manny/MM_Walk_Fwd.uasset" 3498
"../../Plugins/Animation/ControlRig/Content/Controls/DefaultGizmoLibrary.uasset" 3499
"../../../../../../shanshanye/Desktop/AI_final/GameAI-Final-Project/Content/StarterContent/Particles/Materials/M_Radial_Gradient.uasset" 3500
"../../../../../../shanshanye/Desktop/AI_final/GameAI-Final-Project/Content/StarterContent/Particles/Materials/M_Spark.uasset" 3501
"../../../../../../shanshanye/Desktop/AI_final/GameAI-Final-Project/Content/StarterContent/Textures/T_Burst_M.uasset" 3502
"../../../../../../shanshanye/Desktop/AI_final/GameAI-Final-Project/Content/StarterContent/Textures/T_Explosion_SubUV.uasset" 3503
"../../../Engine/Content/Functions/Engine_MaterialFunctions01/Gradient/RadialGradient.uasset" 3504
"../../../../../../shanshanye/Desktop/AI_final/GameAI-Final-Project/Content/StarterContent/Textures/T_Smoke_SubUV.uasset" 3505
"../../../../../../shanshanye/Desktop/AI_final/GameAI-Final-Project/Content/StarterContent/Textures/T_Smoke_Tiled_D.uasset" 3506
"../../../../../../shanshanye/Desktop/AI_final/GameAI-Final-Project/Content/Characters/Mannequins/Materials/Functions/MF_Diffraction.uasset" 3507
"../../../../../../shanshanye/Desktop/AI_final/GameAI-Final-Project/Content/Characters/Mannequins/Materials/Functions/MF_logo3layers.uasset" 3508
"../../../../../../shanshanye/Desktop/AI_final/GameAI-Final-Project/Content/Characters/Mannequins/Materials/Functions/ML_BaseColorFallOff.uasset" 3509
"../../../../../../shanshanye/Desktop/AI_final/GameAI-Final-Project/Content/Characters/Mannequins/Textures/Manny/T_Manny_01_ASAOPMASK_MSK.uasset" 3510
"../../../../../../shanshanye/Desktop/AI_final/GameAI-Final-Project/Content/Characters/Mannequins/Textures/Manny/T_Manny_01_BN.uasset" 3511
"../../../../../../shanshanye/Desktop/AI_final/GameAI-Final-Project/Content/Characters/Mannequins/Textures/Manny/T_Manny_01_CCRCCPlastic_MSK.uasset" 3512
"../../../../../../shanshanye/Desktop/AI_final/GameAI-Final-Project/Content/Characters/Mannequins/Textures/Manny/T_Manny_01_D.uasset" 3513
"../../../../../../shanshanye/Desktop/AI_final/GameAI-Final-Project/Content/Characters/Mannequins/Textures/Manny/T_Manny_01_MSR_MSK.uasset" 3514
"../../../../../../shanshanye/Desktop/AI_final/GameAI-Final-Project/Content/Characters/Mannequins/Textures/Manny/T_Manny_01_N.uasset" 3515
"../../../../../../shanshanye/Desktop/AI_final/GameAI-Final-Project/Content/Characters/Mannequins/Textures/Manny/T_Manny_01_Tan.uasset" 3516
"../../../../../../shanshanye/Desktop/AI_final/GameAI-Final-Project/Content/StarterContent/Textures/T_Spark_Core.uasset" 3517
"../../../../../../shanshanye/Desktop/AI_final/GameAI-Final-Project/Content/Characters/Mannequins/Materials/Functions/ChromaticCurve.uasset" 3518
"../../../../../../shanshanye/Desktop/AI_final/GameAI-Final-Project/Content/Characters/Mannequins/Materials/Functions/CA_Mannequin.uasset" 3519
"../../../Engine/Content/Functions/Engine_MaterialFunctions01/Texturing/ScaleUVsByCenter.uasset" 3520
"../../../../../../shanshanye/Desktop/AI_final/GameAI-Final-Project/Content/Characters/Mannequins/Textures/Shared/T_UE_Logo_M.uasset" 3521
"/Game/StarterContent/Audio/Explosion01" 3522
"../../../../../../shanshanye/Desktop/AI_final/GameAI-Final-Project/Content/StarterContent/Audio/Explosion01.uasset" 3523
"/Game/StarterContent/Audio/Explosion02" 3524
"../../../../../../shanshanye/Desktop/AI_final/GameAI-Final-Project/Content/StarterContent/Audio/Explosion02.uasset" 3525
"../../../Engine/Config/BaseUnrealInsightsSettings.ini" 3526
"/Users/Shared/Epic Games/UE_5.7/Engine/Binaries/ThirdParty/USD/UsdResources/Mac/plugins/plugInfo.json" 3527
"/Users/Shared/Epic Games/UE_5.7/Engine/Binaries/ThirdParty/USD/UsdResources/Mac/plugins/usdShadeValidators/resources/plugInfo.json" 3528
"/Users/Shared/Epic Games/UE_5.7/Engine/Binaries/ThirdParty/USD/UsdResources/Mac/plugins/usdProc/resources/plugInfo.json" 3529
"/Users/Shared/Epic Games/UE_5.7/Engine/Binaries/ThirdParty/USD/UsdResources/Mac/plugins/usdUI/resources/plugInfo.json" 3530
"/Users/Shared/Epic Games/UE_5.7/Engine/Binaries/ThirdParty/USD/UsdResources/Mac/plugins/usdRi/resources/plugInfo.json" 3531
"/Users/Shared/Epic Games/UE_5.7/Engine/Binaries/ThirdParty/USD/UsdResources/Mac/plugins/hdGp/resources/plugInfo.json" 3532
"/Users/Shared/Epic Games/UE_5.7/Engine/Binaries/ThirdParty/USD/UsdResources/Mac/plugins/sdr/resources/plugInfo.json" 3533
"/Users/Shared/Epic Games/UE_5.7/Engine/Binaries/ThirdParty/USD/UsdResources/Mac/plugins/esfUsd/resources/plugInfo.json" 3534
"/Users/Shared/Epic Games/UE_5.7/Engine/Binaries/ThirdParty/USD/UsdResources/Mac/plugins/usdProcImaging/resources/plugInfo.json" 3535
"/Users/Shared/Epic Games/UE_5.7/Engine/Binaries/ThirdParty/USD/UsdResources/Mac/plugins/usdGeom/resources/plugInfo.json" 3536
"/Users/Shared/Epic Games/UE_5.7/Engine/Binaries/ThirdParty/USD/UsdResources/Mac/plugins/hdSt/resources/plugInfo.json" 3537
"/Users/Shared/Epic Games/UE_5.7/Engine/Binaries/ThirdParty/USD/UsdResources/Mac/plugins/usdMedia/resources/plugInfo.json" 3538
"/Users/Shared/Epic Games/UE_5.7/Engine/Binaries/ThirdParty/USD/UsdResources/Mac/plugins/usdValidation/resources/plugInfo.json" 3539
"/Users/Shared/Epic Games/UE_5.7/Engine/Binaries/ThirdParty/USD/UsdResources/Mac/plugins/usdMtlx/resources/plugInfo.json" 3540
"/Users/Shared/Epic Games/UE_5.7/Engine/Binaries/ThirdParty/USD/UsdResources/Mac/plugins/hdx/resources/plugInfo.json" 3541
"/Users/Shared/Epic Games/UE_5.7/Engine/Binaries/ThirdParty/USD/UsdResources/Mac/plugins/sdrGlslfx/resources/plugInfo.json" 3542
"/Users/Shared/Epic Games/UE_5.7/Engine/Binaries/ThirdParty/USD/UsdResources/Mac/plugins/exec/resources/plugInfo.json" 3543
"/Users/Shared/Epic Games/UE_5.7/Engine/Binaries/ThirdParty/USD/UsdResources/Mac/plugins/usdRiPxrImaging/resources/plugInfo.json" 3544
"/Users/Shared/Epic Games/UE_5.7/Engine/Binaries/ThirdParty/USD/UsdResources/Mac/plugins/hioAvif/resources/plugInfo.json" 3545
"/Users/Shared/Epic Games/UE_5.7/Engine/Binaries/ThirdParty/USD/UsdResources/Mac/plugins/hioImageIO/resources/plugInfo.json" 3546
"/Users/Shared/Epic Games/UE_5.7/Engine/Binaries/ThirdParty/USD/UsdResources/Mac/plugins/usdHydra/resources/plugInfo.json" 3547
"/Users/Shared/Epic Games/UE_5.7/Engine/Binaries/ThirdParty/USD/UsdResources/Mac/plugins/ar/resources/plugInfo.json" 3548
"/Users/Shared/Epic Games/UE_5.7/Engine/Binaries/ThirdParty/USD/UsdResources/Mac/plugins/ueCloth/resources/plugInfo.json" 3549
"/Users/Shared/Epic Games/UE_5.7/Engine/Binaries/ThirdParty/USD/UsdResources/Mac/plugins/usdSemantics/resources/plugInfo.json" 3550
"/Users/Shared/Epic Games/UE_5.7/Engine/Binaries/ThirdParty/USD/UsdResources/Mac/plugins/usdSkelImaging/resources/plugInfo.json" 3551
"/Users/Shared/Epic Games/UE_5.7/Engine/Binaries/ThirdParty/USD/UsdResources/Mac/plugins/usdSkel/resources/plugInfo.json" 3552
"/Users/Shared/Epic Games/UE_5.7/Engine/Binaries/ThirdParty/USD/UsdResources/Mac/plugins/usdVolImaging/resources/plugInfo.json" 3553
"/Users/Shared/Epic Games/UE_5.7/Engine/Binaries/ThirdParty/USD/UsdResources/Mac/plugins/hgiMetal/resources/plugInfo.json" 3554
"/Users/Shared/Epic Games/UE_5.7/Engine/Binaries/ThirdParty/USD/UsdResources/Mac/plugins/usdSkelValidators/resources/plugInfo.json" 3555
"/Users/Shared/Epic Games/UE_5.7/Engine/Binaries/ThirdParty/USD/UsdResources/Mac/plugins/usdUtilsValidators/resources/plugInfo.json" 3556
"/Users/Shared/Epic Games/UE_5.7/Engine/Binaries/ThirdParty/USD/UsdResources/Mac/plugins/usdImaging/resources/plugInfo.json" 3557
"/Users/Shared/Epic Games/UE_5.7/Engine/Binaries/ThirdParty/USD/UsdResources/Mac/plugins/usdRender/resources/plugInfo.json" 3558
"/Users/Shared/Epic Games/UE_5.7/Engine/Binaries/ThirdParty/USD/UsdResources/Mac/plugins/usdImagingGL/resources/plugInfo.json" 3559
"/Users/Shared/Epic Games/UE_5.7/Engine/Binaries/ThirdParty/USD/UsdResources/Mac/plugins/execGeom/resources/plugInfo.json" 3560
"/Users/Shared/Epic Games/UE_5.7/Engine/Binaries/ThirdParty/USD/UsdResources/Mac/plugins/execUsd/resources/plugInfo.json" 3561
"/Users/Shared/Epic Games/UE_5.7/Engine/Binaries/ThirdParty/USD/UsdResources/Mac/plugins/usd/resources/plugInfo.json" 3562
"/Users/Shared/Epic Games/UE_5.7/Engine/Binaries/ThirdParty/USD/UsdResources/Mac/plugins/unreal/resources/plugInfo.json" 3563
"/Users/Shared/Epic Games/UE_5.7/Engine/Binaries/ThirdParty/USD/UsdResources/Mac/plugins/usdPhysics/resources/plugInfo.json" 3564
"/Users/Shared/Epic Games/UE_5.7/Engine/Binaries/ThirdParty/USD/UsdResources/Mac/plugins/usdPhysicsValidators/resources/plugInfo.json" 3565
"/Users/Shared/Epic Games/UE_5.7/Engine/Binaries/ThirdParty/USD/UsdResources/Mac/plugins/hgiGL/resources/plugInfo.json" 3566
"/Users/Shared/Epic Games/UE_5.7/Engine/Binaries/ThirdParty/USD/UsdResources/Mac/plugins/usdShaders/resources/plugInfo.json" 3567
"/Users/Shared/Epic Games/UE_5.7/Engine/Binaries/ThirdParty/USD/UsdResources/Mac/plugins/hio/resources/plugInfo.json" 3568
"/Users/Shared/Epic Games/UE_5.7/Engine/Binaries/ThirdParty/USD/UsdResources/Mac/plugins/glf/resources/plugInfo.json" 3569
"/Users/Shared/Epic Games/UE_5.7/Engine/Binaries/ThirdParty/USD/UsdResources/Mac/plugins/usdLux/resources/plugInfo.json" 3570
"/Users/Shared/Epic Games/UE_5.7/Engine/Binaries/ThirdParty/USD/UsdResources/Mac/plugins/hdsi/resources/plugInfo.json" 3571
"/Users/Shared/Epic Games/UE_5.7/Engine/Binaries/ThirdParty/USD/UsdResources/Mac/plugins/usdShade/resources/plugInfo.json" 3572
"/Users/Shared/Epic Games/UE_5.7/Engine/Binaries/ThirdParty/USD/UsdResources/Mac/plugins/sdf/resources/plugInfo.json" 3573
"/Users/Shared/Epic Games/UE_5.7/Engine/Binaries/ThirdParty/USD/UsdResources/Mac/plugins/hdStorm/resources/plugInfo.json" 3574
"/Users/Shared/Epic Games/UE_5.7/Engine/Binaries/ThirdParty/USD/UsdResources/Mac/plugins/usdAbc/resources/plugInfo.json" 3575
"/Users/Shared/Epic Games/UE_5.7/Engine/Binaries/ThirdParty/USD/UsdResources/Mac/plugins/esf/resources/plugInfo.json" 3576
"/Users/Shared/Epic Games/UE_5.7/Engine/Binaries/ThirdParty/USD/UsdResources/Mac/plugins/usdVol/resources/plugInfo.json" 3577
"/Users/Shared/Epic Games/UE_5.7/Engine/Binaries/ThirdParty/USD/UsdResources/Mac/plugins/usdGeomValidators/resources/plugInfo.json" 3578
"/Users/Shared/Epic Games/UE_5.7/Engine/Binaries/ThirdParty/USD/UsdResources/Mac/plugins/hd/resources/plugInfo.json" 3579
"/Users/Shared/Epic Games/UE_5.7/Engine/Binaries/ThirdParty/USD/UsdResources/Mac/plugins/usd/resources/codegenTemplates/plugInfo.json" 3580
"/SpeedTreeImporter/SpeedTree9/SpeedTreeMaster" 3581
"../../Plugins/Editor/SpeedTreeImporter/Content/SpeedTree9/SpeedTreeMaster.uasset" 3582
"../../../Engine/Content/Functions/Engine_MaterialFunctions02/ObjectLocalBounds.uasset" 3583
"../../../Engine/Content/Functions/Engine_MaterialFunctions02/SafeNormalize.uasset" 3584
"../../../Engine/Content/Functions/Engine_MaterialFunctions02/Utility/VectorLength.uasset" 3585
"../../../Engine/Content/Functions/Engine_MaterialFunctions02/UVs/BoundingBoxBased_0-1_UVW.uasset" 3586
"../../../Engine/Content/Functions/Engine_MaterialFunctions02/WorldPositionOffset/ObjectScale.uasset" 3587
"../../Plugins/Editor/SpeedTreeImporter/Content/SpeedTree9/SpeedTreeBranchMotion.uasset" 3588
"../../Plugins/Editor/SpeedTreeImporter/Content/SpeedTree9/SpeedTreeCameraFacing.uasset" 3589
"../../Plugins/Editor/SpeedTreeImporter/Content/SpeedTree9/SpeedTreeWind.uasset" 3590
"../../Plugins/Editor/SpeedTreeImporter/Content/SpeedTree9/SpeedTreeWindMotion.uasset" 3591
"../../Plugins/Editor/SpeedTreeImporter/Content/SpeedTree9/UnpackDirection.uasset" 3592
"../../Plugins/Editor/SpeedTreeImporter/Content/SpeedTree9/UnpackInteger3.uasset" 3593
"../../Plugins/Editor/SpeedTreeImporter/Content/SpeedTree9/Empty.uasset" 3594
"../../Plugins/Editor/SpeedTreeImporter/Content/SpeedTree9/EmptyNormal.uasset" 3595
"../../Plugins/Editor/SpeedTreeImporter/Content/SpeedTree9/game_wind_noise.uasset" 3596
"/SpeedTreeImporter/SpeedTree9/SpeedTreeBillboardMaster" 3597
"../../Plugins/Editor/SpeedTreeImporter/Content/SpeedTree9/SpeedTreeBillboardMaster.uasset" 3598
"../../Plugins/Editor/SpeedTreeImporter/Content/SpeedTree9/SpeedTreeBillboard.uasset" 3599
"/MediaPlate/SM_MediaPlateScreen" 3600
"../../Plugins/Media/MediaPlate/Content/SM_MediaPlateScreen.uasset" 3601
"/Engine/BasicShapes/BasicShapeMaterial" 3602
"../../../Engine/Content/BasicShapes/BasicShapeMaterial.uasset" 3603
"/Engine/EditorMaterials/Dataflow/DataflowVertexMaterial" 3604
"../../../Engine/Content/EditorMaterials/Dataflow/DataflowVertexMaterial.uasset" 3605
"/Engine/EditorMaterials/Dataflow/DataflowTwoSidedVertexMaterial" 3606
"../../../Engine/Content/EditorMaterials/Dataflow/DataflowTwoSidedVertexMaterial.uasset" 3607
"/MeshModelingToolsetExp/Materials/PointSetOverlaidComponentMaterial" 3608
"../../Plugins/Experimental/MeshModelingToolsetExp/Content/Materials/PointSetOverlaidComponentMaterial.uasset" 3609
"../../../Engine/Content/Functions/Engine_MaterialFunctions02/Utility/FOV.uasset" 3610
"../../../Engine/Content/Functions/Engine_MaterialFunctions02/WorldPositionOffset/V2/ObjectScale.uasset" 3611
"../../../Engine/Content/Functions/Engine_MaterialFunctions03/Viewport/MF_OrthoWidth.uasset" 3612
"../../Plugins/Experimental/MeshModelingToolsetExp/Content/Materials/GetDisplacementVectorForDepthBias.uasset" 3613
"/Engine/EditorLandscapeResources/LayerVisMaterial" 3614
"../../../Engine/Content/EditorLandscapeResources/LayerVisMaterial.uasset" 3615
"../../../Engine/Content/EditorLandscapeResources/WhiteSquareTexture.uasset" 3616
"/Engine/EditorLandscapeResources/SelectBrushMaterial_Selected" 3617
"../../../Engine/Content/EditorLandscapeResources/SelectBrushMaterial_Selected.uasset" 3618
"../../../Engine/Content/EditorLandscapeResources/SelectBrushMaterial.uasset" 3619
"../../../Engine/Content/Functions/Engine_MaterialFunctions03/Math/WithinRangeFloat2.uasset" 3620
"/Engine/EditorLandscapeResources/SelectBrushMaterial_SelectedRegion" 3621
"../../../Engine/Content/EditorLandscapeResources/SelectBrushMaterial_SelectedRegion.uasset" 3622
"/Engine/EditorLandscapeResources/MaskBrushMaterial_MaskedRegion" 3623
"../../../Engine/Content/EditorLandscapeResources/MaskBrushMaterial_MaskedRegion.uasset" 3624
"../../../Engine/Content/EditorLandscapeResources/MaskBrushMaterial.uasset" 3625
"/Engine/EditorLandscapeResources/ColorMaskBrushMaterial_MaskedRegion" 3626
"../../../Engine/Content/EditorLandscapeResources/ColorMaskBrushMaterial_MaskedRegion.uasset" 3627
"../../../Engine/Content/EditorLandscapeResources/ColorMaskBrushMaterial.uasset" 3628
"/Engine/EditorLandscapeResources/LandscapeDirtyMaterial" 3629
"../../../Engine/Content/EditorLandscapeResources/LandscapeDirtyMaterial.uasset" 3630
"/Engine/EditorLandscapeResources/LandscapeLayerUsageMaterial" 3631
"../../../Engine/Content/EditorLandscapeResources/LandscapeLayerUsageMaterial.uasset" 3632
"../../../Engine/Content/Functions/Engine_MaterialFunctions01/Debug/DebugIntValues.uasset" 3633
"../../../Engine/Content/Functions/Engine_MaterialFunctions02/WorldPositionOffset/LocalPosition.uasset" 3634
"../../../Engine/Content/Functions/Engine_MaterialFunctions01/Texturing/TextureCropping.uasset" 3635
"../../../Engine/Content/Functions/Engine_MaterialFunctions02/ExampleContent/DebugNumberStrip.uasset" 3636
"/Users/shanshanye/Library/Application Support/Epic/UnrealEngine/Editor/UInteractiveToolsPresetCollectionAsset_DefaultCollection.json" 3637
"/Engine/EngineMaterials/NaniteHiddenSectionMaterial" 3638
"../../../Engine/Content/EngineMaterials/NaniteHiddenSectionMaterial.uasset" 3639
"/Engine/EngineMaterials/RemoveSurfaceMaterial" 3640
"../../../Engine/Content/EngineMaterials/RemoveSurfaceMaterial.uasset" 3641
"/Engine/EngineDebugMaterials/DebugMeshMaterial" 3642
"../../../Engine/Content/EngineDebugMaterials/DebugMeshMaterial.uasset" 3643
"/Engine/EngineMaterials/EmissiveMeshMaterial" 3644
"../../../Engine/Content/EngineMaterials/EmissiveMeshMaterial.uasset" 3645
"../../../Engine/Content/EngineMaterials/DefaultWhiteGrid_Low.uasset" 3646
"/Engine/EngineMaterials/M_InvalidLightmapSettings" 3647
"../../../Engine/Content/EngineMaterials/M_InvalidLightmapSettings.uasset" 3648
"../../../Engine/Content/EngineMaterials/InvalidLightmapSettings.uasset" 3649
"/Engine/EngineMaterials/GizmoMaterial" 3650
"../../../Engine/Content/EngineMaterials/GizmoMaterial.uasset" 3651
"/Engine/EngineMaterials/PhAT_JointLimitMaterial" 3652
"../../../Engine/Content/EngineMaterials/PhAT_JointLimitMaterial.uasset" 3653
"/Engine/EngineMaterials/FlattenMaterial" 3654
"../../../Engine/Content/EngineMaterials/FlattenMaterial.uasset" 3655
"../../../Engine/Content/EngineMaterials/BaseFlattenDiffuseMap.uasset" 3656
"../../../Engine/Content/EngineMaterials/BaseFlattenEmissiveMap.uasset" 3657
"../../../Engine/Content/EngineMaterials/BaseFlattenGrayscaleMap.uasset" 3658
"../../../Engine/Content/EngineMaterials/BaseFlattenLinearColor.uasset" 3659
"../../../Engine/Content/EngineMaterials/BaseFlattenNormalMap.uasset" 3660
"../../../Engine/Content/Functions/Engine_MaterialFunctions02/PivotPainter2/Black_1x1_EXR_Texture.uasset" 3661
"/Engine/EngineMaterials/FlattenMaterial_VT" 3662
"../../../Engine/Content/EngineMaterials/FlattenMaterial_VT.uasset" 3663
"../../../Engine/Content/EngineMaterials/BaseFlattenDiffuseMap_VT.uasset" 3664
"../../../Engine/Content/EngineMaterials/BaseFlattenEmissiveMap_VT.uasset" 3665
"../../../Engine/Content/EngineMaterials/BaseFlattenGrayscaleMap_VT.uasset" 3666
"../../../Engine/Content/EngineMaterials/BaseFlattenLinearColor_VT.uasset" 3667
"../../../Engine/Content/EngineMaterials/BaseFlattenNormalMap_VT.uasset" 3668
"../../../Engine/Content/EngineMaterials/Black_1x1_EXR_Texture_VT.uasset" 3669
"/Engine/EngineMaterials/FlattenMaterial_WS_Normal_VT" 3670
"../../../Engine/Content/EngineMaterials/FlattenMaterial_WS_Normal_VT.uasset" 3671
"/Engine/EngineMaterials/Good64x64TilingNoiseHighFreq" 3672
"../../../Engine/Content/EngineMaterials/Good64x64TilingNoiseHighFreq.uasset" 3673
"/Engine/EngineMaterials/DefaultBokeh" 3674
"../../../Engine/Content/EngineMaterials/DefaultBokeh.uasset" 3675
"/Engine/EngineMaterials/MiniFont" 3676
"../../../Engine/Content/EngineMaterials/MiniFont.uasset" 3677
"/Engine/EngineMaterials/WeightMapPlaceholderTexture" 3678
"../../../Engine/Content/EngineMaterials/WeightMapPlaceholderTexture.uasset" 3679
"/Engine/EngineMaterials/WeightMapArrayPlaceholderTexture" 3680
"../../../Engine/Content/EngineMaterials/WeightMapArrayPlaceholderTexture.uasset" 3681
"/Engine/EngineMaterials/DefaultWhiteGrid" 3682
"../../../Engine/Content/EngineMaterials/DefaultWhiteGrid.uasset" 3683
"/Engine/EngineMaterials/PreintegratedSkinBRDF" 3684
"../../../Engine/Content/EngineMaterials/PreintegratedSkinBRDF.uasset" 3685
"/Engine/EngineMaterials/LTC/GGX_LTCAmp" 3686
"../../../Engine/Content/EngineMaterials/LTC/GGX_LTCAmp.uasset" 3687
"/Engine/EngineMaterials/LTC/GGX_LTCMat" 3688
"../../../Engine/Content/EngineMaterials/LTC/GGX_LTCMat.uasset" 3689
"/Engine/EngineMaterials/EnergyConservation/GGX_ReflectionEnergy" 3690
"../../../Engine/Content/EngineMaterials/EnergyConservation/GGX_ReflectionEnergy.uasset" 3691
"/Engine/EngineMaterials/EnergyConservation/GGX_TransmissionEnergyArray" 3692
"../../../Engine/Content/EngineMaterials/EnergyConservation/GGX_TransmissionEnergyArray.uasset" 3693
"/Engine/EngineMaterials/EnergyConservation/SheenLegacy_Energy" 3694
"../../../Engine/Content/EngineMaterials/EnergyConservation/SheenLegacy_Energy.uasset" 3695
"/Engine/EngineMaterials/DefaultPhysicalMaterial" 3696
"../../../Engine/Content/EngineMaterials/DefaultPhysicalMaterial.uasset" 3697
"/Engine/EngineMaterials/DefaultDestructiblePhysicalMaterial" 3698
"../../../Engine/Content/EngineMaterials/DefaultDestructiblePhysicalMaterial.uasset" 3699
"/Users/shanshanye/Library/Application Support/Epic/UnrealEngine/5.7/Saved/AutoLoadProject.txt" 3700
"/Niagara/ParameterDefinitions/LightRenderer" 3701
"../../Plugins/FX/Niagara/Content/ParameterDefinitions/LightRenderer.uasset" 3702
"/Niagara/ParameterDefinitions/SpriteRenderer" 3703
"../../Plugins/FX/Niagara/Content/ParameterDefinitions/SpriteRenderer.uasset" 3704
"/Niagara/ParameterDefinitions/MeshRenderer" 3705
"../../Plugins/FX/Niagara/Content/ParameterDefinitions/MeshRenderer.uasset" 3706
"/Niagara/ParameterDefinitions/DecalRenderer" 3707
"../../Plugins/FX/Niagara/Content/ParameterDefinitions/DecalRenderer.uasset" 3708
"/Niagara/ParameterDefinitions/CoreParameters" 3709
"../../Plugins/FX/Niagara/Content/ParameterDefinitions/CoreParameters.uasset" 3710
"/Niagara/ParameterDefinitions/RibbonRenderer" 3711
"../../Plugins/FX/Niagara/Content/ParameterDefinitions/RibbonRenderer.uasset" 3712
"/DeformerGraph/Deformers/DG_LinearBlendSkin_Morph_Cloth" 3713
"../../Plugins/Animation/DeformerGraph/Content/Deformers/DG_LinearBlendSkin_Morph_Cloth.uasset" 3714
"../../Plugins/Animation/DeformerGraph/Content/DeformerFunctions/DG_Function_LinearBlendSkin_Morph_Cloth.uasset" 3715
"/DeformerGraph/Deformers/DG_LinearBlendSkin_Morph_Cloth_RecomputeNormals" 3716
"../../Plugins/Animation/DeformerGraph/Content/Deformers/DG_LinearBlendSkin_Morph_Cloth_RecomputeNormals.uasset" 3717
"../../Plugins/Animation/DeformerGraph/Content/DeformerFunctions/DG_Function_ComputeNormalsTangents.uasset" 3718
"../../Plugins/Animation/DeformerGraph/Content/DeformerFunctions/DG_Function_LinearBlendSkin_Morph_Cloth_PositionOnly.uasset" 3719
"/Engine/BasicShapes/Cube" 3720
"../../../Engine/Content/BasicShapes/Cube.uasset" 3721
"/Engine/BasicShapes/Cylinder" 3722
"../../../Engine/Content/BasicShapes/Cylinder.uasset" 3723
"/Engine/BasicShapes/Cone" 3724
"../../../Engine/Content/BasicShapes/Cone.uasset" 3725
"/Engine/BasicShapes/Plane" 3726
"../../../Engine/Content/BasicShapes/Plane.uasset" 3727
"../../../Engine/Documentation/Source/Shared/Types/ABrush/ABrush.INT.udn" 3728
"../../../Engine/Content/Internationalization/icudt64l/brkitr/en_US.res" 3729
"../../../Engine/Content/Internationalization/icudt64l/brkitr/en.res" 3730
"../../../Engine/Content/Internationalization/icudt64l/brkitr/root.res" 3731
"../../../Engine/Content/Internationalization/icudt64l/brkitr/char.brk" 3732
"../../../Engine/Content/Internationalization/icudt64l/brkitr/word.brk" 3733
"/Engine/EditorResources/SequenceRecorder/Countdown" 3734
"../../../Engine/Content/EditorResources/SequenceRecorder/Countdown.uasset" 3735
"/Engine/EditorResources/SequenceRecorder/RecordingIndicator" 3736
"../../../Engine/Content/EditorResources/SequenceRecorder/RecordingIndicator.uasset" 3737
"/Engine/EditorMaterials/PhAT_UnselectedMaterial" 3738
"../../../Engine/Content/EditorMaterials/PhAT_UnselectedMaterial.uasset" 3739
"/Engine/EditorMaterials/PhAT_NoCollisionMaterial" 3740
"../../../Engine/Content/EditorMaterials/PhAT_NoCollisionMaterial.uasset" 3741
"/Users/shanshanye/Desktop/AI_final/GameAI-Final-Project/Binaries/Mac/UnrealEditor-GameAI.dylib" 3742
"/Users/Shared/Epic Games/UE_5.7/Engine/Binaries/Mac/" 3743
"/Users/shanshanye/Desktop/AI_final/GameAI-Final-Project/Intermediate/ShaderAutogen/METAL_SM5/AutogenShaderHeaders.ush" 3744
"/Engine/EngineSounds/Submixes/MasterReverbSubmixDefault" 3745
"../../../Engine/Content/EngineSounds/Submixes/MasterReverbSubmixDefault.uasset" 3746
"../../../Engine/Content/EngineSounds/Submixes/MasterReverbEffectPreset.uasset" 3747
"../../../Engine/Content/EngineSounds/Submixes/MasterSubmixDefault.uasset" 3748
"../../../Engine/Content/EngineSounds/Submixes/MasterEQSubmixDefault.uasset" 3749
"../../../Engine/Content/EngineSounds/Submixes/MasterEQEffectPreset.uasset" 3750
"/Game/Characters/Mannequins/Meshes/SKM_Manny" 3751
"../../../../../../shanshanye/Desktop/AI_final/GameAI-Final-Project/Content/Characters/Mannequins/Meshes/SKM_Manny.uasset" 3752
"../../../../../../shanshanye/Desktop/AI_final/GameAI-Final-Project/Content/Characters/Mannequins/Rigs/ABP_Manny_PostProcess.uasset" 3753
"../../../../../../shanshanye/Desktop/AI_final/GameAI-Final-Project/Content/Characters/Mannequins/Materials/Instances/Manny/MI_Manny_01.uasset" 3754
"../../../../../../shanshanye/Desktop/AI_final/GameAI-Final-Project/Content/Characters/Mannequins/Materials/Instances/Manny/MI_Manny_02.uasset" 3755
"../../../../../../shanshanye/Desktop/AI_final/GameAI-Final-Project/Content/Characters/Mannequins/Rigs/CR_Mannequin_Procedural.uasset" 3756
"../../../../../../shanshanye/Desktop/AI_final/GameAI-Final-Project/Content/Characters/Mannequins/Rigs/Poses/Manny/Manny_calf_l_pose.uasset" 3757
"../../../../../../shanshanye/Desktop/AI_final/GameAI-Final-Project/Content/Characters/Mannequins/Rigs/Poses/Manny/Manny_calf_r_pose.uasset" 3758
"../../../../../../shanshanye/Desktop/AI_final/GameAI-Final-Project/Content/Characters/Mannequins/Rigs/Poses/Manny/Manny_clavicle_l_pose.uasset" 3759
"../../../../../../shanshanye/Desktop/AI_final/GameAI-Final-Project/Content/Characters/Mannequins/Rigs/Poses/Manny/Manny_clavicle_r_pose.uasset" 3760
"../../../../../../shanshanye/Desktop/AI_final/GameAI-Final-Project/Content/Characters/Mannequins/Rigs/Poses/Manny/Manny_foot_l_pose.uasset" 3761
"../../../../../../shanshanye/Desktop/AI_final/GameAI-Final-Project/Content/Characters/Mannequins/Rigs/Poses/Manny/Manny_foot_r_pose.uasset" 3762
"../../../../../../shanshanye/Desktop/AI_final/GameAI-Final-Project/Content/Characters/Mannequins/Rigs/Poses/Manny/Manny_hand_l_pose.uasset" 3763
"../../../../../../shanshanye/Desktop/AI_final/GameAI-Final-Project/Content/Characters/Mannequins/Rigs/Poses/Manny/Manny_hand_r_pose.uasset" 3764
"../../../../../../shanshanye/Desktop/AI_final/GameAI-Final-Project/Content/Characters/Mannequins/Rigs/Poses/Manny/Manny_lowerarm_l_pose.uasset" 3765
"../../../../../../shanshanye/Desktop/AI_final/GameAI-Final-Project/Content/Characters/Mannequins/Rigs/Poses/Manny/Manny_lowerarm_r_pose.uasset" 3766
"../../../../../../shanshanye/Desktop/AI_final/GameAI-Final-Project/Content/Characters/Mannequins/Rigs/Poses/Manny/Manny_thigh_l_pose.uasset" 3767
"../../../../../../shanshanye/Desktop/AI_final/GameAI-Final-Project/Content/Characters/Mannequins/Rigs/Poses/Manny/Manny_thigh_r_pose.uasset" 3768
"../../../../../../shanshanye/Desktop/AI_final/GameAI-Final-Project/Content/Characters/Mannequins/Rigs/Poses/Manny/Manny_upperarm_l_pose.uasset" 3769
"../../../../../../shanshanye/Desktop/AI_final/GameAI-Final-Project/Content/Characters/Mannequins/Rigs/Poses/Manny/Manny_upperarm_r_pose.uasset" 3770
"../../../../../../shanshanye/Desktop/AI_final/GameAI-Final-Project/Content/Characters/Mannequins/Textures/Manny/T_Manny_02_ASAOPMASK_MSK.uasset" 3771
"../../../../../../shanshanye/Desktop/AI_final/GameAI-Final-Project/Content/Characters/Mannequins/Textures/Manny/T_Manny_02_BN.uasset" 3772
"../../../../../../shanshanye/Desktop/AI_final/GameAI-Final-Project/Content/Characters/Mannequins/Textures/Manny/T_Manny_02_CCRCCPlastic_MSK.uasset" 3773
"../../../../../../shanshanye/Desktop/AI_final/GameAI-Final-Project/Content/Characters/Mannequins/Textures/Manny/T_Manny_02_D.uasset" 3774
"../../../../../../shanshanye/Desktop/AI_final/GameAI-Final-Project/Content/Characters/Mannequins/Textures/Manny/T_Manny_02_MSR_MSK.uasset" 3775
"../../../../../../shanshanye/Desktop/AI_final/GameAI-Final-Project/Content/Characters/Mannequins/Textures/Manny/T_Manny_02_N.uasset" 3776
"../../../../../../shanshanye/Desktop/AI_final/GameAI-Final-Project/Content/Characters/Mannequins/Textures/Manny/T_Manny_02_Tan.uasset" 3777
"../../../../../../shanshanye/Desktop/AI_final/GameAI-Final-Project/Content/Characters/Mannequins/Rigs/Poses/Manny/Manny_calf_l_anim.uasset" 3778
"../../../../../../shanshanye/Desktop/AI_final/GameAI-Final-Project/Content/Characters/Mannequins/Rigs/Poses/Manny/Manny_calf_r_anim.uasset" 3779
"../../../../../../shanshanye/Desktop/AI_final/GameAI-Final-Project/Content/Characters/Mannequins/Rigs/Poses/Manny/Manny_clavicle_l_anim.uasset" 3780
"../../../../../../shanshanye/Desktop/AI_final/GameAI-Final-Project/Content/Characters/Mannequins/Rigs/Poses/Manny/Manny_clavicle_r_anim.uasset" 3781
"../../../../../../shanshanye/Desktop/AI_final/GameAI-Final-Project/Content/Characters/Mannequins/Rigs/Poses/Manny/Manny_foot_l_anim.uasset" 3782
"../../../../../../shanshanye/Desktop/AI_final/GameAI-Final-Project/Content/Characters/Mannequins/Rigs/Poses/Manny/Manny_foot_r_anim.uasset" 3783
"../../../../../../shanshanye/Desktop/AI_final/GameAI-Final-Project/Content/Characters/Mannequins/Rigs/Poses/Manny/Manny_hand_l_anim.uasset" 3784
"../../../../../../shanshanye/Desktop/AI_final/GameAI-Final-Project/Content/Characters/Mannequins/Rigs/Poses/Manny/Manny_hand_r_anim.uasset" 3785
"../../../../../../shanshanye/Desktop/AI_final/GameAI-Final-Project/Content/Characters/Mannequins/Rigs/Poses/Manny/Manny_lowerarm_l_anim.uasset" 3786
"../../../../../../shanshanye/Desktop/AI_final/GameAI-Final-Project/Content/Characters/Mannequins/Rigs/Poses/Manny/Manny_lowerarm_r_anim.uasset" 3787
"../../../../../../shanshanye/Desktop/AI_final/GameAI-Final-Project/Content/Characters/Mannequins/Rigs/Poses/Manny/Manny_thigh_l_anim.uasset" 3788
"../../../../../../shanshanye/Desktop/AI_final/GameAI-Final-Project/Content/Characters/Mannequins/Rigs/Poses/Manny/Manny_thigh_r_anim.uasset" 3789
"../../../../../../shanshanye/Desktop/AI_final/GameAI-Final-Project/Content/Characters/Mannequins/Rigs/Poses/Manny/Manny_upperarm_l_anim.uasset" 3790
"../../../../../../shanshanye/Desktop/AI_final/GameAI-Final-Project/Content/Characters/Mannequins/Rigs/Poses/Manny/Manny_upperarm_r_anim.uasset" 3791
"/InterchangeAssets/gltf/MaterialInstances/MI_ClearCoat_Opaque" 3792
"../../Plugins/Interchange/Assets/Content/gltf/MaterialInstances/MI_ClearCoat_Opaque.uasset" 3793
"../../Plugins/Interchange/Assets/Content/gltf/M_ClearCoat.uasset" 3794
"../../../Engine/Content/Functions/Engine_MaterialFunctions01/Texturing/FlattenNormal.uasset" 3795
"../../../Engine/Content/Functions/Engine_MaterialFunctions03/Math/RemapValueRange.uasset" 3796
"../../Plugins/Interchange/Assets/Content/Functions/MF_Iridescence.uasset" 3797
"../../Plugins/Interchange/Assets/Content/gltf/MaterialBodies/MF_ClearCoat_Body.uasset" 3798
"../../Plugins/Interchange/Assets/Content/gltf/MaterialFunctions/MF_BaseColor.uasset" 3799
"../../Plugins/Interchange/Assets/Content/gltf/MaterialFunctions/MF_Clearcoat.uasset" 3800
"../../Plugins/Interchange/Assets/Content/gltf/MaterialFunctions/MF_Emissive.uasset" 3801
"../../Plugins/Interchange/Assets/Content/gltf/MaterialFunctions/MF_IOR.uasset" 3802
"../../Plugins/Interchange/Assets/Content/gltf/MaterialFunctions/MF_Iridescence.uasset" 3803
"../../Plugins/Interchange/Assets/Content/gltf/MaterialFunctions/MF_MetallicRoughness.uasset" 3804
"../../Plugins/Interchange/Assets/Content/gltf/MaterialFunctions/MF_Normals.uasset" 3805
"../../Plugins/Interchange/Assets/Content/gltf/MaterialFunctions/MF_Occlusion.uasset" 3806
"../../Plugins/Interchange/Assets/Content/gltf/MaterialFunctions/MF_RotateNormals_TS.uasset" 3807
"../../Plugins/Interchange/Assets/Content/gltf/MaterialFunctions/MF_RotateV2.uasset" 3808
"../../Plugins/Interchange/Assets/Content/gltf/MaterialFunctions/MF_ScaleNormal.uasset" 3809
"../../Plugins/Interchange/Assets/Content/gltf/MaterialFunctions/MF_Specular.uasset" 3810
"../../Plugins/Interchange/Assets/Content/gltf/MaterialFunctions/MF_SpecularAnisotropy.uasset" 3811
"../../Plugins/Interchange/Assets/Content/gltf/MaterialFunctions/MF_TransformUVs.uasset" 3812
"../../Plugins/Interchange/Assets/Content/gltf/Textures/T_Anisotropy_Direction_Linear.uasset" 3813
"../../Plugins/Interchange/Assets/Content/gltf/Textures/T_Generic_N.uasset" 3814
"../../Plugins/Interchange/Assets/Content/gltf/Textures/T_White_Linear.uasset" 3815
"../../Plugins/Interchange/Assets/Content/gltf/Textures/T_White_srgb.uasset" 3816
"../../Plugins/Interchange/Assets/Content/Utilities/New_LUT.uasset" 3817
"../../Plugins/Interchange/Assets/Content/Functions/MF_IridescenceNoLUT.uasset" 3818
"/InterchangeAssets/gltf/MaterialInstances/MI_ClearCoat_Mask" 3819
"../../Plugins/Interchange/Assets/Content/gltf/MaterialInstances/MI_ClearCoat_Mask.uasset" 3820
"/InterchangeAssets/gltf/MaterialInstances/MI_ClearCoat_Blend" 3821
"../../Plugins/Interchange/Assets/Content/gltf/MaterialInstances/MI_ClearCoat_Blend.uasset" 3822
"/InterchangeAssets/gltf/MaterialInstances/MI_ClearCoat_Opaque_DS" 3823
"../../Plugins/Interchange/Assets/Content/gltf/MaterialInstances/MI_ClearCoat_Opaque_DS.uasset" 3824
"/InterchangeAssets/gltf/MaterialInstances/MI_ClearCoat_Mask_DS" 3825
"../../Plugins/Interchange/Assets/Content/gltf/MaterialInstances/MI_ClearCoat_Mask_DS.uasset" 3826
"/InterchangeAssets/gltf/MaterialInstances/MI_ClearCoat_Blend_DS" 3827
"../../Plugins/Interchange/Assets/Content/gltf/MaterialInstances/MI_ClearCoat_Blend_DS.uasset" 3828
"/InterchangeAssets/gltf/MaterialInstances/MI_Default_Opaque" 3829
"../../Plugins/Interchange/Assets/Content/gltf/MaterialInstances/MI_Default_Opaque.uasset" 3830
"../../Plugins/Interchange/Assets/Content/gltf/M_Default.uasset" 3831
"../../Plugins/Interchange/Assets/Content/gltf/MaterialBodies/MF_Default_Body.uasset" 3832
"/InterchangeAssets/gltf/MaterialInstances/MI_Default_Mask" 3833
"../../Plugins/Interchange/Assets/Content/gltf/MaterialInstances/MI_Default_Mask.uasset" 3834
"/InterchangeAssets/gltf/MaterialInstances/MI_Default_Blend" 3835
"../../Plugins/Interchange/Assets/Content/gltf/MaterialInstances/MI_Default_Blend.uasset" 3836
"/InterchangeAssets/gltf/MaterialInstances/MI_Default_Opaque_DS" 3837
"../../Plugins/Interchange/Assets/Content/gltf/MaterialInstances/MI_Default_Opaque_DS.uasset" 3838
"../../../Engine/Plugins/Interchange/Assets/Shaders/ThinFilmFunctions.usf" 3839
"../../../Engine/Plugins/Interchange/Assets/Content/gltf/MaterialInstances/MI_SpecularGlossiness_Opaque.uasset" 3840
"../../../Engine/Plugins/Interchange/Assets/Content/gltf/MaterialInstances/MI_Sheen_Opaque.uasset" 3841
"../../../Engine/Plugins/Interchange/Assets/Content/gltf/MaterialInstances/MI_Sheen_Mask.uasset" 3842
"../../../Engine/Plugins/Interchange/Assets/Content/gltf/MaterialInstances/MI_SpecularGlossiness_Blend.uasset" 3843
"../../../Engine/Plugins/Interchange/Assets/Content/gltf/MaterialInstances/MI_SpecularGlossiness_Mask.uasset" 3844
"../../../Engine/Plugins/Interchange/Assets/Content/gltf/MaterialInstances/MI_Transmission.uasset" 3845
"../../../Engine/Plugins/Interchange/Assets/Content/gltf/MaterialInstances/MI_Sheen_Blend.uasset" 3846
"../../../Engine/Plugins/Interchange/Assets/Content/gltf/MaterialInstances/MI_Default_Mask_DS.uasset" 3847
"../../../Engine/Plugins/Interchange/Assets/Content/gltf/MaterialInstances/MI_Default_Blend_DS.uasset" 3848
"../../../Engine/Plugins/Interchange/Assets/Content/gltf/MaterialInstances/MI_Sheen_Mask_DS.uasset" 3849
"../../../Engine/Plugins/Interchange/Assets/Content/gltf/MaterialInstances/MI_Sheen_Opaque_DS.uasset" 3850
"/InterchangeAssets/gltf/M_Sheen" 3851
"../../../Engine/Plugins/Interchange/Assets/Content/gltf/MaterialInstances/MI_Sheen_Blend_DS.uasset" 3852
"../../../Engine/Plugins/Interchange/Assets/Content/gltf/MaterialInstances/MI_SpecularGlossiness_Opaque_DS.uasset" 3853
"../../../Engine/Plugins/Interchange/Assets/Content/gltf/MaterialInstances/MI_Transmission_DS.uasset" 3854
"../../../Engine/Plugins/Interchange/Assets/Content/gltf/MaterialInstances/MI_SpecularGlossiness_Blend_DS.uasset" 3855
"../../../Engine/Plugins/Interchange/Assets/Content/gltf/MaterialInstances/MI_SpecularGlossiness_Mask_DS.uasset" 3856
"../../Plugins/Interchange/Assets/Content/gltf/M_Sheen.uasset" 3857
"../../Plugins/Interchange/Assets/Content/gltf/MaterialBodies/MF_Sheen_Body.uasset" 3858
"../../Plugins/Interchange/Assets/Content/gltf/MaterialFunctions/MF_Sheen.uasset" 3859
"/InterchangeAssets/gltf/M_Transmission" 3860
"../../Plugins/Interchange/Assets/Content/gltf/M_Transmission.uasset" 3861
"../../../Engine/Content/Functions/Engine_MaterialFunctions02/Texturing/ScreenAlignedPixelToPixelUVs.uasset" 3862
"../../Plugins/Interchange/Assets/Content/gltf/MaterialBodies/MF_Transmission_Body.uasset" 3863
"../../Plugins/Interchange/Assets/Content/gltf/MaterialFunctions/MF_Fresnel_DS.uasset" 3864
"../../Plugins/Interchange/Assets/Content/gltf/MaterialFunctions/MF_Temporal_Blur.uasset" 3865
"../../Plugins/Interchange/Assets/Content/gltf/MaterialFunctions/MF_Transmission.uasset" 3866
"/InterchangeAssets/gltf/M_SpecularGlossiness" 3867
"../../Plugins/Interchange/Assets/Content/gltf/M_SpecularGlossiness.uasset" 3868
"../../../Engine/Content/Functions/Engine_MaterialFunctions02/Math/AddComponents.uasset" 3869
"../../Plugins/Interchange/Assets/Content/gltf/MaterialBodies/MF_SpecularGlossiness_Body.uasset" 3870
"../../Plugins/Interchange/Assets/Content/gltf/MaterialFunctions/MF_DiffuseSpecGloss.uasset" 3871
"../../Plugins/Interchange/Assets/Content/gltf/MaterialFunctions/MF_MaxComponentValue.uasset" 3872
"../../Plugins/Interchange/Assets/Content/gltf/MaterialFunctions/MF_PerceivedBrightness.uasset" 3873
"../../Plugins/Interchange/Assets/Content/gltf/MaterialFunctions/MF_SpecGlossToMetalRoughness.uasset" 3874
"/InterchangeAssets/gltf/MaterialInstances/MI_Unlit_Opaque" 3875
"../../Plugins/Interchange/Assets/Content/gltf/MaterialInstances/MI_Unlit_Opaque.uasset" 3876
"../../Plugins/Interchange/Assets/Content/gltf/M_Unlit.uasset" 3877
"../../Plugins/Interchange/Assets/Content/gltf/MaterialBodies/MF_Unlit_Body.uasset" 3878
"/InterchangeAssets/gltf/MaterialInstances/MI_Unlit_Mask" 3879
"../../Plugins/Interchange/Assets/Content/gltf/MaterialInstances/MI_Unlit_Mask.uasset" 3880
"/InterchangeAssets/gltf/MaterialInstances/MI_Unlit_Blend" 3881
"../../Plugins/Interchange/Assets/Content/gltf/MaterialInstances/MI_Unlit_Blend.uasset" 3882
"/InterchangeAssets/gltf/MaterialInstances/MI_Unlit_Opaque_DS" 3883
"../../Plugins/Interchange/Assets/Content/gltf/MaterialInstances/MI_Unlit_Opaque_DS.uasset" 3884
"/InterchangeAssets/gltf/MaterialInstances/MI_Unlit_Mask_DS" 3885
"../../Plugins/Interchange/Assets/Content/gltf/MaterialInstances/MI_Unlit_Mask_DS.uasset" 3886
"/InterchangeAssets/gltf/MaterialInstances/MI_Unlit_Blend_DS" 3887
"../../Plugins/Interchange/Assets/Content/gltf/MaterialInstances/MI_Unlit_Blend_DS.uasset" 3888
"/InterchangeAssets/Functions/MX_OpenPBR_Translucent" 3889
"../../Plugins/Interchange/Assets/Content/Functions/MX_OpenPBR_Translucent.uasset" 3890
"../../Plugins/Interchange/Assets/Content/Functions/MX_TransmissionSurface.uasset" 3891
"../../Plugins/Interchange/Assets/Content/Functions/MX_StandardSurface.uasset" 3892
"../../Plugins/Interchange/Assets/Content/Functions/MX_Transmission.uasset" 3893
"../../../Engine/Content/Functions/Substrate/MF_SchlickInternal.uasset" 3894
"../../Plugins/Interchange/Assets/Content/Functions/MF_OrenNayerView.uasset" 3895
"../../../Engine/Content/Functions/Engine_MaterialFunctions01/Volumetrics/BeersLaw.uasset" 3896
"/InterchangeAssets/gltf/MaterialInstances/MI_Sheen_Opaque" 3897
"../../Plugins/Interchange/Assets/Content/gltf/MaterialInstances/MI_Sheen_Opaque.uasset" 3898
"/InterchangeAssets/gltf/MaterialInstances/MI_Sheen_Mask" 3899
"../../Plugins/Interchange/Assets/Content/gltf/MaterialInstances/MI_Sheen_Mask.uasset" 3900
"/InterchangeAssets/gltf/MaterialInstances/MI_Sheen_Blend" 3901
"../../Plugins/Interchange/Assets/Content/gltf/MaterialInstances/MI_Sheen_Blend.uasset" 3902
"/InterchangeAssets/gltf/MaterialInstances/MI_Transmission" 3903
"../../Plugins/Interchange/Assets/Content/gltf/MaterialInstances/MI_Transmission.uasset" 3904
"/InterchangeAssets/gltf/MaterialInstances/MI_SpecularGlossiness_Opaque" 3905
"../../Plugins/Interchange/Assets/Content/gltf/MaterialInstances/MI_SpecularGlossiness_Opaque.uasset" 3906
"/InterchangeAssets/gltf/MaterialInstances/MI_SpecularGlossiness_Mask" 3907
"../../Plugins/Interchange/Assets/Content/gltf/MaterialInstances/MI_SpecularGlossiness_Mask.uasset" 3908
"/InterchangeAssets/gltf/MaterialInstances/MI_SpecularGlossiness_Blend" 3909
"../../Plugins/Interchange/Assets/Content/gltf/MaterialInstances/MI_SpecularGlossiness_Blend.uasset" 3910
"/InterchangeAssets/gltf/MaterialInstances/MI_Default_Mask_DS" 3911
"../../Plugins/Interchange/Assets/Content/gltf/MaterialInstances/MI_Default_Mask_DS.uasset" 3912
"/InterchangeAssets/gltf/MaterialInstances/MI_Default_Blend_DS" 3913
"../../Plugins/Interchange/Assets/Content/gltf/MaterialInstances/MI_Default_Blend_DS.uasset" 3914
"/InterchangeAssets/gltf/MaterialInstances/MI_Sheen_Opaque_DS" 3915
"../../Plugins/Interchange/Assets/Content/gltf/MaterialInstances/MI_Sheen_Opaque_DS.uasset" 3916
"/InterchangeAssets/gltf/MaterialInstances/MI_Sheen_Mask_DS" 3917
"../../Plugins/Interchange/Assets/Content/gltf/MaterialInstances/MI_Sheen_Mask_DS.uasset" 3918
"/InterchangeAssets/gltf/MaterialInstances/MI_Sheen_Blend_DS" 3919
"../../Plugins/Interchange/Assets/Content/gltf/MaterialInstances/MI_Sheen_Blend_DS.uasset" 3920
"/InterchangeAssets/gltf/MaterialInstances/MI_Transmission_DS" 3921
"../../Plugins/Interchange/Assets/Content/gltf/MaterialInstances/MI_Transmission_DS.uasset" 3922
"/InterchangeAssets/gltf/MaterialInstances/MI_SpecularGlossiness_Opaque_DS" 3923
"../../Plugins/Interchange/Assets/Content/gltf/MaterialInstances/MI_SpecularGlossiness_Opaque_DS.uasset" 3924
"/InterchangeAssets/gltf/MaterialInstances/MI_SpecularGlossiness_Mask_DS" 3925
"../../Plugins/Interchange/Assets/Content/gltf/MaterialInstances/MI_SpecularGlossiness_Mask_DS.uasset" 3926
"/InterchangeAssets/gltf/MaterialInstances/MI_SpecularGlossiness_Blend_DS" 3927
"../../Plugins/Interchange/Assets/Content/gltf/MaterialInstances/MI_SpecularGlossiness_Blend_DS.uasset" 3928
"/InterchangeAssets/Functions/MX_OpenPBR_Opaque" 3929
"../../Plugins/Interchange/Assets/Content/Functions/MX_OpenPBR_Opaque.uasset" 3930
"/Game/Maps/TheKillingHour" 3931
"../../../../../../shanshanye/Desktop/AI_final/GameAI-Final-Project/Content/Maps/TheKillingHour.umap" 3932
"../../../../../../shanshanye/Desktop/AI_final/GameAI-Final-Project/Content/__ExternalActors__/Maps/TheKillingHour/8/12/YZSMO4B144XT1W8E51D0QM.uasset" 3933
"/ControlRig/Controls/ControlRig_Sphere_solid" 3934
"../../Plugins/Animation/ControlRig/Content/Controls/ControlRig_Sphere_solid.uasset" 3935
"/ControlRig/Controls/ControlRig_Arrow2_1mm" 3936
"../../Plugins/Animation/ControlRig/Content/Controls/ControlRig_Arrow2_1mm.uasset" 3937
"/ControlRig/Controls/ControlRig_Arrow2_3mm" 3938
"../../Plugins/Animation/ControlRig/Content/Controls/ControlRig_Arrow2_3mm.uasset" 3939
"/ControlRig/Controls/ControlRig_Arrow2_solid" 3940
"../../Plugins/Animation/ControlRig/Content/Controls/ControlRig_Arrow2_solid.uasset" 3941
"/ControlRig/Controls/ControlRig_Arrow4_1mm" 3942
"../../Plugins/Animation/ControlRig/Content/Controls/ControlRig_Arrow4_1mm.uasset" 3943
"/Game/__ExternalActors__/Maps/TheKillingHour/0/0T/5ZTIKNIFY2HU185ZE0OCHD" 3944
"../../../../../../shanshanye/Desktop/AI_final/GameAI-Final-Project/Content/__ExternalActors__/Maps/TheKillingHour/0/0T/5ZTIKNIFY2HU185ZE0OCHD.uasset" 3945
"/Game/__ExternalActors__/Maps/TheKillingHour/0/30/BWKOOGW73QJRORMVNJI17J" 3946
"../../../../../../shanshanye/Desktop/AI_final/GameAI-Final-Project/Content/__ExternalActors__/Maps/TheKillingHour/0/30/BWKOOGW73QJRORMVNJI17J.uasset" 3947
"/Game/__ExternalActors__/Maps/TheKillingHour/0/4Q/SWJ1H9ZXE7CLD257UPT86F" 3948
"../../../../../../shanshanye/Desktop/AI_final/GameAI-Final-Project/Content/__ExternalActors__/Maps/TheKillingHour/0/4Q/SWJ1H9ZXE7CLD257UPT86F.uasset" 3949
"/Game/__ExternalActors__/Maps/TheKillingHour/0/69/G4DQH3P781191TIBNX8VFK" 3950
"../../../../../../shanshanye/Desktop/AI_final/GameAI-Final-Project/Content/__ExternalActors__/Maps/TheKillingHour/0/69/G4DQH3P781191TIBNX8VFK.uasset" 3951
"/Game/__ExternalActors__/Maps/TheKillingHour/0/6I/0N409EFKX1E4FGMZNI8M4Q" 3952
"../../../../../../shanshanye/Desktop/AI_final/GameAI-Final-Project/Content/__ExternalActors__/Maps/TheKillingHour/0/6I/0N409EFKX1E4FGMZNI8M4Q.uasset" 3953
"/Game/__ExternalActors__/Maps/TheKillingHour/0/6N/51R75MYR8TUG4AHZBBG4QJ" 3954
"../../../../../../shanshanye/Desktop/AI_final/GameAI-Final-Project/Content/__ExternalActors__/Maps/TheKillingHour/0/6N/51R75MYR8TUG4AHZBBG4QJ.uasset" 3955
"/Game/__ExternalActors__/Maps/TheKillingHour/0/70/CAPW2STFA1U42I29A51C6V" 3956
"../../../../../../shanshanye/Desktop/AI_final/GameAI-Final-Project/Content/__ExternalActors__/Maps/TheKillingHour/0/70/CAPW2STFA1U42I29A51C6V.uasset" 3957
"/Game/__ExternalActors__/Maps/TheKillingHour/0/8K/V041MOOBZS8L4G2IEVZG77" 3958
"../../../../../../shanshanye/Desktop/AI_final/GameAI-Final-Project/Content/__ExternalActors__/Maps/TheKillingHour/0/8K/V041MOOBZS8L4G2IEVZG77.uasset" 3959
"/Game/__ExternalActors__/Maps/TheKillingHour/E/I7/QHHA015AI470YKYHLO5MP2" 3960
"../../../../../../shanshanye/Desktop/AI_final/GameAI-Final-Project/Content/__ExternalActors__/Maps/TheKillingHour/E/I7/QHHA015AI470YKYHLO5MP2.uasset" 3961
"/Game/__ExternalActors__/Maps/TheKillingHour/0/8O/EV76MZNWSNSYHQZKSSHU2B" 3962
"../../../../../../shanshanye/Desktop/AI_final/GameAI-Final-Project/Content/__ExternalActors__/Maps/TheKillingHour/0/8O/EV76MZNWSNSYHQZKSSHU2B.uasset" 3963
"../../../../../../shanshanye/Desktop/AI_final/GameAI-Final-Project/Content/Grid/BP_GridActor.uasset" 3964
"../../../../../../shanshanye/Desktop/AI_final/GameAI-Final-Project/Content/Grid/Debug/GridDebugMaterial.uasset" 3965
"/Game/__ExternalActors__/Maps/TheKillingHour/0/8U/R5G3DO92ZRA9OQTDEP0WNJ" 3966
"../../../../../../shanshanye/Desktop/AI_final/GameAI-Final-Project/Content/__ExternalActors__/Maps/TheKillingHour/0/8U/R5G3DO92ZRA9OQTDEP0WNJ.uasset" 3967
"/Game/__ExternalActors__/Maps/TheKillingHour/0/94/WEX69AUG16R2T1WAED1G8J" 3968
"../../../../../../shanshanye/Desktop/AI_final/GameAI-Final-Project/Content/__ExternalActors__/Maps/TheKillingHour/0/94/WEX69AUG16R2T1WAED1G8J.uasset" 3969
"/Game/__ExternalActors__/Maps/TheKillingHour/0/AL/L8DQKYFCCAJPCTHRC4JKMJ" 3970
"../../../../../../shanshanye/Desktop/AI_final/GameAI-Final-Project/Content/__ExternalActors__/Maps/TheKillingHour/0/AL/L8DQKYFCCAJPCTHRC4JKMJ.uasset" 3971
"/Game/__ExternalActors__/Maps/TheKillingHour/0/B2/3IKZWY8XEWFAACDYQKE6Z4" 3972
"../../../../../../shanshanye/Desktop/AI_final/GameAI-Final-Project/Content/__ExternalActors__/Maps/TheKillingHour/0/B2/3IKZWY8XEWFAACDYQKE6Z4.uasset" 3973
"/Game/__ExternalActors__/Maps/TheKillingHour/0/BE/WA4ZDQB3PQIWLPYIQ02MG1" 3974
"../../../../../../shanshanye/Desktop/AI_final/GameAI-Final-Project/Content/__ExternalActors__/Maps/TheKillingHour/0/BE/WA4ZDQB3PQIWLPYIQ02MG1.uasset" 3975
"/Game/__ExternalActors__/Maps/TheKillingHour/0/CN/K59RUPS0J7RJ7SKZPTBT8F" 3976
"../../../../../../shanshanye/Desktop/AI_final/GameAI-Final-Project/Content/__ExternalActors__/Maps/TheKillingHour/0/CN/K59RUPS0J7RJ7SKZPTBT8F.uasset" 3977
"../../../../../../shanshanye/Desktop/AI_final/GameAI-Final-Project/Content/LevelPrototyping/Meshes/SM_Cube.uasset" 3978
"../../../../../../shanshanye/Desktop/AI_final/GameAI-Final-Project/Content/LevelPrototyping/Materials/MI_PrototypeGrid_Gray.uasset" 3979
"../../../../../../shanshanye/Desktop/AI_final/GameAI-Final-Project/Content/LevelPrototyping/Materials/M_PrototypeGrid.uasset" 3980
"../../../Engine/Content/Functions/Engine_MaterialFunctions01/Gradient/LinearGradient.uasset" 3981
"../../../Engine/Content/Functions/Engine_MaterialFunctions01/ImageAdjustment/CheapContrast.uasset" 3982
"../../../../../../shanshanye/Desktop/AI_final/GameAI-Final-Project/Content/LevelPrototyping/Materials/MF_ProcGrid.uasset" 3983
"../../../../../../shanshanye/Desktop/AI_final/GameAI-Final-Project/Content/LevelPrototyping/Textures/T_GridChecker_A.uasset" 3984
"/Game/__ExternalActors__/Maps/TheKillingHour/0/EX/IOYIQ8BSQBYFBFIQH7ZOF2" 3985
"../../../../../../shanshanye/Desktop/AI_final/GameAI-Final-Project/Content/__ExternalActors__/Maps/TheKillingHour/0/EX/IOYIQ8BSQBYFBFIQH7ZOF2.uasset" 3986
"/Game/__ExternalActors__/Maps/TheKillingHour/0/EZ/AH0IE2BZKRSU8ZADUZPQS1" 3987
"../../../../../../shanshanye/Desktop/AI_final/GameAI-Final-Project/Content/__ExternalActors__/Maps/TheKillingHour/0/EZ/AH0IE2BZKRSU8ZADUZPQS1.uasset" 3988
"/Game/__ExternalActors__/Maps/TheKillingHour/0/EZ/JVNT149ZCRNH0UI3EII3K2" 3989
"../../../../../../shanshanye/Desktop/AI_final/GameAI-Final-Project/Content/__ExternalActors__/Maps/TheKillingHour/0/EZ/JVNT149ZCRNH0UI3EII3K2.uasset" 3990
"/Game/__ExternalActors__/Maps/TheKillingHour/0/FD/AT3BZINV5KP58TWOJ39872" 3991
"../../../../../../shanshanye/Desktop/AI_final/GameAI-Final-Project/Content/__ExternalActors__/Maps/TheKillingHour/0/FD/AT3BZINV5KP58TWOJ39872.uasset" 3992
"/Game/__ExternalActors__/Maps/TheKillingHour/0/FM/16EX2376K1JXPRL4XP966Z" 3993
"../../../../../../shanshanye/Desktop/AI_final/GameAI-Final-Project/Content/__ExternalActors__/Maps/TheKillingHour/0/FM/16EX2376K1JXPRL4XP966Z.uasset" 3994
"/Game/__ExternalActors__/Maps/TheKillingHour/0/G2/0ZTSOWHFYR5VZ9C20LI0PU" 3995
"../../../../../../shanshanye/Desktop/AI_final/GameAI-Final-Project/Content/__ExternalActors__/Maps/TheKillingHour/0/G2/0ZTSOWHFYR5VZ9C20LI0PU.uasset" 3996
"/Game/__ExternalActors__/Maps/TheKillingHour/0/GF/WG6WP2HQWINNUXN4U8B2GM" 3997
"../../../../../../shanshanye/Desktop/AI_final/GameAI-Final-Project/Content/__ExternalActors__/Maps/TheKillingHour/0/GF/WG6WP2HQWINNUXN4U8B2GM.uasset" 3998
"/Game/__ExternalActors__/Maps/TheKillingHour/0/HC/C5CUJ529A9DNPFLXXI9OYU" 3999
"../../../../../../shanshanye/Desktop/AI_final/GameAI-Final-Project/Content/__ExternalActors__/Maps/TheKillingHour/0/HC/C5CUJ529A9DNPFLXXI9OYU.uasset" 4000
"/Game/__ExternalActors__/Maps/TheKillingHour/0/HK/E2872NSGOT9Q73QX0U5WJX" 4001
"../../../../../../shanshanye/Desktop/AI_final/GameAI-Final-Project/Content/__ExternalActors__/Maps/TheKillingHour/0/HK/E2872NSGOT9Q73QX0U5WJX.uasset" 4002
"/Game/__ExternalActors__/Maps/TheKillingHour/0/J9/LDHO7H4AHQERV9Q6M7QI12" 4003
"../../../../../../shanshanye/Desktop/AI_final/GameAI-Final-Project/Content/__ExternalActors__/Maps/TheKillingHour/0/J9/LDHO7H4AHQERV9Q6M7QI12.uasset" 4004
"/Game/__ExternalActors__/Maps/TheKillingHour/0/JI/BSJ1CZ21APQR2BRPEBRJZM" 4005
"../../../../../../shanshanye/Desktop/AI_final/GameAI-Final-Project/Content/__ExternalActors__/Maps/TheKillingHour/0/JI/BSJ1CZ21APQR2BRPEBRJZM.uasset" 4006
"/Game/__ExternalActors__/Maps/TheKillingHour/0/L9/HN17TOR88U90Z96CWGC7BE" 4007
"../../../../../../shanshanye/Desktop/AI_final/GameAI-Final-Project/Content/__ExternalActors__/Maps/TheKillingHour/0/L9/HN17TOR88U90Z96CWGC7BE.uasset" 4008
"/Game/__ExternalActors__/Maps/TheKillingHour/0/L9/KJ6X35NBHY9Y6KCTLEV56L" 4009
"../../../../../../shanshanye/Desktop/AI_final/GameAI-Final-Project/Content/__ExternalActors__/Maps/TheKillingHour/0/L9/KJ6X35NBHY9Y6KCTLEV56L.uasset" 4010
"/Game/__ExternalActors__/Maps/TheKillingHour/0/LX/HSLL70KDB1J9M4GJV5UA8T" 4011
"../../../../../../shanshanye/Desktop/AI_final/GameAI-Final-Project/Content/__ExternalActors__/Maps/TheKillingHour/0/LX/HSLL70KDB1J9M4GJV5UA8T.uasset" 4012
"/Game/__ExternalActors__/Maps/TheKillingHour/0/NC/KX67OLW6VRBN7B9KUOB4DJ" 4013
"../../../../../../shanshanye/Desktop/AI_final/GameAI-Final-Project/Content/__ExternalActors__/Maps/TheKillingHour/0/NC/KX67OLW6VRBN7B9KUOB4DJ.uasset" 4014
"/Game/__ExternalActors__/Maps/TheKillingHour/0/NK/L7Z9598LGTNN7DPL3AW830" 4015
"../../../../../../shanshanye/Desktop/AI_final/GameAI-Final-Project/Content/__ExternalActors__/Maps/TheKillingHour/0/NK/L7Z9598LGTNN7DPL3AW830.uasset" 4016
"/Game/__ExternalActors__/Maps/TheKillingHour/0/P1/7U178DFMXBU96IX3XBBAAM" 4017
"../../../../../../shanshanye/Desktop/AI_final/GameAI-Final-Project/Content/__ExternalActors__/Maps/TheKillingHour/0/P1/7U178DFMXBU96IX3XBBAAM.uasset" 4018
"/Game/__ExternalActors__/Maps/TheKillingHour/0/P1/NBWYE8SU3PM27KG4WXCWV5" 4019
"../../../../../../shanshanye/Desktop/AI_final/GameAI-Final-Project/Content/__ExternalActors__/Maps/TheKillingHour/0/P1/NBWYE8SU3PM27KG4WXCWV5.uasset" 4020
"/Game/__ExternalActors__/Maps/TheKillingHour/0/PV/OWHMPB4HEMEWL6DK82NHLJ" 4021
"../../../../../../shanshanye/Desktop/AI_final/GameAI-Final-Project/Content/__ExternalActors__/Maps/TheKillingHour/0/PV/OWHMPB4HEMEWL6DK82NHLJ.uasset" 4022
"/Game/__ExternalActors__/Maps/TheKillingHour/0/Q3/YNCPB29ABNO79USDJXG8OC" 4023
"../../../../../../shanshanye/Desktop/AI_final/GameAI-Final-Project/Content/__ExternalActors__/Maps/TheKillingHour/0/Q3/YNCPB29ABNO79USDJXG8OC.uasset" 4024
"/Game/__ExternalActors__/Maps/TheKillingHour/0/RQ/BQF51X3PFTI7OXZ1DYMVMI" 4025
"../../../../../../shanshanye/Desktop/AI_final/GameAI-Final-Project/Content/__ExternalActors__/Maps/TheKillingHour/0/RQ/BQF51X3PFTI7OXZ1DYMVMI.uasset" 4026
"/Game/__ExternalActors__/Maps/TheKillingHour/0/TK/T1P0JXN68NQ291A76Q62DZ" 4027
"../../../../../../shanshanye/Desktop/AI_final/GameAI-Final-Project/Content/__ExternalActors__/Maps/TheKillingHour/0/TK/T1P0JXN68NQ291A76Q62DZ.uasset" 4028
"/Game/__ExternalActors__/Maps/TheKillingHour/0/UN/OV1DU1OTYZBLXPICNJ4MQI" 4029
"../../../../../../shanshanye/Desktop/AI_final/GameAI-Final-Project/Content/__ExternalActors__/Maps/TheKillingHour/0/UN/OV1DU1OTYZBLXPICNJ4MQI.uasset" 4030
"/Game/__ExternalActors__/Maps/TheKillingHour/0/UX/WBP22CTEL11T2616R1WEPZ" 4031
"../../../../../../shanshanye/Desktop/AI_final/GameAI-Final-Project/Content/__ExternalActors__/Maps/TheKillingHour/0/UX/WBP22CTEL11T2616R1WEPZ.uasset" 4032
"/Game/__ExternalActors__/Maps/TheKillingHour/0/VP/Z7GPSYS3YHCJ3JVGWVHHFE" 4033
"../../../../../../shanshanye/Desktop/AI_final/GameAI-Final-Project/Content/__ExternalActors__/Maps/TheKillingHour/0/VP/Z7GPSYS3YHCJ3JVGWVHHFE.uasset" 4034
"/Game/__ExternalActors__/Maps/TheKillingHour/0/ZK/JAYKHBBPFHIJ6WIC24KZOC" 4035
"../../../../../../shanshanye/Desktop/AI_final/GameAI-Final-Project/Content/__ExternalActors__/Maps/TheKillingHour/0/ZK/JAYKHBBPFHIJ6WIC24KZOC.uasset" 4036
"/Game/__ExternalActors__/Maps/TheKillingHour/1/0I/VSW4L3SRGBWVKVQ4RGXRB9" 4037
"../../../../../../shanshanye/Desktop/AI_final/GameAI-Final-Project/Content/__ExternalActors__/Maps/TheKillingHour/1/0I/VSW4L3SRGBWVKVQ4RGXRB9.uasset" 4038
"/Game/__ExternalActors__/Maps/TheKillingHour/F/3X/DNVMNFOZ5PI78X4KY9LG2N" 4039
"../../../../../../shanshanye/Desktop/AI_final/GameAI-Final-Project/Content/__ExternalActors__/Maps/TheKillingHour/F/3X/DNVMNFOZ5PI78X4KY9LG2N.uasset" 4040
"/Game/__ExternalActors__/Maps/TheKillingHour/8/4W/99L7IHSUW3KC0DDO4B5MYN" 4041
"../../../../../../shanshanye/Desktop/AI_final/GameAI-Final-Project/Content/__ExternalActors__/Maps/TheKillingHour/8/4W/99L7IHSUW3KC0DDO4B5MYN.uasset" 4042
"/Game/__ExternalActors__/Maps/TheKillingHour/7/KK/YFJM9G0SJUJ80K7WA9PHQD" 4043
"../../../../../../shanshanye/Desktop/AI_final/GameAI-Final-Project/Content/__ExternalActors__/Maps/TheKillingHour/7/KK/YFJM9G0SJUJ80K7WA9PHQD.uasset" 4044
"/Game/__ExternalActors__/Maps/TheKillingHour/5/E4/U4MT336PAX0CRGNCA5SNBA" 4045
"../../../../../../shanshanye/Desktop/AI_final/GameAI-Final-Project/Content/__ExternalActors__/Maps/TheKillingHour/5/E4/U4MT336PAX0CRGNCA5SNBA.uasset" 4046
"/Game/__ExternalActors__/Maps/TheKillingHour/2/KM/F358EAZHF1CTRPLYRRI5P3" 4047
"../../../../../../shanshanye/Desktop/AI_final/GameAI-Final-Project/Content/__ExternalActors__/Maps/TheKillingHour/2/KM/F358EAZHF1CTRPLYRRI5P3.uasset" 4048
"/Game/__ExternalActors__/Maps/TheKillingHour/1/QS/4QV9EPI6I3WL5U4LPALR68" 4049
"../../../../../../shanshanye/Desktop/AI_final/GameAI-Final-Project/Content/__ExternalActors__/Maps/TheKillingHour/1/QS/4QV9EPI6I3WL5U4LPALR68.uasset" 4050
"/Game/__ExternalActors__/Maps/TheKillingHour/1/0T/7KV7M1290AA98XREZO96VQ" 4051
"../../../../../../shanshanye/Desktop/AI_final/GameAI-Final-Project/Content/__ExternalActors__/Maps/TheKillingHour/1/0T/7KV7M1290AA98XREZO96VQ.uasset" 4052
"/Game/__ExternalActors__/Maps/TheKillingHour/1/1B/0UDW8G0RM5N47300MG345W" 4053
"../../../../../../shanshanye/Desktop/AI_final/GameAI-Final-Project/Content/__ExternalActors__/Maps/TheKillingHour/1/1B/0UDW8G0RM5N47300MG345W.uasset" 4054
"/Game/__ExternalActors__/Maps/TheKillingHour/1/1S/KV0055R0L67QHCDFX7F9W6" 4055
"../../../../../../shanshanye/Desktop/AI_final/GameAI-Final-Project/Content/__ExternalActors__/Maps/TheKillingHour/1/1S/KV0055R0L67QHCDFX7F9W6.uasset" 4056
"/Game/__ExternalActors__/Maps/TheKillingHour/1/75/Q1HX2F75PXHA6ZVFMU0QAS" 4057
"../../../../../../shanshanye/Desktop/AI_final/GameAI-Final-Project/Content/__ExternalActors__/Maps/TheKillingHour/1/75/Q1HX2F75PXHA6ZVFMU0QAS.uasset" 4058
"/Game/__ExternalActors__/Maps/TheKillingHour/1/7W/YLFPA71BQIAKD3IGB9EEX9" 4059
"../../../../../../shanshanye/Desktop/AI_final/GameAI-Final-Project/Content/__ExternalActors__/Maps/TheKillingHour/1/7W/YLFPA71BQIAKD3IGB9EEX9.uasset" 4060
"/Game/__ExternalActors__/Maps/TheKillingHour/1/8S/LEC2X7MQ77TNCQS2XRLJ6X" 4061
"../../../../../../shanshanye/Desktop/AI_final/GameAI-Final-Project/Content/__ExternalActors__/Maps/TheKillingHour/1/8S/LEC2X7MQ77TNCQS2XRLJ6X.uasset" 4062
"/Game/__ExternalActors__/Maps/TheKillingHour/1/AA/216YZ5T6S79ZRASXQLRUOQ" 4063
"../../../../../../shanshanye/Desktop/AI_final/GameAI-Final-Project/Content/__ExternalActors__/Maps/TheKillingHour/1/AA/216YZ5T6S79ZRASXQLRUOQ.uasset" 4064
"/Game/__ExternalActors__/Maps/TheKillingHour/1/AO/05BX3DY52Z0BP35Y6L48MS" 4065
"../../../../../../shanshanye/Desktop/AI_final/GameAI-Final-Project/Content/__ExternalActors__/Maps/TheKillingHour/1/AO/05BX3DY52Z0BP35Y6L48MS.uasset" 4066
"/Game/__ExternalActors__/Maps/TheKillingHour/1/AO/GVT33G5JQRBAP8YQ5FBGRA" 4067
"../../../../../../shanshanye/Desktop/AI_final/GameAI-Final-Project/Content/__ExternalActors__/Maps/TheKillingHour/1/AO/GVT33G5JQRBAP8YQ5FBGRA.uasset" 4068
"/Game/__ExternalActors__/Maps/TheKillingHour/1/C8/DMZ43WG0075GBD4KVC7T49" 4069
"../../../../../../shanshanye/Desktop/AI_final/GameAI-Final-Project/Content/__ExternalActors__/Maps/TheKillingHour/1/C8/DMZ43WG0075GBD4KVC7T49.uasset" 4070
"/Game/__ExternalActors__/Maps/TheKillingHour/1/CE/AXKGF4DNK64OXMY14F6ASJ" 4071
"../../../../../../shanshanye/Desktop/AI_final/GameAI-Final-Project/Content/__ExternalActors__/Maps/TheKillingHour/1/CE/AXKGF4DNK64OXMY14F6ASJ.uasset" 4072
"/Game/__ExternalActors__/Maps/TheKillingHour/1/CG/SLNPGYK8B7DYMRCC0O9AWK" 4073
"../../../../../../shanshanye/Desktop/AI_final/GameAI-Final-Project/Content/__ExternalActors__/Maps/TheKillingHour/1/CG/SLNPGYK8B7DYMRCC0O9AWK.uasset" 4074
"/Game/__ExternalActors__/Maps/TheKillingHour/1/DT/2BLFE7M6HPV82O562B7MQW" 4075
"../../../../../../shanshanye/Desktop/AI_final/GameAI-Final-Project/Content/__ExternalActors__/Maps/TheKillingHour/1/DT/2BLFE7M6HPV82O562B7MQW.uasset" 4076
"/Game/__ExternalActors__/Maps/TheKillingHour/1/E1/LH515JT9OX74KI1IRROSH5" 4077
"../../../../../../shanshanye/Desktop/AI_final/GameAI-Final-Project/Content/__ExternalActors__/Maps/TheKillingHour/1/E1/LH515JT9OX74KI1IRROSH5.uasset" 4078
"/Game/__ExternalActors__/Maps/TheKillingHour/1/EI/Y7MCL9XCZCOF9GGE6D0XT6" 4079
"../../../../../../shanshanye/Desktop/AI_final/GameAI-Final-Project/Content/__ExternalActors__/Maps/TheKillingHour/1/EI/Y7MCL9XCZCOF9GGE6D0XT6.uasset" 4080
"/Game/__ExternalActors__/Maps/TheKillingHour/1/EN/67PQ0EI9CCR94P048JVYIV" 4081
"../../../../../../shanshanye/Desktop/AI_final/GameAI-Final-Project/Content/__ExternalActors__/Maps/TheKillingHour/1/EN/67PQ0EI9CCR94P048JVYIV.uasset" 4082
"/Game/__ExternalActors__/Maps/TheKillingHour/1/FE/N9U1AVOUSJ9DVV4HM4YEQS" 4083
"../../../../../../shanshanye/Desktop/AI_final/GameAI-Final-Project/Content/__ExternalActors__/Maps/TheKillingHour/1/FE/N9U1AVOUSJ9DVV4HM4YEQS.uasset" 4084
"/Game/__ExternalActors__/Maps/TheKillingHour/1/FY/PS6Z5IPYLZBWVPFKKI7A2P" 4085
"../../../../../../shanshanye/Desktop/AI_final/GameAI-Final-Project/Content/__ExternalActors__/Maps/TheKillingHour/1/FY/PS6Z5IPYLZBWVPFKKI7A2P.uasset" 4086
"/Game/__ExternalActors__/Maps/TheKillingHour/1/HZ/LTRQD8FI4E587SNNVS3UED" 4087
"../../../../../../shanshanye/Desktop/AI_final/GameAI-Final-Project/Content/__ExternalActors__/Maps/TheKillingHour/1/HZ/LTRQD8FI4E587SNNVS3UED.uasset" 4088
"/Game/__ExternalActors__/Maps/TheKillingHour/1/LI/KSBHD9OP2NH4EBYOJN1C04" 4089
"../../../../../../shanshanye/Desktop/AI_final/GameAI-Final-Project/Content/__ExternalActors__/Maps/TheKillingHour/1/LI/KSBHD9OP2NH4EBYOJN1C04.uasset" 4090
"/Game/__ExternalActors__/Maps/TheKillingHour/1/LQ/G8K10U3HF9DZ5O8JY4HHPB" 4091
"../../../../../../shanshanye/Desktop/AI_final/GameAI-Final-Project/Content/__ExternalActors__/Maps/TheKillingHour/1/LQ/G8K10U3HF9DZ5O8JY4HHPB.uasset" 4092
"/Game/__ExternalActors__/Maps/TheKillingHour/1/ND/PK158S86IKRVCDIBTG1NYT" 4093
"../../../../../../shanshanye/Desktop/AI_final/GameAI-Final-Project/Content/__ExternalActors__/Maps/TheKillingHour/1/ND/PK158S86IKRVCDIBTG1NYT.uasset" 4094
"/Game/__ExternalActors__/Maps/TheKillingHour/1/NJ/33Q5Q1ZMWE7Z5XE61SQ317" 4095
"../../../../../../shanshanye/Desktop/AI_final/GameAI-Final-Project/Content/__ExternalActors__/Maps/TheKillingHour/1/NJ/33Q5Q1ZMWE7Z5XE61SQ317.uasset" 4096
"/Game/__ExternalActors__/Maps/TheKillingHour/1/O3/TSR5T2NX9S9XV40N3Y0I40" 4097
"../../../../../../shanshanye/Desktop/AI_final/GameAI-Final-Project/Content/__ExternalActors__/Maps/TheKillingHour/1/O3/TSR5T2NX9S9XV40N3Y0I40.uasset" 4098
"../../../../../../shanshanye/Desktop/AI_final/GameAI-Final-Project/Content/__ExternalActors__/Maps/TheKillingHour/A/7P/SGJ8WVOV4IISG6GM7X97QB.uasset" 4099
"/Game/__ExternalActors__/Maps/TheKillingHour/1/PC/70YPGCK1BMGD23SMSSKX7Z" 4100
"../../../../../../shanshanye/Desktop/AI_final/GameAI-Final-Project/Content/__ExternalActors__/Maps/TheKillingHour/1/PC/70YPGCK1BMGD23SMSSKX7Z.uasset" 4101
"/Game/__ExternalActors__/Maps/TheKillingHour/1/RC/RS1ZLG724NFLSID5EFKGTL" 4102
"../../../../../../shanshanye/Desktop/AI_final/GameAI-Final-Project/Content/__ExternalActors__/Maps/TheKillingHour/1/RC/RS1ZLG724NFLSID5EFKGTL.uasset" 4103
"/Game/__ExternalActors__/Maps/TheKillingHour/5/LZ/DX789LV1KHLG6M6OSFEF5T" 4104
"../../../../../../shanshanye/Desktop/AI_final/GameAI-Final-Project/Content/__ExternalActors__/Maps/TheKillingHour/5/LZ/DX789LV1KHLG6M6OSFEF5T.uasset" 4105
"/Game/__ExternalActors__/Maps/TheKillingHour/1/RM/C1DHZ907EJ9JS4DNLF9XY4" 4106
"../../../../../../shanshanye/Desktop/AI_final/GameAI-Final-Project/Content/__ExternalActors__/Maps/TheKillingHour/1/RM/C1DHZ907EJ9JS4DNLF9XY4.uasset" 4107
"/Game/__ExternalActors__/Maps/TheKillingHour/1/SJ/UDWQO22D0I1780A8YTQ1CS" 4108
"../../../../../../shanshanye/Desktop/AI_final/GameAI-Final-Project/Content/__ExternalActors__/Maps/TheKillingHour/1/SJ/UDWQO22D0I1780A8YTQ1CS.uasset" 4109
"/Game/__ExternalActors__/Maps/TheKillingHour/1/TM/15RUYGRHFVX2ZZEA8N74ZV" 4110
"../../../../../../shanshanye/Desktop/AI_final/GameAI-Final-Project/Content/__ExternalActors__/Maps/TheKillingHour/1/TM/15RUYGRHFVX2ZZEA8N74ZV.uasset" 4111
"/Game/__ExternalActors__/Maps/TheKillingHour/1/U8/ITK9TNNL0GFAI6G2D4UPOC" 4112
"../../../../../../shanshanye/Desktop/AI_final/GameAI-Final-Project/Content/__ExternalActors__/Maps/TheKillingHour/1/U8/ITK9TNNL0GFAI6G2D4UPOC.uasset" 4113
"/Game/__ExternalActors__/Maps/TheKillingHour/1/UG/W67E7K9SOI2X2OAD2J8Y38" 4114
"../../../../../../shanshanye/Desktop/AI_final/GameAI-Final-Project/Content/__ExternalActors__/Maps/TheKillingHour/1/UG/W67E7K9SOI2X2OAD2J8Y38.uasset" 4115
"/Game/__ExternalActors__/Maps/TheKillingHour/1/VD/Y2ZYYV6012I75YISIDDDUU" 4116
"../../../../../../shanshanye/Desktop/AI_final/GameAI-Final-Project/Content/__ExternalActors__/Maps/TheKillingHour/1/VD/Y2ZYYV6012I75YISIDDDUU.uasset" 4117
"/Game/__ExternalActors__/Maps/TheKillingHour/1/WG/VEOX673LCO5L5HLD8IAMN0" 4118
"../../../../../../shanshanye/Desktop/AI_final/GameAI-Final-Project/Content/__ExternalActors__/Maps/TheKillingHour/1/WG/VEOX673LCO5L5HLD8IAMN0.uasset" 4119
"/Game/__ExternalActors__/Maps/TheKillingHour/1/X4/OJ74PF18AVDKLABW24SLL6" 4120
"../../../../../../shanshanye/Desktop/AI_final/GameAI-Final-Project/Content/__ExternalActors__/Maps/TheKillingHour/1/X4/OJ74PF18AVDKLABW24SLL6.uasset" 4121
"/Game/__ExternalActors__/Maps/TheKillingHour/1/Z0/89KL17DBDD9YR97992P2ZC" 4122
"../../../../../../shanshanye/Desktop/AI_final/GameAI-Final-Project/Content/__ExternalActors__/Maps/TheKillingHour/1/Z0/89KL17DBDD9YR97992P2ZC.uasset" 4123
"/Game/__ExternalActors__/Maps/TheKillingHour/2/0Q/7EOPNP6L7OGWQTW5138N7Y" 4124
"../../../../../../shanshanye/Desktop/AI_final/GameAI-Final-Project/Content/__ExternalActors__/Maps/TheKillingHour/2/0Q/7EOPNP6L7OGWQTW5138N7Y.uasset" 4125
"/Game/__ExternalActors__/Maps/TheKillingHour/2/0X/O5D5Q7GXGN2ZY4AU5W2RNG" 4126
"../../../../../../shanshanye/Desktop/AI_final/GameAI-Final-Project/Content/__ExternalActors__/Maps/TheKillingHour/2/0X/O5D5Q7GXGN2ZY4AU5W2RNG.uasset" 4127
"/Game/__ExternalActors__/Maps/TheKillingHour/2/1V/26LFBORF0WNI4OH913TBT3" 4128
"../../../../../../shanshanye/Desktop/AI_final/GameAI-Final-Project/Content/__ExternalActors__/Maps/TheKillingHour/2/1V/26LFBORF0WNI4OH913TBT3.uasset" 4129
"/Game/__ExternalActors__/Maps/TheKillingHour/2/2R/QONQCDEV8MD8S7TWFN5NP1" 4130
"../../../../../../shanshanye/Desktop/AI_final/GameAI-Final-Project/Content/__ExternalActors__/Maps/TheKillingHour/2/2R/QONQCDEV8MD8S7TWFN5NP1.uasset" 4131
"/Game/__ExternalActors__/Maps/TheKillingHour/2/7H/X1W22TAKLXC5BLIP03P6LO" 4132
"../../../../../../shanshanye/Desktop/AI_final/GameAI-Final-Project/Content/__ExternalActors__/Maps/TheKillingHour/2/7H/X1W22TAKLXC5BLIP03P6LO.uasset" 4133
"/Game/__ExternalActors__/Maps/TheKillingHour/2/88/P9GCKJNDQRXURZKEB06RRJ" 4134
"../../../../../../shanshanye/Desktop/AI_final/GameAI-Final-Project/Content/__ExternalActors__/Maps/TheKillingHour/2/88/P9GCKJNDQRXURZKEB06RRJ.uasset" 4135
"/Game/__ExternalActors__/Maps/TheKillingHour/2/A7/L9A1W2TMZVET85QRG035I9" 4136
"../../../../../../shanshanye/Desktop/AI_final/GameAI-Final-Project/Content/__ExternalActors__/Maps/TheKillingHour/2/A7/L9A1W2TMZVET85QRG035I9.uasset" 4137
"/Game/__ExternalActors__/Maps/TheKillingHour/2/BC/YD4VTKTY8LJ59TLMOW960G" 4138
"../../../../../../shanshanye/Desktop/AI_final/GameAI-Final-Project/Content/__ExternalActors__/Maps/TheKillingHour/2/BC/YD4VTKTY8LJ59TLMOW960G.uasset" 4139
"/Game/__ExternalActors__/Maps/TheKillingHour/2/CC/HOGPLIRBLQHG3CCVF8B6CL" 4140
"../../../../../../shanshanye/Desktop/AI_final/GameAI-Final-Project/Content/__ExternalActors__/Maps/TheKillingHour/2/CC/HOGPLIRBLQHG3CCVF8B6CL.uasset" 4141
"/Game/__ExternalActors__/Maps/TheKillingHour/2/DG/54C53IKODKHERZCHU9BTJ6" 4142
"../../../../../../shanshanye/Desktop/AI_final/GameAI-Final-Project/Content/__ExternalActors__/Maps/TheKillingHour/2/DG/54C53IKODKHERZCHU9BTJ6.uasset" 4143
"/Game/__ExternalActors__/Maps/TheKillingHour/2/DZ/R6S2V692JMBEE9IMUDESTR" 4144
"../../../../../../shanshanye/Desktop/AI_final/GameAI-Final-Project/Content/__ExternalActors__/Maps/TheKillingHour/2/DZ/R6S2V692JMBEE9IMUDESTR.uasset" 4145
"../../../Engine/Content/MapTemplates/SM_Template_Map_Floor.uasset" 4146
"/Game/__ExternalActors__/Maps/TheKillingHour/2/EP/IH5A8BOQGWVBNCOPM4U4R8" 4147
"../../../../../../shanshanye/Desktop/AI_final/GameAI-Final-Project/Content/__ExternalActors__/Maps/TheKillingHour/2/EP/IH5A8BOQGWVBNCOPM4U4R8.uasset" 4148
"/Game/__ExternalActors__/Maps/TheKillingHour/2/F0/046MMF79QCQVGDMZ40NHUY" 4149
"../../../../../../shanshanye/Desktop/AI_final/GameAI-Final-Project/Content/__ExternalActors__/Maps/TheKillingHour/2/F0/046MMF79QCQVGDMZ40NHUY.uasset" 4150
"/Game/__ExternalActors__/Maps/TheKillingHour/2/G4/17HNS6SA2FUZJOCJQD9S74" 4151
"../../../../../../shanshanye/Desktop/AI_final/GameAI-Final-Project/Content/__ExternalActors__/Maps/TheKillingHour/2/G4/17HNS6SA2FUZJOCJQD9S74.uasset" 4152
"/Game/__ExternalActors__/Maps/TheKillingHour/2/HB/BGSQP1N5UH31UG0U4M1RJX" 4153
"../../../../../../shanshanye/Desktop/AI_final/GameAI-Final-Project/Content/__ExternalActors__/Maps/TheKillingHour/2/HB/BGSQP1N5UH31UG0U4M1RJX.uasset" 4154
"/Game/__ExternalActors__/Maps/TheKillingHour/2/I7/F76XR01C5K2C5QNRZASOGW" 4155
"../../../../../../shanshanye/Desktop/AI_final/GameAI-Final-Project/Content/__ExternalActors__/Maps/TheKillingHour/2/I7/F76XR01C5K2C5QNRZASOGW.uasset" 4156
"/Game/__ExternalActors__/Maps/TheKillingHour/2/IL/L0O0Y8I3V497J7DPMFZ42L" 4157
"../../../../../../shanshanye/Desktop/AI_final/GameAI-Final-Project/Content/__ExternalActors__/Maps/TheKillingHour/2/IL/L0O0Y8I3V497J7DPMFZ42L.uasset" 4158
"/Game/__ExternalActors__/Maps/TheKillingHour/2/N4/QJ59WPKPU1IVKHHW72XCP0" 4159
"../../../../../../shanshanye/Desktop/AI_final/GameAI-Final-Project/Content/__ExternalActors__/Maps/TheKillingHour/2/N4/QJ59WPKPU1IVKHHW72XCP0.uasset" 4160
"/Game/__ExternalActors__/Maps/TheKillingHour/2/NL/ZJ927UCX0O63DPTXLC0HVI" 4161
"../../../../../../shanshanye/Desktop/AI_final/GameAI-Final-Project/Content/__ExternalActors__/Maps/TheKillingHour/2/NL/ZJ927UCX0O63DPTXLC0HVI.uasset" 4162
"/Game/__ExternalActors__/Maps/TheKillingHour/2/OR/GNIXR2GYWBKL4CPGUUIPW5" 4163
"../../../../../../shanshanye/Desktop/AI_final/GameAI-Final-Project/Content/__ExternalActors__/Maps/TheKillingHour/2/OR/GNIXR2GYWBKL4CPGUUIPW5.uasset" 4164
"/Game/__ExternalActors__/Maps/TheKillingHour/2/P1/TOONJ4904J6D8RCMQZCZH3" 4165
"../../../../../../shanshanye/Desktop/AI_final/GameAI-Final-Project/Content/__ExternalActors__/Maps/TheKillingHour/2/P1/TOONJ4904J6D8RCMQZCZH3.uasset" 4166
"/Game/__ExternalActors__/Maps/TheKillingHour/2/P2/TXVEHIN0MQJKTLQE9CRP9E" 4167
"../../../../../../shanshanye/Desktop/AI_final/GameAI-Final-Project/Content/__ExternalActors__/Maps/TheKillingHour/2/P2/TXVEHIN0MQJKTLQE9CRP9E.uasset" 4168
"/Game/__ExternalActors__/Maps/TheKillingHour/2/S4/ZD5AEP80PEABZZ3YVG5WDR" 4169
"../../../../../../shanshanye/Desktop/AI_final/GameAI-Final-Project/Content/__ExternalActors__/Maps/TheKillingHour/2/S4/ZD5AEP80PEABZZ3YVG5WDR.uasset" 4170
"/Game/__ExternalActors__/Maps/TheKillingHour/2/TS/S2VE01QIL0RGOMSEXKV67S" 4171
"../../../../../../shanshanye/Desktop/AI_final/GameAI-Final-Project/Content/__ExternalActors__/Maps/TheKillingHour/2/TS/S2VE01QIL0RGOMSEXKV67S.uasset" 4172
"/Game/__ExternalActors__/Maps/TheKillingHour/2/V1/1BF2J2KCOZE7VVQLJZ6SMF" 4173
"../../../../../../shanshanye/Desktop/AI_final/GameAI-Final-Project/Content/__ExternalActors__/Maps/TheKillingHour/2/V1/1BF2J2KCOZE7VVQLJZ6SMF.uasset" 4174
"/Game/__ExternalActors__/Maps/TheKillingHour/2/V3/T9SYPRWL2IZMEY4EFYZ1RG" 4175
"../../../../../../shanshanye/Desktop/AI_final/GameAI-Final-Project/Content/__ExternalActors__/Maps/TheKillingHour/2/V3/T9SYPRWL2IZMEY4EFYZ1RG.uasset" 4176
"/Game/__ExternalActors__/Maps/TheKillingHour/2/VK/X2UF1RDAGOK6LB78US8TI9" 4177
"../../../../../../shanshanye/Desktop/AI_final/GameAI-Final-Project/Content/__ExternalActors__/Maps/TheKillingHour/2/VK/X2UF1RDAGOK6LB78US8TI9.uasset" 4178
"/Game/__ExternalActors__/Maps/TheKillingHour/2/VW/HIEOZZX2WB59U81YAA6G4Z" 4179
"../../../../../../shanshanye/Desktop/AI_final/GameAI-Final-Project/Content/__ExternalActors__/Maps/TheKillingHour/2/VW/HIEOZZX2WB59U81YAA6G4Z.uasset" 4180
"/Game/__ExternalActors__/Maps/TheKillingHour/2/ZC/OD4EQD5DF1T2Z3XA4PQY7Y" 4181
"../../../../../../shanshanye/Desktop/AI_final/GameAI-Final-Project/Content/__ExternalActors__/Maps/TheKillingHour/2/ZC/OD4EQD5DF1T2Z3XA4PQY7Y.uasset" 4182
"/Game/__ExternalActors__/Maps/TheKillingHour/2/ZG/83V5JZ6FO3CDEAKMIXL7IK" 4183
"../../../../../../shanshanye/Desktop/AI_final/GameAI-Final-Project/Content/__ExternalActors__/Maps/TheKillingHour/2/ZG/83V5JZ6FO3CDEAKMIXL7IK.uasset" 4184
"/Game/__ExternalActors__/Maps/TheKillingHour/3/0F/DIBTL40GA820VCS6DBXBIW" 4185
"../../../../../../shanshanye/Desktop/AI_final/GameAI-Final-Project/Content/__ExternalActors__/Maps/TheKillingHour/3/0F/DIBTL40GA820VCS6DBXBIW.uasset" 4186
"/Game/__ExternalActors__/Maps/TheKillingHour/3/0S/GOGIWUZ3NTGYP7KG79ZMBW" 4187
"../../../../../../shanshanye/Desktop/AI_final/GameAI-Final-Project/Content/__ExternalActors__/Maps/TheKillingHour/3/0S/GOGIWUZ3NTGYP7KG79ZMBW.uasset" 4188
"/Game/__ExternalActors__/Maps/TheKillingHour/3/2Q/MV5EFSUC86VFNJQCNY0MT3" 4189
"../../../../../../shanshanye/Desktop/AI_final/GameAI-Final-Project/Content/__ExternalActors__/Maps/TheKillingHour/3/2Q/MV5EFSUC86VFNJQCNY0MT3.uasset" 4190
"/Game/__ExternalActors__/Maps/TheKillingHour/3/38/M18IKVHW18D7SP8LOZXHLS" 4191
"../../../../../../shanshanye/Desktop/AI_final/GameAI-Final-Project/Content/__ExternalActors__/Maps/TheKillingHour/3/38/M18IKVHW18D7SP8LOZXHLS.uasset" 4192
"../../../../../../shanshanye/Desktop/AI_final/GameAI-Final-Project/Content/__ExternalActors__/Maps/TheKillingHour/D/KL/OTM6IIZETF3YGYIA3ZPET8.uasset" 4193
"/Game/__ExternalActors__/Maps/TheKillingHour/3/42/AEFPZ8V375E6DWYJLBIBM2" 4194
"../../../../../../shanshanye/Desktop/AI_final/GameAI-Final-Project/Content/__ExternalActors__/Maps/TheKillingHour/3/42/AEFPZ8V375E6DWYJLBIBM2.uasset" 4195
"/Game/__ExternalActors__/Maps/TheKillingHour/3/4A/9L2KAB79EA154WVBFTLPQU" 4196
"../../../../../../shanshanye/Desktop/AI_final/GameAI-Final-Project/Content/__ExternalActors__/Maps/TheKillingHour/3/4A/9L2KAB79EA154WVBFTLPQU.uasset" 4197
"/Game/__ExternalActors__/Maps/TheKillingHour/3/52/S8OBICAHFA8MF0R0AA5JYW" 4198
"../../../../../../shanshanye/Desktop/AI_final/GameAI-Final-Project/Content/__ExternalActors__/Maps/TheKillingHour/3/52/S8OBICAHFA8MF0R0AA5JYW.uasset" 4199
"/Game/__ExternalActors__/Maps/TheKillingHour/3/59/NGSZZOBEQQEI3QJTL7GE1V" 4200
"../../../../../../shanshanye/Desktop/AI_final/GameAI-Final-Project/Content/__ExternalActors__/Maps/TheKillingHour/3/59/NGSZZOBEQQEI3QJTL7GE1V.uasset" 4201
"/Game/__ExternalActors__/Maps/TheKillingHour/3/8C/506PZJ8VMJWD1188JGGGQ9" 4202
"../../../../../../shanshanye/Desktop/AI_final/GameAI-Final-Project/Content/__ExternalActors__/Maps/TheKillingHour/3/8C/506PZJ8VMJWD1188JGGGQ9.uasset" 4203
"/Game/__ExternalActors__/Maps/TheKillingHour/3/BK/QZZ9KJ42S0FH8DUSIY3HLT" 4204
"../../../../../../shanshanye/Desktop/AI_final/GameAI-Final-Project/Content/__ExternalActors__/Maps/TheKillingHour/3/BK/QZZ9KJ42S0FH8DUSIY3HLT.uasset" 4205
"/Game/__ExternalActors__/Maps/TheKillingHour/3/CR/QH3L2REIY99N7YRNU1ZU3D" 4206
"../../../../../../shanshanye/Desktop/AI_final/GameAI-Final-Project/Content/__ExternalActors__/Maps/TheKillingHour/3/CR/QH3L2REIY99N7YRNU1ZU3D.uasset" 4207
"/Game/__ExternalActors__/Maps/TheKillingHour/3/GJ/ZMPB1OIFJO2EWBIZZYO479" 4208
"../../../../../../shanshanye/Desktop/AI_final/GameAI-Final-Project/Content/__ExternalActors__/Maps/TheKillingHour/3/GJ/ZMPB1OIFJO2EWBIZZYO479.uasset" 4209
"/Game/__ExternalActors__/Maps/TheKillingHour/3/H3/K5UTFSEYEU86QX7QBVDGRG" 4210
"../../../../../../shanshanye/Desktop/AI_final/GameAI-Final-Project/Content/__ExternalActors__/Maps/TheKillingHour/3/H3/K5UTFSEYEU86QX7QBVDGRG.uasset" 4211
"/Game/__ExternalActors__/Maps/TheKillingHour/3/I4/69YL7AVSZULG70DUAZ43R5" 4212
"../../../../../../shanshanye/Desktop/AI_final/GameAI-Final-Project/Content/__ExternalActors__/Maps/TheKillingHour/3/I4/69YL7AVSZULG70DUAZ43R5.uasset" 4213
"/Game/__ExternalActors__/Maps/TheKillingHour/3/IE/SU0WMUHRK0I0VJY5PGCQB9" 4214
"../../../../../../shanshanye/Desktop/AI_final/GameAI-Final-Project/Content/__ExternalActors__/Maps/TheKillingHour/3/IE/SU0WMUHRK0I0VJY5PGCQB9.uasset" 4215
"/Game/__ExternalActors__/Maps/TheKillingHour/3/K9/M7WPOQT288DILGVGBFBX0H" 4216
"../../../../../../shanshanye/Desktop/AI_final/GameAI-Final-Project/Content/__ExternalActors__/Maps/TheKillingHour/3/K9/M7WPOQT288DILGVGBFBX0H.uasset" 4217
"/Game/__ExternalActors__/Maps/TheKillingHour/3/OX/DMEABD43LRW45UZQNV7314" 4218
"../../../../../../shanshanye/Desktop/AI_final/GameAI-Final-Project/Content/__ExternalActors__/Maps/TheKillingHour/3/OX/DMEABD43LRW45UZQNV7314.uasset" 4219
"/Game/__ExternalActors__/Maps/TheKillingHour/3/P0/LTW2XKUYTD57UIUSD2ECAL" 4220
"../../../../../../shanshanye/Desktop/AI_final/GameAI-Final-Project/Content/__ExternalActors__/Maps/TheKillingHour/3/P0/LTW2XKUYTD57UIUSD2ECAL.uasset" 4221
"/Game/__ExternalActors__/Maps/TheKillingHour/3/Q2/SNGXHRWW5EMT720SV64OZN" 4222
"../../../../../../shanshanye/Desktop/AI_final/GameAI-Final-Project/Content/__ExternalActors__/Maps/TheKillingHour/3/Q2/SNGXHRWW5EMT720SV64OZN.uasset" 4223
"/Game/__ExternalActors__/Maps/TheKillingHour/3/QX/PB8SXJV6NYKH8Z07HPKQD9" 4224
"../../../../../../shanshanye/Desktop/AI_final/GameAI-Final-Project/Content/__ExternalActors__/Maps/TheKillingHour/3/QX/PB8SXJV6NYKH8Z07HPKQD9.uasset" 4225
"/Game/__ExternalActors__/Maps/TheKillingHour/3/RF/07ZZNW69XPFIMM76WGB1ND" 4226
"../../../../../../shanshanye/Desktop/AI_final/GameAI-Final-Project/Content/__ExternalActors__/Maps/TheKillingHour/3/RF/07ZZNW69XPFIMM76WGB1ND.uasset" 4227
"../../../../../../shanshanye/Desktop/AI_final/GameAI-Final-Project/Content/__ExternalActors__/Maps/TheKillingHour/5/4N/B26PMJP0OHYA9Z6J4VUJW0.uasset" 4228
"/Game/__ExternalActors__/Maps/TheKillingHour/3/RL/DRQEQOUOQN4ZF1PK2PRLSG" 4229
"../../../../../../shanshanye/Desktop/AI_final/GameAI-Final-Project/Content/__ExternalActors__/Maps/TheKillingHour/3/RL/DRQEQOUOQN4ZF1PK2PRLSG.uasset" 4230
"/Game/__ExternalActors__/Maps/TheKillingHour/3/RR/0DQCL3492TEHM63L3YMA3B" 4231
"../../../../../../shanshanye/Desktop/AI_final/GameAI-Final-Project/Content/__ExternalActors__/Maps/TheKillingHour/3/RR/0DQCL3492TEHM63L3YMA3B.uasset" 4232
"/Game/__ExternalActors__/Maps/TheKillingHour/3/S8/VQ8FIC4N00V0HPEAD7LJVV" 4233
"../../../../../../shanshanye/Desktop/AI_final/GameAI-Final-Project/Content/__ExternalActors__/Maps/TheKillingHour/3/S8/VQ8FIC4N00V0HPEAD7LJVV.uasset" 4234
"/Game/__ExternalActors__/Maps/TheKillingHour/3/UJ/4B6CLZIY84EDI8ZYOPZV6E" 4235
"../../../../../../shanshanye/Desktop/AI_final/GameAI-Final-Project/Content/__ExternalActors__/Maps/TheKillingHour/3/UJ/4B6CLZIY84EDI8ZYOPZV6E.uasset" 4236
"/Game/__ExternalActors__/Maps/TheKillingHour/3/UR/M7JNMJQS2TMOI7SK3GJH55" 4237
"../../../../../../shanshanye/Desktop/AI_final/GameAI-Final-Project/Content/__ExternalActors__/Maps/TheKillingHour/3/UR/M7JNMJQS2TMOI7SK3GJH55.uasset" 4238
"/Game/__ExternalActors__/Maps/TheKillingHour/3/V3/LDMLAH851ZY9W8BSQXMGE6" 4239
"../../../../../../shanshanye/Desktop/AI_final/GameAI-Final-Project/Content/__ExternalActors__/Maps/TheKillingHour/3/V3/LDMLAH851ZY9W8BSQXMGE6.uasset" 4240
"/Game/__ExternalActors__/Maps/TheKillingHour/3/VZ/WHZE5U9ODU51SP9BSKDN3S" 4241
"../../../../../../shanshanye/Desktop/AI_final/GameAI-Final-Project/Content/__ExternalActors__/Maps/TheKillingHour/3/VZ/WHZE5U9ODU51SP9BSKDN3S.uasset" 4242
"/Game/__ExternalActors__/Maps/TheKillingHour/3/W5/R1HXQ31Y5T8PW59IKK0OIH" 4243
"../../../../../../shanshanye/Desktop/AI_final/GameAI-Final-Project/Content/__ExternalActors__/Maps/TheKillingHour/3/W5/R1HXQ31Y5T8PW59IKK0OIH.uasset" 4244
"/Game/__ExternalActors__/Maps/TheKillingHour/3/XE/PCOC4NNY93XRZE7JW65AN8" 4245
"../../../../../../shanshanye/Desktop/AI_final/GameAI-Final-Project/Content/__ExternalActors__/Maps/TheKillingHour/3/XE/PCOC4NNY93XRZE7JW65AN8.uasset" 4246
"/Game/__ExternalActors__/Maps/TheKillingHour/3/YL/CLK2XIO74CPR5I9KONF712" 4247
"../../../../../../shanshanye/Desktop/AI_final/GameAI-Final-Project/Content/__ExternalActors__/Maps/TheKillingHour/3/YL/CLK2XIO74CPR5I9KONF712.uasset" 4248
"/Game/__ExternalActors__/Maps/TheKillingHour/4/0Y/Y393HTSAJVUMAB9UJXU9DH" 4249
"../../../../../../shanshanye/Desktop/AI_final/GameAI-Final-Project/Content/__ExternalActors__/Maps/TheKillingHour/4/0Y/Y393HTSAJVUMAB9UJXU9DH.uasset" 4250
"/Game/__ExternalActors__/Maps/TheKillingHour/4/2C/8L1VHFBO8OPWBI6OVOZOVM" 4251
"../../../../../../shanshanye/Desktop/AI_final/GameAI-Final-Project/Content/__ExternalActors__/Maps/TheKillingHour/4/2C/8L1VHFBO8OPWBI6OVOZOVM.uasset" 4252
"/Game/__ExternalActors__/Maps/TheKillingHour/4/2I/I8OEL5NSWDFM8R5ZITA2W5" 4253
"../../../../../../shanshanye/Desktop/AI_final/GameAI-Final-Project/Content/__ExternalActors__/Maps/TheKillingHour/4/2I/I8OEL5NSWDFM8R5ZITA2W5.uasset" 4254
"/Game/__ExternalActors__/Maps/TheKillingHour/4/3N/EBV62Y8GR8IIC03R34EA1O" 4255
"../../../../../../shanshanye/Desktop/AI_final/GameAI-Final-Project/Content/__ExternalActors__/Maps/TheKillingHour/4/3N/EBV62Y8GR8IIC03R34EA1O.uasset" 4256
"/Game/__ExternalActors__/Maps/TheKillingHour/4/3U/OOJYIAFV9OOT1JULKN3J24" 4257
"../../../../../../shanshanye/Desktop/AI_final/GameAI-Final-Project/Content/__ExternalActors__/Maps/TheKillingHour/4/3U/OOJYIAFV9OOT1JULKN3J24.uasset" 4258
"/Game/__ExternalActors__/Maps/TheKillingHour/4/5C/XYLHNRH8HEU1J9I4E6Z768" 4259
"../../../../../../shanshanye/Desktop/AI_final/GameAI-Final-Project/Content/__ExternalActors__/Maps/TheKillingHour/4/5C/XYLHNRH8HEU1J9I4E6Z768.uasset" 4260
"/Game/__ExternalActors__/Maps/TheKillingHour/4/6Q/41W4UP0MXBIAFSWI5SQB5C" 4261
"../../../../../../shanshanye/Desktop/AI_final/GameAI-Final-Project/Content/__ExternalActors__/Maps/TheKillingHour/4/6Q/41W4UP0MXBIAFSWI5SQB5C.uasset" 4262
"/Game/__ExternalActors__/Maps/TheKillingHour/4/75/BZBG8XCPKTCJ8JF953GK3I" 4263
"../../../../../../shanshanye/Desktop/AI_final/GameAI-Final-Project/Content/__ExternalActors__/Maps/TheKillingHour/4/75/BZBG8XCPKTCJ8JF953GK3I.uasset" 4264
"/Game/__ExternalActors__/Maps/TheKillingHour/4/7L/HO5DZ2XCBDK8LL8ME79BLP" 4265
"../../../../../../shanshanye/Desktop/AI_final/GameAI-Final-Project/Content/__ExternalActors__/Maps/TheKillingHour/4/7L/HO5DZ2XCBDK8LL8ME79BLP.uasset" 4266
"/Game/__ExternalActors__/Maps/TheKillingHour/4/8B/98VK03I1CHH73Y1CLI8RQG" 4267
"../../../../../../shanshanye/Desktop/AI_final/GameAI-Final-Project/Content/__ExternalActors__/Maps/TheKillingHour/4/8B/98VK03I1CHH73Y1CLI8RQG.uasset" 4268
"/Game/__ExternalActors__/Maps/TheKillingHour/4/8N/APKI4QX7XAPT8R1ECUJIE2" 4269
"../../../../../../shanshanye/Desktop/AI_final/GameAI-Final-Project/Content/__ExternalActors__/Maps/TheKillingHour/4/8N/APKI4QX7XAPT8R1ECUJIE2.uasset" 4270
"/Game/__ExternalActors__/Maps/TheKillingHour/4/9Q/F56TMDCTQO5OW03VAIOVT5" 4271
"../../../../../../shanshanye/Desktop/AI_final/GameAI-Final-Project/Content/__ExternalActors__/Maps/TheKillingHour/4/9Q/F56TMDCTQO5OW03VAIOVT5.uasset" 4272
"/Game/__ExternalActors__/Maps/TheKillingHour/4/A2/2WF891GEUC8NOV3W2154XB" 4273
"../../../../../../shanshanye/Desktop/AI_final/GameAI-Final-Project/Content/__ExternalActors__/Maps/TheKillingHour/4/A2/2WF891GEUC8NOV3W2154XB.uasset" 4274
"/Game/__ExternalActors__/Maps/TheKillingHour/4/AH/CBSE98OJXUEJICYYXE87G7" 4275
"../../../../../../shanshanye/Desktop/AI_final/GameAI-Final-Project/Content/__ExternalActors__/Maps/TheKillingHour/4/AH/CBSE98OJXUEJICYYXE87G7.uasset" 4276
"/Game/__ExternalActors__/Maps/TheKillingHour/4/B3/9P4SFQ6LXAHVQBATMMS1VA" 4277
"../../../../../../shanshanye/Desktop/AI_final/GameAI-Final-Project/Content/__ExternalActors__/Maps/TheKillingHour/4/B3/9P4SFQ6LXAHVQBATMMS1VA.uasset" 4278
"/Game/__ExternalActors__/Maps/TheKillingHour/4/DS/SQF92UXMJ922HEDIGQMHD9" 4279
"../../../../../../shanshanye/Desktop/AI_final/GameAI-Final-Project/Content/__ExternalActors__/Maps/TheKillingHour/4/DS/SQF92UXMJ922HEDIGQMHD9.uasset" 4280
"/Game/__ExternalActors__/Maps/TheKillingHour/4/E8/6R0R100BTNF5F12W6IPQA5" 4281
"../../../../../../shanshanye/Desktop/AI_final/GameAI-Final-Project/Content/__ExternalActors__/Maps/TheKillingHour/4/E8/6R0R100BTNF5F12W6IPQA5.uasset" 4282
"/Game/__ExternalActors__/Maps/TheKillingHour/4/FS/H4HG9FXOOR9PE5JAWOSXHO" 4283
"../../../../../../shanshanye/Desktop/AI_final/GameAI-Final-Project/Content/__ExternalActors__/Maps/TheKillingHour/4/FS/H4HG9FXOOR9PE5JAWOSXHO.uasset" 4284
"/Game/__ExternalActors__/Maps/TheKillingHour/4/FZ/5D3SNQM1HHNDBP03K1OODZ" 4285
"../../../../../../shanshanye/Desktop/AI_final/GameAI-Final-Project/Content/__ExternalActors__/Maps/TheKillingHour/4/FZ/5D3SNQM1HHNDBP03K1OODZ.uasset" 4286
"/Game/__ExternalActors__/Maps/TheKillingHour/4/GW/BA4DB0SA4XRWFWW4JI12R6" 4287
"../../../../../../shanshanye/Desktop/AI_final/GameAI-Final-Project/Content/__ExternalActors__/Maps/TheKillingHour/4/GW/BA4DB0SA4XRWFWW4JI12R6.uasset" 4288
"/Game/__ExternalActors__/Maps/TheKillingHour/4/H1/2Y0O8TXTQMY56E448EJUTG" 4289
"../../../../../../shanshanye/Desktop/AI_final/GameAI-Final-Project/Content/__ExternalActors__/Maps/TheKillingHour/4/H1/2Y0O8TXTQMY56E448EJUTG.uasset" 4290
"/Game/__ExternalActors__/Maps/TheKillingHour/4/H2/W5AK55YTJU3VS2JHK0P0G1" 4291
"../../../../../../shanshanye/Desktop/AI_final/GameAI-Final-Project/Content/__ExternalActors__/Maps/TheKillingHour/4/H2/W5AK55YTJU3VS2JHK0P0G1.uasset" 4292
"/Game/__ExternalActors__/Maps/TheKillingHour/4/HL/84YHHLWZ6P2AY3M7ZQA1O6" 4293
"../../../../../../shanshanye/Desktop/AI_final/GameAI-Final-Project/Content/__ExternalActors__/Maps/TheKillingHour/4/HL/84YHHLWZ6P2AY3M7ZQA1O6.uasset" 4294
"/Game/__ExternalActors__/Maps/TheKillingHour/4/JE/FL4ZYAZPKM9ABR1WSHL4IZ" 4295
"../../../../../../shanshanye/Desktop/AI_final/GameAI-Final-Project/Content/__ExternalActors__/Maps/TheKillingHour/4/JE/FL4ZYAZPKM9ABR1WSHL4IZ.uasset" 4296
"/Game/__ExternalActors__/Maps/TheKillingHour/4/L7/LNA8U16MS2NHP697VECDCO" 4297
"../../../../../../shanshanye/Desktop/AI_final/GameAI-Final-Project/Content/__ExternalActors__/Maps/TheKillingHour/4/L7/LNA8U16MS2NHP697VECDCO.uasset" 4298
"/Game/__ExternalActors__/Maps/TheKillingHour/4/LB/Y1UMPP80PHLNVIX57WSY4V" 4299
"../../../../../../shanshanye/Desktop/AI_final/GameAI-Final-Project/Content/__ExternalActors__/Maps/TheKillingHour/4/LB/Y1UMPP80PHLNVIX57WSY4V.uasset" 4300
"/Game/__ExternalActors__/Maps/TheKillingHour/4/MI/HOBA6AMXVBURKK9I8OYWS4" 4301
"../../../../../../shanshanye/Desktop/AI_final/GameAI-Final-Project/Content/__ExternalActors__/Maps/TheKillingHour/4/MI/HOBA6AMXVBURKK9I8OYWS4.uasset" 4302
"/Game/__ExternalActors__/Maps/TheKillingHour/4/MY/6SL3DKGSFG4ME819ITX3IU" 4303
"../../../../../../shanshanye/Desktop/AI_final/GameAI-Final-Project/Content/__ExternalActors__/Maps/TheKillingHour/4/MY/6SL3DKGSFG4ME819ITX3IU.uasset" 4304
"/Game/__ExternalActors__/Maps/TheKillingHour/4/O3/34PNWIZGXYD26SQVAJQC1D" 4305
"../../../../../../shanshanye/Desktop/AI_final/GameAI-Final-Project/Content/__ExternalActors__/Maps/TheKillingHour/4/O3/34PNWIZGXYD26SQVAJQC1D.uasset" 4306
"/Game/__ExternalActors__/Maps/TheKillingHour/4/PZ/42KOM039VH5C52Q2UHQGQU" 4307
"../../../../../../shanshanye/Desktop/AI_final/GameAI-Final-Project/Content/__ExternalActors__/Maps/TheKillingHour/4/PZ/42KOM039VH5C52Q2UHQGQU.uasset" 4308
"/Game/__ExternalActors__/Maps/TheKillingHour/4/QN/OGTRX54X8W1FBN3BXI9EDU" 4309
"../../../../../../shanshanye/Desktop/AI_final/GameAI-Final-Project/Content/__ExternalActors__/Maps/TheKillingHour/4/QN/OGTRX54X8W1FBN3BXI9EDU.uasset" 4310
"/Game/__ExternalActors__/Maps/TheKillingHour/4/RZ/2J545TM11ROJ6MO1RYS7YC" 4311
"../../../../../../shanshanye/Desktop/AI_final/GameAI-Final-Project/Content/__ExternalActors__/Maps/TheKillingHour/4/RZ/2J545TM11ROJ6MO1RYS7YC.uasset" 4312
"/Game/__ExternalActors__/Maps/TheKillingHour/4/S6/I7I9RMN6QTO81RIC9AHSUY" 4313
"../../../../../../shanshanye/Desktop/AI_final/GameAI-Final-Project/Content/__ExternalActors__/Maps/TheKillingHour/4/S6/I7I9RMN6QTO81RIC9AHSUY.uasset" 4314
"/Game/__ExternalActors__/Maps/TheKillingHour/4/SU/VT91F1K3NP6TT1C9B98T4Q" 4315
"../../../../../../shanshanye/Desktop/AI_final/GameAI-Final-Project/Content/__ExternalActors__/Maps/TheKillingHour/4/SU/VT91F1K3NP6TT1C9B98T4Q.uasset" 4316
"/Game/__ExternalActors__/Maps/TheKillingHour/4/TO/LA1GYVLR4DFF5BZ1I6TFJS" 4317
"../../../../../../shanshanye/Desktop/AI_final/GameAI-Final-Project/Content/__ExternalActors__/Maps/TheKillingHour/4/TO/LA1GYVLR4DFF5BZ1I6TFJS.uasset" 4318
"/Game/__ExternalActors__/Maps/TheKillingHour/4/U6/00BJ5M1173I0TTNSNWKLSG" 4319
"../../../../../../shanshanye/Desktop/AI_final/GameAI-Final-Project/Content/__ExternalActors__/Maps/TheKillingHour/4/U6/00BJ5M1173I0TTNSNWKLSG.uasset" 4320
"/Game/__ExternalActors__/Maps/TheKillingHour/4/UL/S67DV9XRZ404UHOG4UNN9V" 4321
"../../../../../../shanshanye/Desktop/AI_final/GameAI-Final-Project/Content/__ExternalActors__/Maps/TheKillingHour/4/UL/S67DV9XRZ404UHOG4UNN9V.uasset" 4322
"/Game/__ExternalActors__/Maps/TheKillingHour/4/V0/AX07UVGY6PAYF62WPUR9FA" 4323
"../../../../../../shanshanye/Desktop/AI_final/GameAI-Final-Project/Content/__ExternalActors__/Maps/TheKillingHour/4/V0/AX07UVGY6PAYF62WPUR9FA.uasset" 4324
"/Game/__ExternalActors__/Maps/TheKillingHour/4/V9/TMOIJS891A8195GQD6OBRN" 4325
"../../../../../../shanshanye/Desktop/AI_final/GameAI-Final-Project/Content/__ExternalActors__/Maps/TheKillingHour/4/V9/TMOIJS891A8195GQD6OBRN.uasset" 4326
"/Game/__ExternalActors__/Maps/TheKillingHour/4/VI/BEPMYWC0O3PWS5HRWJCPCB" 4327
"../../../../../../shanshanye/Desktop/AI_final/GameAI-Final-Project/Content/__ExternalActors__/Maps/TheKillingHour/4/VI/BEPMYWC0O3PWS5HRWJCPCB.uasset" 4328
"/Game/__ExternalActors__/Maps/TheKillingHour/4/W5/9CZ44M5UYBBT358MDEH84M" 4329
"../../../../../../shanshanye/Desktop/AI_final/GameAI-Final-Project/Content/__ExternalActors__/Maps/TheKillingHour/4/W5/9CZ44M5UYBBT358MDEH84M.uasset" 4330
"/Game/__ExternalActors__/Maps/TheKillingHour/4/WI/P88PS2KUTZYC61HXG5US5N" 4331
"../../../../../../shanshanye/Desktop/AI_final/GameAI-Final-Project/Content/__ExternalActors__/Maps/TheKillingHour/4/WI/P88PS2KUTZYC61HXG5US5N.uasset" 4332
"/Game/__ExternalActors__/Maps/TheKillingHour/4/WX/PAG882E7UOHWPSW2UH5UR8" 4333
"../../../../../../shanshanye/Desktop/AI_final/GameAI-Final-Project/Content/__ExternalActors__/Maps/TheKillingHour/4/WX/PAG882E7UOHWPSW2UH5UR8.uasset" 4334
"../../../../../../shanshanye/Desktop/AI_final/GameAI-Final-Project/Content/Characters/AICharacter/Variants/Fodder/BP_Character_Fodder.uasset" 4335
"../../../../../../shanshanye/Desktop/AI_final/GameAI-Final-Project/Content/Characters/AICharacter/Variants/BP_Character_VariantBase.uasset" 4336
"../../../../../../shanshanye/Desktop/AI_final/GameAI-Final-Project/Content/Characters/AICharacter/BP_Character.uasset" 4337
"../../../../../../shanshanye/Desktop/AI_final/GameAI-Final-Project/Content/Characters/AICharacter/Variants/Fodder/BP_Controller_Fodder.uasset" 4338
"../../../../../../shanshanye/Desktop/AI_final/GameAI-Final-Project/Content/Fab/Dune_Dweller_Rig/scene/SkeletalMeshes/scene.uasset" 4339
"../../../../../../shanshanye/Desktop/AI_final/GameAI-Final-Project/Content/Characters/Projectiles/BP_SelfDestructProjectile.uasset" 4340
"../../../../../../shanshanye/Desktop/AI_final/GameAI-Final-Project/Content/Characters/AICharacter/Materials/Eyeball.uasset" 4341
"../../../../../../shanshanye/Desktop/AI_final/GameAI-Final-Project/Content/StarterContent/Materials/M_Tech_Panel.uasset" 4342
"../../../../../../shanshanye/Desktop/AI_final/GameAI-Final-Project/Content/Characters/AICharacter/Materials/Panel2_MI.uasset" 4343
"../../../../../../shanshanye/Desktop/AI_final/GameAI-Final-Project/Content/Characters/AICharacter/Materials/Panel_MI.uasset" 4344
"../../../../../../shanshanye/Desktop/AI_final/GameAI-Final-Project/Content/Characters/AICharacter/BP_GAController.uasset" 4345
"../../../../../../shanshanye/Desktop/AI_final/GameAI-Final-Project/Content/Characters/AICharacter/Variants/Fodder/BehaviorTree_Fodder.uasset" 4346
"../../../../../../shanshanye/Desktop/AI_final/GameAI-Final-Project/Content/Characters/AICharacter/Variants/BP_Controller_VariantBase.uasset" 4347
"../../../../../../shanshanye/Desktop/AI_final/GameAI-Final-Project/Content/Characters/AICharacter/BP_GAPAthComponent.uasset" 4348
"../../../../../../shanshanye/Desktop/AI_final/GameAI-Final-Project/Content/Spatial/BP_SpatialComponent.uasset" 4349
"../../../../../../shanshanye/Desktop/AI_final/GameAI-Final-Project/Content/Fab/Dune_Dweller_Rig/scene/Materials/Cloth.uasset" 4350
"../../../../../../shanshanye/Desktop/AI_final/GameAI-Final-Project/Content/Fab/Dune_Dweller_Rig/scene/Materials/material.uasset" 4351
"../../../../../../shanshanye/Desktop/AI_final/GameAI-Final-Project/Content/Fab/Dune_Dweller_Rig/scene/Materials/Skin.uasset" 4352
"../../../../../../shanshanye/Desktop/AI_final/GameAI-Final-Project/Content/Fab/Dune_Dweller_Rig/scene/SkeletalMeshes/scene_PhysicsAsset.uasset" 4353
"../../../../../../shanshanye/Desktop/AI_final/GameAI-Final-Project/Content/Fab/Dune_Dweller_Rig/scene/SkeletalMeshes/scene_Skeleton.uasset" 4354
"../../../../../../shanshanye/Desktop/AI_final/GameAI-Final-Project/Content/StarterContent/Textures/T_MacroVariation.uasset" 4355
"../../../../../../shanshanye/Desktop/AI_final/GameAI-Final-Project/Content/StarterContent/Textures/T_Metal_Steel_D.uasset" 4356
"../../../../../../shanshanye/Desktop/AI_final/GameAI-Final-Project/Content/StarterContent/Textures/T_Tech_Panel_M.uasset" 4357
"../../../../../../shanshanye/Desktop/AI_final/GameAI-Final-Project/Content/StarterContent/Textures/T_Tech_Panel_N.uasset" 4358
"../../../../../../shanshanye/Desktop/AI_final/GameAI-Final-Project/Content/Spatial/SpatialFunction_Flee.uasset" 4359
"../../../../../../shanshanye/Desktop/AI_final/GameAI-Final-Project/Content/Characters/AICharacter/Variants/BlackboardBase.uasset" 4360
"../../../../../../shanshanye/Desktop/AI_final/GameAI-Final-Project/Content/Characters/AICharacter/Variants/BehaviorPieces/ChargePlayer_Task.uasset" 4361
"../../../../../../shanshanye/Desktop/AI_final/GameAI-Final-Project/Content/Characters/AICharacter/Variants/BehaviorPieces/CheckDistance_Decorator.uasset" 4362
"../../../../../../shanshanye/Desktop/AI_final/GameAI-Final-Project/Content/Characters/AICharacter/Variants/BehaviorPieces/FacePlayer_Service.uasset" 4363
"../../../../../../shanshanye/Desktop/AI_final/GameAI-Final-Project/Content/Characters/AICharacter/Variants/BehaviorPieces/SetSpatialFunction_Service.uasset" 4364
"../../../../../../shanshanye/Desktop/AI_final/GameAI-Final-Project/Content/Characters/AICharacter/Variants/BehaviorPieces/Shoot_Task.uasset" 4365
"../../../../../../shanshanye/Desktop/AI_final/GameAI-Final-Project/Content/Spatial/SpatialFunction_Hold_Close.uasset" 4366
"../../../../../../shanshanye/Desktop/AI_final/GameAI-Final-Project/Content/Perception/BP_PerceptionComponent.uasset" 4367
"../../../../../../shanshanye/Desktop/AI_final/GameAI-Final-Project/Content/Spatial/SpatialFunction_Hold_Mid.uasset" 4368
"../../../../../../shanshanye/Desktop/AI_final/GameAI-Final-Project/Content/Fab/Dune_Dweller_Rig/scene/Textures/Cloth_baseColor.uasset" 4369
"../../../../../../shanshanye/Desktop/AI_final/GameAI-Final-Project/Content/Fab/Dune_Dweller_Rig/scene/Textures/Cloth_normal.uasset" 4370
"../../../../../../shanshanye/Desktop/AI_final/GameAI-Final-Project/Content/Fab/Dune_Dweller_Rig/scene/Textures/Skin_baseColor.uasset" 4371
"../../../../../../shanshanye/Desktop/AI_final/GameAI-Final-Project/Content/Fab/Dune_Dweller_Rig/scene/Textures/Skin_normal.uasset" 4372
"/Game/__ExternalActors__/Maps/TheKillingHour/4/XR/XGB6878AZ8H2WF2QBMHV1Y" 4373
"../../../../../../shanshanye/Desktop/AI_final/GameAI-Final-Project/Content/__ExternalActors__/Maps/TheKillingHour/4/XR/XGB6878AZ8H2WF2QBMHV1Y.uasset" 4374
"/Game/__ExternalActors__/Maps/TheKillingHour/5/1G/EK727IQCZHX70A44BYB7U9" 4375
"../../../../../../shanshanye/Desktop/AI_final/GameAI-Final-Project/Content/__ExternalActors__/Maps/TheKillingHour/5/1G/EK727IQCZHX70A44BYB7U9.uasset" 4376
"/Game/__ExternalActors__/Maps/TheKillingHour/5/4L/1Z6Y0WXXJMLSE58L4N7KSG" 4377
"../../../../../../shanshanye/Desktop/AI_final/GameAI-Final-Project/Content/__ExternalActors__/Maps/TheKillingHour/5/4L/1Z6Y0WXXJMLSE58L4N7KSG.uasset" 4378
"/Game/__ExternalActors__/Maps/TheKillingHour/5/4W/HO74XW0DQLF6KX6EQ535BF" 4379
"../../../../../../shanshanye/Desktop/AI_final/GameAI-Final-Project/Content/__ExternalActors__/Maps/TheKillingHour/5/4W/HO74XW0DQLF6KX6EQ535BF.uasset" 4380
"/Game/__ExternalActors__/Maps/TheKillingHour/5/61/1PZR4V6JE9K9VKS135TX1C" 4381
"../../../../../../shanshanye/Desktop/AI_final/GameAI-Final-Project/Content/__ExternalActors__/Maps/TheKillingHour/5/61/1PZR4V6JE9K9VKS135TX1C.uasset" 4382
"/Game/__ExternalActors__/Maps/TheKillingHour/5/64/4RY17GWPXEWBFOPIRXMY7D" 4383
"../../../../../../shanshanye/Desktop/AI_final/GameAI-Final-Project/Content/__ExternalActors__/Maps/TheKillingHour/5/64/4RY17GWPXEWBFOPIRXMY7D.uasset" 4384
"/Game/__ExternalActors__/Maps/TheKillingHour/8/5H/0HHXQGE4RB0VIPKVF8BQV2" 4385
"../../../../../../shanshanye/Desktop/AI_final/GameAI-Final-Project/Content/__ExternalActors__/Maps/TheKillingHour/8/5H/0HHXQGE4RB0VIPKVF8BQV2.uasset" 4386
"/Game/__ExternalActors__/Maps/TheKillingHour/5/8H/9QJWBMHC35I4O7I2AKM5D9" 4387
"../../../../../../shanshanye/Desktop/AI_final/GameAI-Final-Project/Content/__ExternalActors__/Maps/TheKillingHour/5/8H/9QJWBMHC35I4O7I2AKM5D9.uasset" 4388
"/Game/__ExternalActors__/Maps/TheKillingHour/5/93/LY3YANXZXL5O1MD4A8C7CX" 4389
"../../../../../../shanshanye/Desktop/AI_final/GameAI-Final-Project/Content/__ExternalActors__/Maps/TheKillingHour/5/93/LY3YANXZXL5O1MD4A8C7CX.uasset" 4390
"/Game/__ExternalActors__/Maps/TheKillingHour/5/AK/QO6ES7RFPHQT3QNUBD03YN" 4391
"../../../../../../shanshanye/Desktop/AI_final/GameAI-Final-Project/Content/__ExternalActors__/Maps/TheKillingHour/5/AK/QO6ES7RFPHQT3QNUBD03YN.uasset" 4392
"/Game/__ExternalActors__/Maps/TheKillingHour/5/CT/CWT3E2JQLAKU3PGTPHG550" 4393
"../../../../../../shanshanye/Desktop/AI_final/GameAI-Final-Project/Content/__ExternalActors__/Maps/TheKillingHour/5/CT/CWT3E2JQLAKU3PGTPHG550.uasset" 4394
"/Game/__ExternalActors__/Maps/TheKillingHour/5/HD/PQ0ODVFG80K9UATTN39XWX" 4395
"../../../../../../shanshanye/Desktop/AI_final/GameAI-Final-Project/Content/__ExternalActors__/Maps/TheKillingHour/5/HD/PQ0ODVFG80K9UATTN39XWX.uasset" 4396
"/Game/__ExternalActors__/Maps/TheKillingHour/5/HS/ADAKPRB3X5H1DCB7VUX27P" 4397
"../../../../../../shanshanye/Desktop/AI_final/GameAI-Final-Project/Content/__ExternalActors__/Maps/TheKillingHour/5/HS/ADAKPRB3X5H1DCB7VUX27P.uasset" 4398
"/Game/__ExternalActors__/Maps/TheKillingHour/5/IJ/F7B9M32NLLRB69WUQ28BHW" 4399
"../../../../../../shanshanye/Desktop/AI_final/GameAI-Final-Project/Content/__ExternalActors__/Maps/TheKillingHour/5/IJ/F7B9M32NLLRB69WUQ28BHW.uasset" 4400
"/Game/__ExternalActors__/Maps/TheKillingHour/5/L7/WEJE2IG35HXTGZE9QCQ11P" 4401
"../../../../../../shanshanye/Desktop/AI_final/GameAI-Final-Project/Content/__ExternalActors__/Maps/TheKillingHour/5/L7/WEJE2IG35HXTGZE9QCQ11P.uasset" 4402
"/Game/__ExternalActors__/Maps/TheKillingHour/5/LA/0DSCWHTT6129OBFUY754JV" 4403
"../../../../../../shanshanye/Desktop/AI_final/GameAI-Final-Project/Content/__ExternalActors__/Maps/TheKillingHour/5/LA/0DSCWHTT6129OBFUY754JV.uasset" 4404
"/Game/__ExternalActors__/Maps/TheKillingHour/5/MS/HH9BDDWG1VX2TJS8RPUSYK" 4405
"../../../../../../shanshanye/Desktop/AI_final/GameAI-Final-Project/Content/__ExternalActors__/Maps/TheKillingHour/5/MS/HH9BDDWG1VX2TJS8RPUSYK.uasset" 4406
"/Game/__ExternalActors__/Maps/TheKillingHour/5/N2/TXATF0XLILCW1XY0VJ8WSR" 4407
"../../../../../../shanshanye/Desktop/AI_final/GameAI-Final-Project/Content/__ExternalActors__/Maps/TheKillingHour/5/N2/TXATF0XLILCW1XY0VJ8WSR.uasset" 4408
"/Game/__ExternalActors__/Maps/TheKillingHour/5/NH/KUGRZR66ADSSYM0S687497" 4409
"../../../../../../shanshanye/Desktop/AI_final/GameAI-Final-Project/Content/__ExternalActors__/Maps/TheKillingHour/5/NH/KUGRZR66ADSSYM0S687497.uasset" 4410
"/Game/__ExternalActors__/Maps/TheKillingHour/5/OC/QFEZDRTAZUS62V9V626NH2" 4411
"../../../../../../shanshanye/Desktop/AI_final/GameAI-Final-Project/Content/__ExternalActors__/Maps/TheKillingHour/5/OC/QFEZDRTAZUS62V9V626NH2.uasset" 4412
"/Game/__ExternalActors__/Maps/TheKillingHour/5/OM/3AQSFC09NR04INUCO4MM4V" 4413
"../../../../../../shanshanye/Desktop/AI_final/GameAI-Final-Project/Content/__ExternalActors__/Maps/TheKillingHour/5/OM/3AQSFC09NR04INUCO4MM4V.uasset" 4414
"/Game/__ExternalActors__/Maps/TheKillingHour/5/SG/GXA4H9E9ZHM1KDMSDUENUZ" 4415
"../../../../../../shanshanye/Desktop/AI_final/GameAI-Final-Project/Content/__ExternalActors__/Maps/TheKillingHour/5/SG/GXA4H9E9ZHM1KDMSDUENUZ.uasset" 4416
"/Game/__ExternalActors__/Maps/TheKillingHour/5/TO/JHQYEMMV3M66C3GB64MBET" 4417
"../../../../../../shanshanye/Desktop/AI_final/GameAI-Final-Project/Content/__ExternalActors__/Maps/TheKillingHour/5/TO/JHQYEMMV3M66C3GB64MBET.uasset" 4418
"/Game/__ExternalActors__/Maps/TheKillingHour/5/UD/8Y9XCIJWCT5043C7RCFADZ" 4419
"../../../../../../shanshanye/Desktop/AI_final/GameAI-Final-Project/Content/__ExternalActors__/Maps/TheKillingHour/5/UD/8Y9XCIJWCT5043C7RCFADZ.uasset" 4420
"/Game/__ExternalActors__/Maps/TheKillingHour/5/WP/O4M0ZBV9MGOQ2YI11DQ770" 4421
"../../../../../../shanshanye/Desktop/AI_final/GameAI-Final-Project/Content/__ExternalActors__/Maps/TheKillingHour/5/WP/O4M0ZBV9MGOQ2YI11DQ770.uasset" 4422
"/Game/__ExternalActors__/Maps/TheKillingHour/5/XE/FN8UQ90ICF2KH21M413QFW" 4423
"../../../../../../shanshanye/Desktop/AI_final/GameAI-Final-Project/Content/__ExternalActors__/Maps/TheKillingHour/5/XE/FN8UQ90ICF2KH21M413QFW.uasset" 4424
"/Game/__ExternalActors__/Maps/TheKillingHour/5/ZP/S37XPZ4Z4GSMOQQ4BJYDJW" 4425
"../../../../../../shanshanye/Desktop/AI_final/GameAI-Final-Project/Content/__ExternalActors__/Maps/TheKillingHour/5/ZP/S37XPZ4Z4GSMOQQ4BJYDJW.uasset" 4426
"/Game/__ExternalActors__/Maps/TheKillingHour/6/0N/QL4L8R3Y4C1SWAVBOWEG8O" 4427
"../../../../../../shanshanye/Desktop/AI_final/GameAI-Final-Project/Content/__ExternalActors__/Maps/TheKillingHour/6/0N/QL4L8R3Y4C1SWAVBOWEG8O.uasset" 4428
"/Game/__ExternalActors__/Maps/TheKillingHour/6/25/RSRNU5QRU57S48L259QWGQ" 4429
"../../../../../../shanshanye/Desktop/AI_final/GameAI-Final-Project/Content/__ExternalActors__/Maps/TheKillingHour/6/25/RSRNU5QRU57S48L259QWGQ.uasset" 4430
"/Game/__ExternalActors__/Maps/TheKillingHour/6/2V/J26ND1HB1TE77UXW5M12X1" 4431
"../../../../../../shanshanye/Desktop/AI_final/GameAI-Final-Project/Content/__ExternalActors__/Maps/TheKillingHour/6/2V/J26ND1HB1TE77UXW5M12X1.uasset" 4432
"/Game/__ExternalActors__/Maps/TheKillingHour/6/3A/47T1JM4NLQU0F1JCNF0BJT" 4433
"../../../../../../shanshanye/Desktop/AI_final/GameAI-Final-Project/Content/__ExternalActors__/Maps/TheKillingHour/6/3A/47T1JM4NLQU0F1JCNF0BJT.uasset" 4434
"/Game/__ExternalActors__/Maps/TheKillingHour/6/4Y/NIMVBUX6VRUIN82LMPUGHH" 4435
"../../../../../../shanshanye/Desktop/AI_final/GameAI-Final-Project/Content/__ExternalActors__/Maps/TheKillingHour/6/4Y/NIMVBUX6VRUIN82LMPUGHH.uasset" 4436
"/Game/__ExternalActors__/Maps/TheKillingHour/6/6K/BO2NGKX6BTPFNE3ORXY487" 4437
"../../../../../../shanshanye/Desktop/AI_final/GameAI-Final-Project/Content/__ExternalActors__/Maps/TheKillingHour/6/6K/BO2NGKX6BTPFNE3ORXY487.uasset" 4438
"/Game/__ExternalActors__/Maps/TheKillingHour/6/7C/MZ0YA23OZFUXWO51M76WTW" 4439
"../../../../../../shanshanye/Desktop/AI_final/GameAI-Final-Project/Content/__ExternalActors__/Maps/TheKillingHour/6/7C/MZ0YA23OZFUXWO51M76WTW.uasset" 4440
"/Game/__ExternalActors__/Maps/TheKillingHour/6/7U/VHLLR7BTIIDPJNHBX606RQ" 4441
"../../../../../../shanshanye/Desktop/AI_final/GameAI-Final-Project/Content/__ExternalActors__/Maps/TheKillingHour/6/7U/VHLLR7BTIIDPJNHBX606RQ.uasset" 4442
"/Game/__ExternalActors__/Maps/TheKillingHour/6/7U/YTAOTEJKXELKYV16HWBHD1" 4443
"../../../../../../shanshanye/Desktop/AI_final/GameAI-Final-Project/Content/__ExternalActors__/Maps/TheKillingHour/6/7U/YTAOTEJKXELKYV16HWBHD1.uasset" 4444
"/Game/__ExternalActors__/Maps/TheKillingHour/6/8P/SHWWE2AKYI044DPR51060O" 4445
"../../../../../../shanshanye/Desktop/AI_final/GameAI-Final-Project/Content/__ExternalActors__/Maps/TheKillingHour/6/8P/SHWWE2AKYI044DPR51060O.uasset" 4446
"/Game/__ExternalActors__/Maps/TheKillingHour/6/94/TBATT0KZRVDI74RAC66T81" 4447
"../../../../../../shanshanye/Desktop/AI_final/GameAI-Final-Project/Content/__ExternalActors__/Maps/TheKillingHour/6/94/TBATT0KZRVDI74RAC66T81.uasset" 4448
"/Game/__ExternalActors__/Maps/TheKillingHour/6/9B/MQKGEVTVV4HDWHD1BCAN3D" 4449
"../../../../../../shanshanye/Desktop/AI_final/GameAI-Final-Project/Content/__ExternalActors__/Maps/TheKillingHour/6/9B/MQKGEVTVV4HDWHD1BCAN3D.uasset" 4450
"/Game/__ExternalActors__/Maps/TheKillingHour/6/BA/QQ8A62IUWX7A43OQ1FTAV9" 4451
"../../../../../../shanshanye/Desktop/AI_final/GameAI-Final-Project/Content/__ExternalActors__/Maps/TheKillingHour/6/BA/QQ8A62IUWX7A43OQ1FTAV9.uasset" 4452
"/Game/__ExternalActors__/Maps/TheKillingHour/6/CO/B33YJ29TP8KPK5N5CL3S2V" 4453
"../../../../../../shanshanye/Desktop/AI_final/GameAI-Final-Project/Content/__ExternalActors__/Maps/TheKillingHour/6/CO/B33YJ29TP8KPK5N5CL3S2V.uasset" 4454
"/Game/__ExternalActors__/Maps/TheKillingHour/6/CZ/W5ZMGDQ9HPY0IL7FO6B8UI" 4455
"../../../../../../shanshanye/Desktop/AI_final/GameAI-Final-Project/Content/__ExternalActors__/Maps/TheKillingHour/6/CZ/W5ZMGDQ9HPY0IL7FO6B8UI.uasset" 4456
"/Game/__ExternalActors__/Maps/TheKillingHour/6/D2/BX2ZD9SMRS7M329FR7HQ83" 4457
"../../../../../../shanshanye/Desktop/AI_final/GameAI-Final-Project/Content/__ExternalActors__/Maps/TheKillingHour/6/D2/BX2ZD9SMRS7M329FR7HQ83.uasset" 4458
"/Game/__ExternalActors__/Maps/TheKillingHour/6/DQ/MOQPYVDGXFWN72OIJRQQLL" 4459
"../../../../../../shanshanye/Desktop/AI_final/GameAI-Final-Project/Content/__ExternalActors__/Maps/TheKillingHour/6/DQ/MOQPYVDGXFWN72OIJRQQLL.uasset" 4460
"/Game/__ExternalActors__/Maps/TheKillingHour/6/DY/F7X78HO8AMI6VGEHFQ8S2W" 4461
"../../../../../../shanshanye/Desktop/AI_final/GameAI-Final-Project/Content/__ExternalActors__/Maps/TheKillingHour/6/DY/F7X78HO8AMI6VGEHFQ8S2W.uasset" 4462
"/Game/__ExternalActors__/Maps/TheKillingHour/6/E0/R7RCRE69XWU1MFIBUYUIKK" 4463
"../../../../../../shanshanye/Desktop/AI_final/GameAI-Final-Project/Content/__ExternalActors__/Maps/TheKillingHour/6/E0/R7RCRE69XWU1MFIBUYUIKK.uasset" 4464
"/Game/__ExternalActors__/Maps/TheKillingHour/6/EJ/MN2NGQUPM1WVXH87FDXQD7" 4465
"../../../../../../shanshanye/Desktop/AI_final/GameAI-Final-Project/Content/__ExternalActors__/Maps/TheKillingHour/6/EJ/MN2NGQUPM1WVXH87FDXQD7.uasset" 4466
"/Game/__ExternalActors__/Maps/TheKillingHour/6/FF/YL0AI5GN69BG4FUCMSK5GS" 4467
"../../../../../../shanshanye/Desktop/AI_final/GameAI-Final-Project/Content/__ExternalActors__/Maps/TheKillingHour/6/FF/YL0AI5GN69BG4FUCMSK5GS.uasset" 4468
"/Game/__ExternalActors__/Maps/TheKillingHour/6/H8/40ILAGL1NE0H3XSLD56ORO" 4469
"../../../../../../shanshanye/Desktop/AI_final/GameAI-Final-Project/Content/__ExternalActors__/Maps/TheKillingHour/6/H8/40ILAGL1NE0H3XSLD56ORO.uasset" 4470
"/Game/__ExternalActors__/Maps/TheKillingHour/6/HI/FOEVM8WPS2XAJSCDGELAQ9" 4471
"../../../../../../shanshanye/Desktop/AI_final/GameAI-Final-Project/Content/__ExternalActors__/Maps/TheKillingHour/6/HI/FOEVM8WPS2XAJSCDGELAQ9.uasset" 4472
"/Game/__ExternalActors__/Maps/TheKillingHour/6/IK/8U77SRTW543OOFTZ68PLSL" 4473
"../../../../../../shanshanye/Desktop/AI_final/GameAI-Final-Project/Content/__ExternalActors__/Maps/TheKillingHour/6/IK/8U77SRTW543OOFTZ68PLSL.uasset" 4474
"/Game/__ExternalActors__/Maps/TheKillingHour/6/JV/48VBC77Q01B4IC2P2NFNHX" 4475
"../../../../../../shanshanye/Desktop/AI_final/GameAI-Final-Project/Content/__ExternalActors__/Maps/TheKillingHour/6/JV/48VBC77Q01B4IC2P2NFNHX.uasset" 4476
"/Game/__ExternalActors__/Maps/TheKillingHour/6/LZ/8MP52X6MYZ3OR32V0HQNX2" 4477
"../../../../../../shanshanye/Desktop/AI_final/GameAI-Final-Project/Content/__ExternalActors__/Maps/TheKillingHour/6/LZ/8MP52X6MYZ3OR32V0HQNX2.uasset" 4478
"/Game/__ExternalActors__/Maps/TheKillingHour/6/O5/SBBKYO2PQZEQRAR95356TJ" 4479
"../../../../../../shanshanye/Desktop/AI_final/GameAI-Final-Project/Content/__ExternalActors__/Maps/TheKillingHour/6/O5/SBBKYO2PQZEQRAR95356TJ.uasset" 4480
"/Game/__ExternalActors__/Maps/TheKillingHour/6/ON/9HMBCIKEUWJYWZUYJKHMF9" 4481
"../../../../../../shanshanye/Desktop/AI_final/GameAI-Final-Project/Content/__ExternalActors__/Maps/TheKillingHour/6/ON/9HMBCIKEUWJYWZUYJKHMF9.uasset" 4482
"/Game/__ExternalActors__/Maps/TheKillingHour/6/RK/RVHKYIWYTYSZVFQ7Y9LUXD" 4483
"../../../../../../shanshanye/Desktop/AI_final/GameAI-Final-Project/Content/__ExternalActors__/Maps/TheKillingHour/6/RK/RVHKYIWYTYSZVFQ7Y9LUXD.uasset" 4484
"/Game/__ExternalActors__/Maps/TheKillingHour/6/S7/N2U5PKZ6T6Z3LXKMRC4QI6" 4485
"../../../../../../shanshanye/Desktop/AI_final/GameAI-Final-Project/Content/__ExternalActors__/Maps/TheKillingHour/6/S7/N2U5PKZ6T6Z3LXKMRC4QI6.uasset" 4486
"/Game/__ExternalActors__/Maps/TheKillingHour/6/T9/YLSQ3RB919ARP5CGLIC4NP" 4487
"../../../../../../shanshanye/Desktop/AI_final/GameAI-Final-Project/Content/__ExternalActors__/Maps/TheKillingHour/6/T9/YLSQ3RB919ARP5CGLIC4NP.uasset" 4488
"/Game/__ExternalActors__/Maps/TheKillingHour/6/W6/L8V0WVSXNML3NR91LTGUO0" 4489
"../../../../../../shanshanye/Desktop/AI_final/GameAI-Final-Project/Content/__ExternalActors__/Maps/TheKillingHour/6/W6/L8V0WVSXNML3NR91LTGUO0.uasset" 4490
"/Game/__ExternalActors__/Maps/TheKillingHour/7/1E/2KU3GK19D2MAX2FPANQG8P" 4491
"../../../../../../shanshanye/Desktop/AI_final/GameAI-Final-Project/Content/__ExternalActors__/Maps/TheKillingHour/7/1E/2KU3GK19D2MAX2FPANQG8P.uasset" 4492
"/Game/__ExternalActors__/Maps/TheKillingHour/7/1Q/IYMIDAP4T63V7N61H50KQ4" 4493
"../../../../../../shanshanye/Desktop/AI_final/GameAI-Final-Project/Content/__ExternalActors__/Maps/TheKillingHour/7/1Q/IYMIDAP4T63V7N61H50KQ4.uasset" 4494
"/Game/__ExternalActors__/Maps/TheKillingHour/7/35/TOLC5R8GKUKMXTAWGHAW35" 4495
"../../../../../../shanshanye/Desktop/AI_final/GameAI-Final-Project/Content/__ExternalActors__/Maps/TheKillingHour/7/35/TOLC5R8GKUKMXTAWGHAW35.uasset" 4496
"/Game/__ExternalActors__/Maps/TheKillingHour/7/38/CCMJ7KU8EC7MD5O0G0TIKV" 4497
"../../../../../../shanshanye/Desktop/AI_final/GameAI-Final-Project/Content/__ExternalActors__/Maps/TheKillingHour/7/38/CCMJ7KU8EC7MD5O0G0TIKV.uasset" 4498
"/Game/__ExternalActors__/Maps/TheKillingHour/7/3I/O82M3XRY8GZZMUTT2IQ135" 4499
"../../../../../../shanshanye/Desktop/AI_final/GameAI-Final-Project/Content/__ExternalActors__/Maps/TheKillingHour/7/3I/O82M3XRY8GZZMUTT2IQ135.uasset" 4500
"/Game/__ExternalActors__/Maps/TheKillingHour/7/4K/0OXEX28P0C510223RQGTC3" 4501
"../../../../../../shanshanye/Desktop/AI_final/GameAI-Final-Project/Content/__ExternalActors__/Maps/TheKillingHour/7/4K/0OXEX28P0C510223RQGTC3.uasset" 4502
"/Game/__ExternalActors__/Maps/TheKillingHour/7/5M/5AJT17QM1VSGQQ8EXLLSFG" 4503
"../../../../../../shanshanye/Desktop/AI_final/GameAI-Final-Project/Content/__ExternalActors__/Maps/TheKillingHour/7/5M/5AJT17QM1VSGQQ8EXLLSFG.uasset" 4504
"/Game/__ExternalActors__/Maps/TheKillingHour/7/5P/XLH5GMLLMZYFOW7C01EY7G" 4505
"../../../../../../shanshanye/Desktop/AI_final/GameAI-Final-Project/Content/__ExternalActors__/Maps/TheKillingHour/7/5P/XLH5GMLLMZYFOW7C01EY7G.uasset" 4506
"/Game/__ExternalActors__/Maps/TheKillingHour/7/8C/O97T0LAQNV6911CPULQA80" 4507
"../../../../../../shanshanye/Desktop/AI_final/GameAI-Final-Project/Content/__ExternalActors__/Maps/TheKillingHour/7/8C/O97T0LAQNV6911CPULQA80.uasset" 4508
"/Game/__ExternalActors__/Maps/TheKillingHour/7/8J/GXOMG1MKR5BVIZ2ZHSCIAS" 4509
"../../../../../../shanshanye/Desktop/AI_final/GameAI-Final-Project/Content/__ExternalActors__/Maps/TheKillingHour/7/8J/GXOMG1MKR5BVIZ2ZHSCIAS.uasset" 4510
"/Game/__ExternalActors__/Maps/TheKillingHour/7/8R/19HZCSKOQCZVI6N7UOLN15" 4511
"../../../../../../shanshanye/Desktop/AI_final/GameAI-Final-Project/Content/__ExternalActors__/Maps/TheKillingHour/7/8R/19HZCSKOQCZVI6N7UOLN15.uasset" 4512
"/Game/__ExternalActors__/Maps/TheKillingHour/7/9T/005MVF9W9JYBIDEEAZMSBM" 4513
"../../../../../../shanshanye/Desktop/AI_final/GameAI-Final-Project/Content/__ExternalActors__/Maps/TheKillingHour/7/9T/005MVF9W9JYBIDEEAZMSBM.uasset" 4514
"/Game/__ExternalActors__/Maps/TheKillingHour/7/BG/S3IPDUHEE8PVR2O7MK5683" 4515
"../../../../../../shanshanye/Desktop/AI_final/GameAI-Final-Project/Content/__ExternalActors__/Maps/TheKillingHour/7/BG/S3IPDUHEE8PVR2O7MK5683.uasset" 4516
"/Game/__ExternalActors__/Maps/TheKillingHour/7/CK/C28RXKZKBCYFORXCN16DD4" 4517
"../../../../../../shanshanye/Desktop/AI_final/GameAI-Final-Project/Content/__ExternalActors__/Maps/TheKillingHour/7/CK/C28RXKZKBCYFORXCN16DD4.uasset" 4518
"/Game/__ExternalActors__/Maps/TheKillingHour/7/D8/LJEHC3W49LFOLJAMRWEOFS" 4519
"../../../../../../shanshanye/Desktop/AI_final/GameAI-Final-Project/Content/__ExternalActors__/Maps/TheKillingHour/7/D8/LJEHC3W49LFOLJAMRWEOFS.uasset" 4520
"/Game/__ExternalActors__/Maps/TheKillingHour/7/DK/Y10NO3G9ZWLLJKJDH0DXV4" 4521
"../../../../../../shanshanye/Desktop/AI_final/GameAI-Final-Project/Content/__ExternalActors__/Maps/TheKillingHour/7/DK/Y10NO3G9ZWLLJKJDH0DXV4.uasset" 4522
"/Game/__ExternalActors__/Maps/TheKillingHour/7/DO/V34RNNMC80CF1Q0UTO4BWO" 4523
"../../../../../../shanshanye/Desktop/AI_final/GameAI-Final-Project/Content/__ExternalActors__/Maps/TheKillingHour/7/DO/V34RNNMC80CF1Q0UTO4BWO.uasset" 4524
"/Game/__ExternalActors__/Maps/TheKillingHour/7/F1/YM8X9GVWVR33UJO45CJ3BN" 4525
"../../../../../../shanshanye/Desktop/AI_final/GameAI-Final-Project/Content/__ExternalActors__/Maps/TheKillingHour/7/F1/YM8X9GVWVR33UJO45CJ3BN.uasset" 4526
"/Game/__ExternalActors__/Maps/TheKillingHour/7/I2/D54D30YART9OLBV821I93R" 4527
"../../../../../../shanshanye/Desktop/AI_final/GameAI-Final-Project/Content/__ExternalActors__/Maps/TheKillingHour/7/I2/D54D30YART9OLBV821I93R.uasset" 4528
"/Game/__ExternalActors__/Maps/TheKillingHour/7/I7/RZDGZMDJX024GK7UL739LN" 4529
"../../../../../../shanshanye/Desktop/AI_final/GameAI-Final-Project/Content/__ExternalActors__/Maps/TheKillingHour/7/I7/RZDGZMDJX024GK7UL739LN.uasset" 4530
"/Game/__ExternalActors__/Maps/TheKillingHour/7/KH/01BC6XL2MMS7FWN80F7V70" 4531
"../../../../../../shanshanye/Desktop/AI_final/GameAI-Final-Project/Content/__ExternalActors__/Maps/TheKillingHour/7/KH/01BC6XL2MMS7FWN80F7V70.uasset" 4532
"/Game/__ExternalActors__/Maps/TheKillingHour/7/KJ/4VL5LET40TSZXXZPGY3G9A" 4533
"../../../../../../shanshanye/Desktop/AI_final/GameAI-Final-Project/Content/__ExternalActors__/Maps/TheKillingHour/7/KJ/4VL5LET40TSZXXZPGY3G9A.uasset" 4534
"/Game/__ExternalActors__/Maps/TheKillingHour/7/L1/7Z2U0GPT17KY91MNNFH4JN" 4535
"../../../../../../shanshanye/Desktop/AI_final/GameAI-Final-Project/Content/__ExternalActors__/Maps/TheKillingHour/7/L1/7Z2U0GPT17KY91MNNFH4JN.uasset" 4536
"/Game/__ExternalActors__/Maps/TheKillingHour/7/MQ/OAC27Y65DW0N36VPOILKRB" 4537
"../../../../../../shanshanye/Desktop/AI_final/GameAI-Final-Project/Content/__ExternalActors__/Maps/TheKillingHour/7/MQ/OAC27Y65DW0N36VPOILKRB.uasset" 4538
"/Game/__ExternalActors__/Maps/TheKillingHour/7/NT/2AXGVMPIA09OCHXM3PK7L7" 4539
"../../../../../../shanshanye/Desktop/AI_final/GameAI-Final-Project/Content/__ExternalActors__/Maps/TheKillingHour/7/NT/2AXGVMPIA09OCHXM3PK7L7.uasset" 4540
"/Game/__ExternalActors__/Maps/TheKillingHour/7/OY/T3V5A5JAA96JHA5ZFW49ZI" 4541
"../../../../../../shanshanye/Desktop/AI_final/GameAI-Final-Project/Content/__ExternalActors__/Maps/TheKillingHour/7/OY/T3V5A5JAA96JHA5ZFW49ZI.uasset" 4542
"/Game/__ExternalActors__/Maps/TheKillingHour/7/Q6/3KHXWVK6HE7I9QKXA09ATX" 4543
"../../../../../../shanshanye/Desktop/AI_final/GameAI-Final-Project/Content/__ExternalActors__/Maps/TheKillingHour/7/Q6/3KHXWVK6HE7I9QKXA09ATX.uasset" 4544
"/Game/__ExternalActors__/Maps/TheKillingHour/7/Q7/JK7NJ7YN9MDKESGST5QVKI" 4545
"../../../../../../shanshanye/Desktop/AI_final/GameAI-Final-Project/Content/__ExternalActors__/Maps/TheKillingHour/7/Q7/JK7NJ7YN9MDKESGST5QVKI.uasset" 4546
"/Game/__ExternalActors__/Maps/TheKillingHour/7/RX/UJ11P9HGZR2SDH6Y4674JD" 4547
"../../../../../../shanshanye/Desktop/AI_final/GameAI-Final-Project/Content/__ExternalActors__/Maps/TheKillingHour/7/RX/UJ11P9HGZR2SDH6Y4674JD.uasset" 4548
"/Game/__ExternalActors__/Maps/TheKillingHour/7/S2/209TJPDDDDT2HF3QN1OMIZ" 4549
"../../../../../../shanshanye/Desktop/AI_final/GameAI-Final-Project/Content/__ExternalActors__/Maps/TheKillingHour/7/S2/209TJPDDDDT2HF3QN1OMIZ.uasset" 4550
"/Game/__ExternalActors__/Maps/TheKillingHour/7/SP/Q8WV4P9HRNUBAM8UTNWXVM" 4551
"../../../../../../shanshanye/Desktop/AI_final/GameAI-Final-Project/Content/__ExternalActors__/Maps/TheKillingHour/7/SP/Q8WV4P9HRNUBAM8UTNWXVM.uasset" 4552
"/Game/__ExternalActors__/Maps/TheKillingHour/7/TF/QHJ0Q6Z11GE3BPR1VR12OI" 4553
"../../../../../../shanshanye/Desktop/AI_final/GameAI-Final-Project/Content/__ExternalActors__/Maps/TheKillingHour/7/TF/QHJ0Q6Z11GE3BPR1VR12OI.uasset" 4554
"/Game/__ExternalActors__/Maps/TheKillingHour/7/VG/KIHP3G929CFGRA4JDGCW1W" 4555
"../../../../../../shanshanye/Desktop/AI_final/GameAI-Final-Project/Content/__ExternalActors__/Maps/TheKillingHour/7/VG/KIHP3G929CFGRA4JDGCW1W.uasset" 4556
"/Game/__ExternalActors__/Maps/TheKillingHour/7/VK/2VJI232B278BFPWZ1I3E0E" 4557
"../../../../../../shanshanye/Desktop/AI_final/GameAI-Final-Project/Content/__ExternalActors__/Maps/TheKillingHour/7/VK/2VJI232B278BFPWZ1I3E0E.uasset" 4558
"/Game/__ExternalActors__/Maps/TheKillingHour/7/XI/4QYT7XXJ6E9AUAJD824N8Q" 4559
"../../../../../../shanshanye/Desktop/AI_final/GameAI-Final-Project/Content/__ExternalActors__/Maps/TheKillingHour/7/XI/4QYT7XXJ6E9AUAJD824N8Q.uasset" 4560
"../../../../../../shanshanye/Desktop/AI_final/GameAI-Final-Project/Content/__ExternalActors__/Maps/TheKillingHour/9/MB/TQ549RPCQ8O5JQTY691JSQ.uasset" 4561
"/Game/__ExternalActors__/Maps/TheKillingHour/7/Z4/C0DQ77UNV6HL06JZIO7FY9" 4562
"../../../../../../shanshanye/Desktop/AI_final/GameAI-Final-Project/Content/__ExternalActors__/Maps/TheKillingHour/7/Z4/C0DQ77UNV6HL06JZIO7FY9.uasset" 4563
"/Game/__ExternalActors__/Maps/TheKillingHour/7/ZU/B6WXHSAJM3Y3JDREW3ARWK" 4564
"../../../../../../shanshanye/Desktop/AI_final/GameAI-Final-Project/Content/__ExternalActors__/Maps/TheKillingHour/7/ZU/B6WXHSAJM3Y3JDREW3ARWK.uasset" 4565
"../../../../../../shanshanye/Desktop/AI_final/GameAI-Final-Project/Content/__ExternalActors__/Maps/TheKillingHour/9/2B/WWDITFNA4L9MC9WFZG34F6.uasset" 4566
"/Game/__ExternalActors__/Maps/TheKillingHour/8/0V/9R5P73IBZZZ47YYYVJKFLZ" 4567
"../../../../../../shanshanye/Desktop/AI_final/GameAI-Final-Project/Content/__ExternalActors__/Maps/TheKillingHour/8/0V/9R5P73IBZZZ47YYYVJKFLZ.uasset" 4568
"/Game/__ExternalActors__/Maps/TheKillingHour/8/1E/E81X2N2UXYUPM5Z6TM7B9A" 4569
"../../../../../../shanshanye/Desktop/AI_final/GameAI-Final-Project/Content/__ExternalActors__/Maps/TheKillingHour/8/1E/E81X2N2UXYUPM5Z6TM7B9A.uasset" 4570
"/Game/__ExternalActors__/Maps/TheKillingHour/8/2C/13BC4NV8QTPK52JF0T0EQ6" 4571
"../../../../../../shanshanye/Desktop/AI_final/GameAI-Final-Project/Content/__ExternalActors__/Maps/TheKillingHour/8/2C/13BC4NV8QTPK52JF0T0EQ6.uasset" 4572
"/Game/__ExternalActors__/Maps/TheKillingHour/8/3O/BULJAW84MLOZKAM34KXJJB" 4573
"../../../../../../shanshanye/Desktop/AI_final/GameAI-Final-Project/Content/__ExternalActors__/Maps/TheKillingHour/8/3O/BULJAW84MLOZKAM34KXJJB.uasset" 4574
"../../../Engine/Content/EngineSky/SM_SkySphere.uasset" 4575
"../../../Engine/Content/EngineSky/M_Sky_Panning_Clouds2.uasset" 4576
"../../../Engine/Content/EngineSky/T_Sky_Blue.uasset" 4577
"../../../Engine/Content/EngineSky/T_Sky_Clouds_M.uasset" 4578
"../../../Engine/Content/EngineSky/T_Sky_Stars.uasset" 4579
"/Game/__ExternalActors__/Maps/TheKillingHour/8/55/0DEONL36A54O5Z4UWW6SFC" 4580
"../../../../../../shanshanye/Desktop/AI_final/GameAI-Final-Project/Content/__ExternalActors__/Maps/TheKillingHour/8/55/0DEONL36A54O5Z4UWW6SFC.uasset" 4581
"/Game/__ExternalActors__/Maps/TheKillingHour/8/55/IXTDB6ZYIVPXTLI3I9SHGJ" 4582
"../../../../../../shanshanye/Desktop/AI_final/GameAI-Final-Project/Content/__ExternalActors__/Maps/TheKillingHour/8/55/IXTDB6ZYIVPXTLI3I9SHGJ.uasset" 4583
"/Game/__ExternalActors__/Maps/TheKillingHour/8/66/LFH6SLZRBBG7W5RF7GNUMU" 4584
"../../../../../../shanshanye/Desktop/AI_final/GameAI-Final-Project/Content/__ExternalActors__/Maps/TheKillingHour/8/66/LFH6SLZRBBG7W5RF7GNUMU.uasset" 4585
"/Game/__ExternalActors__/Maps/TheKillingHour/8/73/566QIMCJ3GY0UDIRASJRQ3" 4586
"../../../../../../shanshanye/Desktop/AI_final/GameAI-Final-Project/Content/__ExternalActors__/Maps/TheKillingHour/8/73/566QIMCJ3GY0UDIRASJRQ3.uasset" 4587
"/Game/__ExternalActors__/Maps/TheKillingHour/8/79/ZHAVNSPBVT7MCUQA1OPAZG" 4588
"../../../../../../shanshanye/Desktop/AI_final/GameAI-Final-Project/Content/__ExternalActors__/Maps/TheKillingHour/8/79/ZHAVNSPBVT7MCUQA1OPAZG.uasset" 4589
"/Game/__ExternalActors__/Maps/TheKillingHour/8/7T/Y9XJ54PKYMFPLPTJ861A8E" 4590
"../../../../../../shanshanye/Desktop/AI_final/GameAI-Final-Project/Content/__ExternalActors__/Maps/TheKillingHour/8/7T/Y9XJ54PKYMFPLPTJ861A8E.uasset" 4591
"/Game/__ExternalActors__/Maps/TheKillingHour/8/BA/Y24ALHSJPVFP2A4QO6TIQS" 4592
"../../../../../../shanshanye/Desktop/AI_final/GameAI-Final-Project/Content/__ExternalActors__/Maps/TheKillingHour/8/BA/Y24ALHSJPVFP2A4QO6TIQS.uasset" 4593
"/Game/__ExternalActors__/Maps/TheKillingHour/8/CD/B0F953O9SE29DBB0XWHE9N" 4594
"../../../../../../shanshanye/Desktop/AI_final/GameAI-Final-Project/Content/__ExternalActors__/Maps/TheKillingHour/8/CD/B0F953O9SE29DBB0XWHE9N.uasset" 4595
"/Game/__ExternalActors__/Maps/TheKillingHour/8/CR/WA85NXSS767E2S3KAW09YI" 4596
"../../../../../../shanshanye/Desktop/AI_final/GameAI-Final-Project/Content/__ExternalActors__/Maps/TheKillingHour/8/CR/WA85NXSS767E2S3KAW09YI.uasset" 4597
"/Game/__ExternalActors__/Maps/TheKillingHour/8/FU/U5XCWO8TKJXI6S386ODLU2" 4598
"../../../../../../shanshanye/Desktop/AI_final/GameAI-Final-Project/Content/__ExternalActors__/Maps/TheKillingHour/8/FU/U5XCWO8TKJXI6S386ODLU2.uasset" 4599
"/Game/__ExternalActors__/Maps/TheKillingHour/8/GK/JHPQ4FKVGWDL9S6YBHZVIH" 4600
"../../../../../../shanshanye/Desktop/AI_final/GameAI-Final-Project/Content/__ExternalActors__/Maps/TheKillingHour/8/GK/JHPQ4FKVGWDL9S6YBHZVIH.uasset" 4601
"/Game/__ExternalActors__/Maps/TheKillingHour/8/GP/S6BOFB08L13HR1N6O3GLIJ" 4602
"../../../../../../shanshanye/Desktop/AI_final/GameAI-Final-Project/Content/__ExternalActors__/Maps/TheKillingHour/8/GP/S6BOFB08L13HR1N6O3GLIJ.uasset" 4603
"/Game/__ExternalActors__/Maps/TheKillingHour/8/H7/XXXBEY648OXPQUNZRQZY5O" 4604
"../../../../../../shanshanye/Desktop/AI_final/GameAI-Final-Project/Content/__ExternalActors__/Maps/TheKillingHour/8/H7/XXXBEY648OXPQUNZRQZY5O.uasset" 4605
"/Game/__ExternalActors__/Maps/TheKillingHour/8/HX/HGB4MM99F7P4YLRF7DG736" 4606
"../../../../../../shanshanye/Desktop/AI_final/GameAI-Final-Project/Content/__ExternalActors__/Maps/TheKillingHour/8/HX/HGB4MM99F7P4YLRF7DG736.uasset" 4607
"/Game/__ExternalActors__/Maps/TheKillingHour/8/IY/TAFQSYPJDY8RQ1D5KYMSFL" 4608
"../../../../../../shanshanye/Desktop/AI_final/GameAI-Final-Project/Content/__ExternalActors__/Maps/TheKillingHour/8/IY/TAFQSYPJDY8RQ1D5KYMSFL.uasset" 4609
"/Game/__ExternalActors__/Maps/TheKillingHour/8/LF/3NI12Y5RRV4NWA7533TWKC" 4610
"../../../../../../shanshanye/Desktop/AI_final/GameAI-Final-Project/Content/__ExternalActors__/Maps/TheKillingHour/8/LF/3NI12Y5RRV4NWA7533TWKC.uasset" 4611
"/Game/__ExternalActors__/Maps/TheKillingHour/8/OY/DEMKBOC1C7LL5WVJOGYTYJ" 4612
"../../../../../../shanshanye/Desktop/AI_final/GameAI-Final-Project/Content/__ExternalActors__/Maps/TheKillingHour/8/OY/DEMKBOC1C7LL5WVJOGYTYJ.uasset" 4613
"/Game/__ExternalActors__/Maps/TheKillingHour/8/R4/TB9V7T3VXE86O6BNAGKSX8" 4614
"../../../../../../shanshanye/Desktop/AI_final/GameAI-Final-Project/Content/__ExternalActors__/Maps/TheKillingHour/8/R4/TB9V7T3VXE86O6BNAGKSX8.uasset" 4615
"/Game/__ExternalActors__/Maps/TheKillingHour/8/T4/4CBWAP6WTZBKYDHU04RN1B" 4616
"../../../../../../shanshanye/Desktop/AI_final/GameAI-Final-Project/Content/__ExternalActors__/Maps/TheKillingHour/8/T4/4CBWAP6WTZBKYDHU04RN1B.uasset" 4617
"/Game/__ExternalActors__/Maps/TheKillingHour/8/T5/X2IN3I14WAGCGW8SSHPIE4" 4618
"../../../../../../shanshanye/Desktop/AI_final/GameAI-Final-Project/Content/__ExternalActors__/Maps/TheKillingHour/8/T5/X2IN3I14WAGCGW8SSHPIE4.uasset" 4619
"/Game/__ExternalActors__/Maps/TheKillingHour/8/UH/W14DR9F8FU7FL4CS0CQEP6" 4620
"../../../../../../shanshanye/Desktop/AI_final/GameAI-Final-Project/Content/__ExternalActors__/Maps/TheKillingHour/8/UH/W14DR9F8FU7FL4CS0CQEP6.uasset" 4621
"/Game/__ExternalActors__/Maps/TheKillingHour/8/UP/R3YCZMQACKP9B4ILXGPPOF" 4622
"../../../../../../shanshanye/Desktop/AI_final/GameAI-Final-Project/Content/__ExternalActors__/Maps/TheKillingHour/8/UP/R3YCZMQACKP9B4ILXGPPOF.uasset" 4623
"/Game/__ExternalActors__/Maps/TheKillingHour/8/VR/I72WLIHFCLBZ72YS3K1W4E" 4624
"../../../../../../shanshanye/Desktop/AI_final/GameAI-Final-Project/Content/__ExternalActors__/Maps/TheKillingHour/8/VR/I72WLIHFCLBZ72YS3K1W4E.uasset" 4625
"/Game/__ExternalActors__/Maps/TheKillingHour/8/W2/2VK4OKH6LCGWR7E1UK30NC" 4626
"../../../../../../shanshanye/Desktop/AI_final/GameAI-Final-Project/Content/__ExternalActors__/Maps/TheKillingHour/8/W2/2VK4OKH6LCGWR7E1UK30NC.uasset" 4627
"/Game/__ExternalActors__/Maps/TheKillingHour/8/X3/1B8PFUD0V8AGITKAKQNSBK" 4628
"../../../../../../shanshanye/Desktop/AI_final/GameAI-Final-Project/Content/__ExternalActors__/Maps/TheKillingHour/8/X3/1B8PFUD0V8AGITKAKQNSBK.uasset" 4629
"/Game/__ExternalActors__/Maps/TheKillingHour/8/ZJ/O51E9C2HK2ZX5BYQW5624B" 4630
"../../../../../../shanshanye/Desktop/AI_final/GameAI-Final-Project/Content/__ExternalActors__/Maps/TheKillingHour/8/ZJ/O51E9C2HK2ZX5BYQW5624B.uasset" 4631
"/Game/__ExternalActors__/Maps/TheKillingHour/8/ZO/JAWVFNOUJCZPZ5LVO1DZOO" 4632
"../../../../../../shanshanye/Desktop/AI_final/GameAI-Final-Project/Content/__ExternalActors__/Maps/TheKillingHour/8/ZO/JAWVFNOUJCZPZ5LVO1DZOO.uasset" 4633
"/Game/__ExternalActors__/Maps/TheKillingHour/9/0S/BAW4IGMF8VCU3Q0AK5IFNL" 4634
"../../../../../../shanshanye/Desktop/AI_final/GameAI-Final-Project/Content/__ExternalActors__/Maps/TheKillingHour/9/0S/BAW4IGMF8VCU3Q0AK5IFNL.uasset" 4635
"/Game/__ExternalActors__/Maps/TheKillingHour/9/0V/4R4J66QFY1XJ5J20108BGG" 4636
"../../../../../../shanshanye/Desktop/AI_final/GameAI-Final-Project/Content/__ExternalActors__/Maps/TheKillingHour/9/0V/4R4J66QFY1XJ5J20108BGG.uasset" 4637
"/Game/__ExternalActors__/Maps/TheKillingHour/9/2G/P2LZMSDLHLRB0JWETZNCPM" 4638
"../../../../../../shanshanye/Desktop/AI_final/GameAI-Final-Project/Content/__ExternalActors__/Maps/TheKillingHour/9/2G/P2LZMSDLHLRB0JWETZNCPM.uasset" 4639
"/Game/__ExternalActors__/Maps/TheKillingHour/9/2R/Y1GUSSROS2TIZ54SQAMBE4" 4640
"../../../../../../shanshanye/Desktop/AI_final/GameAI-Final-Project/Content/__ExternalActors__/Maps/TheKillingHour/9/2R/Y1GUSSROS2TIZ54SQAMBE4.uasset" 4641
"/Game/__ExternalActors__/Maps/TheKillingHour/9/2W/1JW7D3VNTPBDCAC6LWUMFM" 4642
"../../../../../../shanshanye/Desktop/AI_final/GameAI-Final-Project/Content/__ExternalActors__/Maps/TheKillingHour/9/2W/1JW7D3VNTPBDCAC6LWUMFM.uasset" 4643
"/Game/__ExternalActors__/Maps/TheKillingHour/9/2W/P7DF41B1ZHN04I6UQWDQIJ" 4644
"../../../../../../shanshanye/Desktop/AI_final/GameAI-Final-Project/Content/__ExternalActors__/Maps/TheKillingHour/9/2W/P7DF41B1ZHN04I6UQWDQIJ.uasset" 4645
"/Game/__ExternalActors__/Maps/TheKillingHour/9/74/F8E5SBBQ5KOC63SX6VENX7" 4646
"../../../../../../shanshanye/Desktop/AI_final/GameAI-Final-Project/Content/__ExternalActors__/Maps/TheKillingHour/9/74/F8E5SBBQ5KOC63SX6VENX7.uasset" 4647
"/Game/__ExternalActors__/Maps/TheKillingHour/C/MS/ULWZJNMOZDH51YEKI1YD27" 4648
"../../../../../../shanshanye/Desktop/AI_final/GameAI-Final-Project/Content/__ExternalActors__/Maps/TheKillingHour/C/MS/ULWZJNMOZDH51YEKI1YD27.uasset" 4649
"/Game/__ExternalActors__/Maps/TheKillingHour/9/7F/I3TQQ86B7VQ3JLA9EK88ZJ" 4650
"../../../../../../shanshanye/Desktop/AI_final/GameAI-Final-Project/Content/__ExternalActors__/Maps/TheKillingHour/9/7F/I3TQQ86B7VQ3JLA9EK88ZJ.uasset" 4651
"/Game/__ExternalActors__/Maps/TheKillingHour/9/7V/D5EEE2GV0AEGP3V7Q7505U" 4652
"../../../../../../shanshanye/Desktop/AI_final/GameAI-Final-Project/Content/__ExternalActors__/Maps/TheKillingHour/9/7V/D5EEE2GV0AEGP3V7Q7505U.uasset" 4653
"/Game/__ExternalActors__/Maps/TheKillingHour/9/80/CZORDQCYMZFHQUIXAQ6CQB" 4654
"../../../../../../shanshanye/Desktop/AI_final/GameAI-Final-Project/Content/__ExternalActors__/Maps/TheKillingHour/9/80/CZORDQCYMZFHQUIXAQ6CQB.uasset" 4655
"/Game/__ExternalActors__/Maps/TheKillingHour/9/85/AJ3L3INUGWJB9UUW3OAPXO" 4656
"../../../../../../shanshanye/Desktop/AI_final/GameAI-Final-Project/Content/__ExternalActors__/Maps/TheKillingHour/9/85/AJ3L3INUGWJB9UUW3OAPXO.uasset" 4657
"/Game/__ExternalActors__/Maps/TheKillingHour/9/87/QN34O1FO0YAJ1NRQYG4EZM" 4658
"../../../../../../shanshanye/Desktop/AI_final/GameAI-Final-Project/Content/__ExternalActors__/Maps/TheKillingHour/9/87/QN34O1FO0YAJ1NRQYG4EZM.uasset" 4659
"/Game/__ExternalActors__/Maps/TheKillingHour/9/CZ/CI5N7A2VGQS5ZKE6E481J7" 4660
"../../../../../../shanshanye/Desktop/AI_final/GameAI-Final-Project/Content/__ExternalActors__/Maps/TheKillingHour/9/CZ/CI5N7A2VGQS5ZKE6E481J7.uasset" 4661
"/Game/__ExternalActors__/Maps/TheKillingHour/9/DD/GN3MPJZOEHNWLUAFGT6E76" 4662
"../../../../../../shanshanye/Desktop/AI_final/GameAI-Final-Project/Content/__ExternalActors__/Maps/TheKillingHour/9/DD/GN3MPJZOEHNWLUAFGT6E76.uasset" 4663
"/Game/__ExternalActors__/Maps/TheKillingHour/9/EG/L6N0BBVSNF8B4L77XYTT1D" 4664
"../../../../../../shanshanye/Desktop/AI_final/GameAI-Final-Project/Content/__ExternalActors__/Maps/TheKillingHour/9/EG/L6N0BBVSNF8B4L77XYTT1D.uasset" 4665
"/Game/__ExternalActors__/Maps/TheKillingHour/9/ER/H01UHG74R2EZMGQU17QPRI" 4666
"../../../../../../shanshanye/Desktop/AI_final/GameAI-Final-Project/Content/__ExternalActors__/Maps/TheKillingHour/9/ER/H01UHG74R2EZMGQU17QPRI.uasset" 4667
"/Game/__ExternalActors__/Maps/TheKillingHour/9/ET/VUKGJH0GF1LATIEOB44YJ1" 4668
"../../../../../../shanshanye/Desktop/AI_final/GameAI-Final-Project/Content/__ExternalActors__/Maps/TheKillingHour/9/ET/VUKGJH0GF1LATIEOB44YJ1.uasset" 4669
"/Game/__ExternalActors__/Maps/TheKillingHour/9/EZ/OG9R01K4MQRHKWYDFNHT7N" 4670
"../../../../../../shanshanye/Desktop/AI_final/GameAI-Final-Project/Content/__ExternalActors__/Maps/TheKillingHour/9/EZ/OG9R01K4MQRHKWYDFNHT7N.uasset" 4671
"/Game/__ExternalActors__/Maps/TheKillingHour/9/F6/AZXSA4L7T1OD1TFNEHW5ZE" 4672
"../../../../../../shanshanye/Desktop/AI_final/GameAI-Final-Project/Content/__ExternalActors__/Maps/TheKillingHour/9/F6/AZXSA4L7T1OD1TFNEHW5ZE.uasset" 4673
"/Game/__ExternalActors__/Maps/TheKillingHour/9/FN/Y2ME8I58G9YJG1H5V5I4UF" 4674
"../../../../../../shanshanye/Desktop/AI_final/GameAI-Final-Project/Content/__ExternalActors__/Maps/TheKillingHour/9/FN/Y2ME8I58G9YJG1H5V5I4UF.uasset" 4675
"/Game/__ExternalActors__/Maps/TheKillingHour/9/I2/NI1E9PS88A51R0UD2OCZUP" 4676
"../../../../../../shanshanye/Desktop/AI_final/GameAI-Final-Project/Content/__ExternalActors__/Maps/TheKillingHour/9/I2/NI1E9PS88A51R0UD2OCZUP.uasset" 4677
"/Game/__ExternalActors__/Maps/TheKillingHour/9/IF/MJ37FT4EZP332WUPHLKOYV" 4678
"../../../../../../shanshanye/Desktop/AI_final/GameAI-Final-Project/Content/__ExternalActors__/Maps/TheKillingHour/9/IF/MJ37FT4EZP332WUPHLKOYV.uasset" 4679
"/Game/__ExternalActors__/Maps/TheKillingHour/9/JB/3TT9HK1XJ4J96SLI8B2Q13" 4680
"../../../../../../shanshanye/Desktop/AI_final/GameAI-Final-Project/Content/__ExternalActors__/Maps/TheKillingHour/9/JB/3TT9HK1XJ4J96SLI8B2Q13.uasset" 4681
"/Game/__ExternalActors__/Maps/TheKillingHour/9/K1/TBKN1GK8DI0124Y90J4RC9" 4682
"../../../../../../shanshanye/Desktop/AI_final/GameAI-Final-Project/Content/__ExternalActors__/Maps/TheKillingHour/9/K1/TBKN1GK8DI0124Y90J4RC9.uasset" 4683
"/Game/__ExternalActors__/Maps/TheKillingHour/9/MI/3YHBN0O8O6H1M9TE984XO1" 4684
"../../../../../../shanshanye/Desktop/AI_final/GameAI-Final-Project/Content/__ExternalActors__/Maps/TheKillingHour/9/MI/3YHBN0O8O6H1M9TE984XO1.uasset" 4685
"/Game/__ExternalActors__/Maps/TheKillingHour/9/MX/JZYDY2BBM3T318D5AU04MF" 4686
"../../../../../../shanshanye/Desktop/AI_final/GameAI-Final-Project/Content/__ExternalActors__/Maps/TheKillingHour/9/MX/JZYDY2BBM3T318D5AU04MF.uasset" 4687
"/Game/__ExternalActors__/Maps/TheKillingHour/9/NI/S6NNLBR4FN73BDIRUGA0DN" 4688
"../../../../../../shanshanye/Desktop/AI_final/GameAI-Final-Project/Content/__ExternalActors__/Maps/TheKillingHour/9/NI/S6NNLBR4FN73BDIRUGA0DN.uasset" 4689
"/Game/__ExternalActors__/Maps/TheKillingHour/9/NN/KJ85H8FN8C14BM7TMPR4HH" 4690
"../../../../../../shanshanye/Desktop/AI_final/GameAI-Final-Project/Content/__ExternalActors__/Maps/TheKillingHour/9/NN/KJ85H8FN8C14BM7TMPR4HH.uasset" 4691
"/Game/__ExternalActors__/Maps/TheKillingHour/9/NX/4SVUUUFI439X7ENLIN16O5" 4692
"../../../../../../shanshanye/Desktop/AI_final/GameAI-Final-Project/Content/__ExternalActors__/Maps/TheKillingHour/9/NX/4SVUUUFI439X7ENLIN16O5.uasset" 4693
"/Game/__ExternalActors__/Maps/TheKillingHour/9/OW/YYWGWXK90QZL0P406TBGNJ" 4694
"../../../../../../shanshanye/Desktop/AI_final/GameAI-Final-Project/Content/__ExternalActors__/Maps/TheKillingHour/9/OW/YYWGWXK90QZL0P406TBGNJ.uasset" 4695
"/Game/__ExternalActors__/Maps/TheKillingHour/9/QZ/U15MRNIM0QL2FKS7IJTC8D" 4696
"../../../../../../shanshanye/Desktop/AI_final/GameAI-Final-Project/Content/__ExternalActors__/Maps/TheKillingHour/9/QZ/U15MRNIM0QL2FKS7IJTC8D.uasset" 4697
"/Game/__ExternalActors__/Maps/TheKillingHour/9/RJ/CB1V8TCD2HJHM8A9DWQPMU" 4698
"../../../../../../shanshanye/Desktop/AI_final/GameAI-Final-Project/Content/__ExternalActors__/Maps/TheKillingHour/9/RJ/CB1V8TCD2HJHM8A9DWQPMU.uasset" 4699
"/Game/__ExternalActors__/Maps/TheKillingHour/9/VD/UTUI15VH80D6D11I609V1D" 4700
"../../../../../../shanshanye/Desktop/AI_final/GameAI-Final-Project/Content/__ExternalActors__/Maps/TheKillingHour/9/VD/UTUI15VH80D6D11I609V1D.uasset" 4701
"/Game/__ExternalActors__/Maps/TheKillingHour/9/VI/CNO7U6Y2GLM228F80ALXL1" 4702
"../../../../../../shanshanye/Desktop/AI_final/GameAI-Final-Project/Content/__ExternalActors__/Maps/TheKillingHour/9/VI/CNO7U6Y2GLM228F80ALXL1.uasset" 4703
"/Game/__ExternalActors__/Maps/TheKillingHour/9/VK/EURKBFENBJYVCDPVGUXMSQ" 4704
"../../../../../../shanshanye/Desktop/AI_final/GameAI-Final-Project/Content/__ExternalActors__/Maps/TheKillingHour/9/VK/EURKBFENBJYVCDPVGUXMSQ.uasset" 4705
"/Game/__ExternalActors__/Maps/TheKillingHour/9/W8/28STXPYU94PH064FCTHEXH" 4706
"../../../../../../shanshanye/Desktop/AI_final/GameAI-Final-Project/Content/__ExternalActors__/Maps/TheKillingHour/9/W8/28STXPYU94PH064FCTHEXH.uasset" 4707
"/Game/__ExternalActors__/Maps/TheKillingHour/9/YB/P765JX78UL9SW0OLR1C6RD" 4708
"../../../../../../shanshanye/Desktop/AI_final/GameAI-Final-Project/Content/__ExternalActors__/Maps/TheKillingHour/9/YB/P765JX78UL9SW0OLR1C6RD.uasset" 4709
"/Game/__ExternalActors__/Maps/TheKillingHour/9/YH/137MYQGOK7WPP5J9P85DYX" 4710
"../../../../../../shanshanye/Desktop/AI_final/GameAI-Final-Project/Content/__ExternalActors__/Maps/TheKillingHour/9/YH/137MYQGOK7WPP5J9P85DYX.uasset" 4711
"/Game/__ExternalActors__/Maps/TheKillingHour/A/03/GJ5RQR56HUFNJSY9ZGSYIJ" 4712
"../../../../../../shanshanye/Desktop/AI_final/GameAI-Final-Project/Content/__ExternalActors__/Maps/TheKillingHour/A/03/GJ5RQR56HUFNJSY9ZGSYIJ.uasset" 4713
"/Game/__ExternalActors__/Maps/TheKillingHour/A/0A/17OOOCXT9NIF2W3A8EVUWY" 4714
"../../../../../../shanshanye/Desktop/AI_final/GameAI-Final-Project/Content/__ExternalActors__/Maps/TheKillingHour/A/0A/17OOOCXT9NIF2W3A8EVUWY.uasset" 4715
"/Game/__ExternalActors__/Maps/TheKillingHour/A/3G/9JIIKYBKXTQQRKVQE6NAPR" 4716
"../../../../../../shanshanye/Desktop/AI_final/GameAI-Final-Project/Content/__ExternalActors__/Maps/TheKillingHour/A/3G/9JIIKYBKXTQQRKVQE6NAPR.uasset" 4717
"/Game/__ExternalActors__/Maps/TheKillingHour/A/4G/F4QR4TM2MXYZX92EPYUP9W" 4718
"../../../../../../shanshanye/Desktop/AI_final/GameAI-Final-Project/Content/__ExternalActors__/Maps/TheKillingHour/A/4G/F4QR4TM2MXYZX92EPYUP9W.uasset" 4719
"/Game/__ExternalActors__/Maps/TheKillingHour/A/4X/7U7UQJOVZQ83Y6ZG4SSO5U" 4720
"../../../../../../shanshanye/Desktop/AI_final/GameAI-Final-Project/Content/__ExternalActors__/Maps/TheKillingHour/A/4X/7U7UQJOVZQ83Y6ZG4SSO5U.uasset" 4721
"/Game/__ExternalActors__/Maps/TheKillingHour/A/4Z/Y37JGA8P60B2THY96FR839" 4722
"../../../../../../shanshanye/Desktop/AI_final/GameAI-Final-Project/Content/__ExternalActors__/Maps/TheKillingHour/A/4Z/Y37JGA8P60B2THY96FR839.uasset" 4723
"/Game/__ExternalActors__/Maps/TheKillingHour/A/5Q/ILWYLWJFCHF0NQS4LVFYWG" 4724
"../../../../../../shanshanye/Desktop/AI_final/GameAI-Final-Project/Content/__ExternalActors__/Maps/TheKillingHour/A/5Q/ILWYLWJFCHF0NQS4LVFYWG.uasset" 4725
"/Game/__ExternalActors__/Maps/TheKillingHour/A/6A/7B7LLURNIOXSYCO9I3I8YY" 4726
"../../../../../../shanshanye/Desktop/AI_final/GameAI-Final-Project/Content/__ExternalActors__/Maps/TheKillingHour/A/6A/7B7LLURNIOXSYCO9I3I8YY.uasset" 4727
"/Game/__ExternalActors__/Maps/TheKillingHour/A/7Y/TVLX3664KTKY40VTTF32JD" 4728
"../../../../../../shanshanye/Desktop/AI_final/GameAI-Final-Project/Content/__ExternalActors__/Maps/TheKillingHour/A/7Y/TVLX3664KTKY40VTTF32JD.uasset" 4729
"/Game/__ExternalActors__/Maps/TheKillingHour/A/8X/UYZLCJBTZFXWXR6N11ESFU" 4730
"../../../../../../shanshanye/Desktop/AI_final/GameAI-Final-Project/Content/__ExternalActors__/Maps/TheKillingHour/A/8X/UYZLCJBTZFXWXR6N11ESFU.uasset" 4731
"/Game/__ExternalActors__/Maps/TheKillingHour/A/9D/Z19PCBPYHNFRCY6JYRTI1J" 4732
"../../../../../../shanshanye/Desktop/AI_final/GameAI-Final-Project/Content/__ExternalActors__/Maps/TheKillingHour/A/9D/Z19PCBPYHNFRCY6JYRTI1J.uasset" 4733
"/Game/__ExternalActors__/Maps/TheKillingHour/A/AZ/46G2EYIAEBDD7SAZL9UGUJ" 4734
"../../../../../../shanshanye/Desktop/AI_final/GameAI-Final-Project/Content/__ExternalActors__/Maps/TheKillingHour/A/AZ/46G2EYIAEBDD7SAZL9UGUJ.uasset" 4735
"/Game/__ExternalActors__/Maps/TheKillingHour/A/B9/U7K5IMACBDE5CD9M292I7Y" 4736
"../../../../../../shanshanye/Desktop/AI_final/GameAI-Final-Project/Content/__ExternalActors__/Maps/TheKillingHour/A/B9/U7K5IMACBDE5CD9M292I7Y.uasset" 4737
"/Game/__ExternalActors__/Maps/TheKillingHour/A/BB/I1QDY0JGDM9E3KTVMXVZPB" 4738
"../../../../../../shanshanye/Desktop/AI_final/GameAI-Final-Project/Content/__ExternalActors__/Maps/TheKillingHour/A/BB/I1QDY0JGDM9E3KTVMXVZPB.uasset" 4739
"/Game/__ExternalActors__/Maps/TheKillingHour/A/BO/7IDE3F9A51XGWJYQYVMUCD" 4740
"../../../../../../shanshanye/Desktop/AI_final/GameAI-Final-Project/Content/__ExternalActors__/Maps/TheKillingHour/A/BO/7IDE3F9A51XGWJYQYVMUCD.uasset" 4741
"/Game/__ExternalActors__/Maps/TheKillingHour/A/C4/7RCTHKSCRMLZGEN5O961HG" 4742
"../../../../../../shanshanye/Desktop/AI_final/GameAI-Final-Project/Content/__ExternalActors__/Maps/TheKillingHour/A/C4/7RCTHKSCRMLZGEN5O961HG.uasset" 4743
"/Game/__ExternalActors__/Maps/TheKillingHour/A/CW/HDF68Y0RA0HJP741ZMKOQZ" 4744
"../../../../../../shanshanye/Desktop/AI_final/GameAI-Final-Project/Content/__ExternalActors__/Maps/TheKillingHour/A/CW/HDF68Y0RA0HJP741ZMKOQZ.uasset" 4745
"/Game/__ExternalActors__/Maps/TheKillingHour/A/FX/XMK3Y8DSDQDFEJ8MI39NJG" 4746
"../../../../../../shanshanye/Desktop/AI_final/GameAI-Final-Project/Content/__ExternalActors__/Maps/TheKillingHour/A/FX/XMK3Y8DSDQDFEJ8MI39NJG.uasset" 4747
"/Game/__ExternalActors__/Maps/TheKillingHour/A/G3/83Y8CCFJD4YNYCBE17F161" 4748
"../../../../../../shanshanye/Desktop/AI_final/GameAI-Final-Project/Content/__ExternalActors__/Maps/TheKillingHour/A/G3/83Y8CCFJD4YNYCBE17F161.uasset" 4749
"/Game/__ExternalActors__/Maps/TheKillingHour/A/JE/IBQBLICEB78GIJ90ZHZV46" 4750
"../../../../../../shanshanye/Desktop/AI_final/GameAI-Final-Project/Content/__ExternalActors__/Maps/TheKillingHour/A/JE/IBQBLICEB78GIJ90ZHZV46.uasset" 4751
"/Game/__ExternalActors__/Maps/TheKillingHour/A/JL/36RPFLX9T48S4ZP6C0XN5H" 4752
"../../../../../../shanshanye/Desktop/AI_final/GameAI-Final-Project/Content/__ExternalActors__/Maps/TheKillingHour/A/JL/36RPFLX9T48S4ZP6C0XN5H.uasset" 4753
"/Game/__ExternalActors__/Maps/TheKillingHour/A/K3/E21OTBJF4JPPLUBS21XRB2" 4754
"../../../../../../shanshanye/Desktop/AI_final/GameAI-Final-Project/Content/__ExternalActors__/Maps/TheKillingHour/A/K3/E21OTBJF4JPPLUBS21XRB2.uasset" 4755
"/Game/__ExternalActors__/Maps/TheKillingHour/A/K4/NN96I3RDC4OYB6FYABR045" 4756
"../../../../../../shanshanye/Desktop/AI_final/GameAI-Final-Project/Content/__ExternalActors__/Maps/TheKillingHour/A/K4/NN96I3RDC4OYB6FYABR045.uasset" 4757
"/Game/__ExternalActors__/Maps/TheKillingHour/A/KQ/JI1FA1S9JEXW8YBM7649KB" 4758
"../../../../../../shanshanye/Desktop/AI_final/GameAI-Final-Project/Content/__ExternalActors__/Maps/TheKillingHour/A/KQ/JI1FA1S9JEXW8YBM7649KB.uasset" 4759
"/Game/__ExternalActors__/Maps/TheKillingHour/A/M3/982QLM8Z1TG1QKPJHHGJ89" 4760
"../../../../../../shanshanye/Desktop/AI_final/GameAI-Final-Project/Content/__ExternalActors__/Maps/TheKillingHour/A/M3/982QLM8Z1TG1QKPJHHGJ89.uasset" 4761
"../../../Engine/Content/EngineSky/VolumetricClouds/m_SimpleVolumetricCloud_Inst.uasset" 4762
"../../../Engine/Content/EngineSky/VolumetricClouds/m_SimpleVolumetricCloud.uasset" 4763
"../../../Engine/Content/EngineSky/VolumetricClouds/T_CloudMask.uasset" 4764
"../../../Engine/Content/EngineSky/VolumetricClouds/T_CloudPattern.uasset" 4765
"../../../Engine/Content/EngineSky/VolumetricClouds/T_Profile_08.uasset" 4766
"../../../Engine/Content/EngineSky/VolumetricClouds/VT_PerlinWorley_Balanced.uasset" 4767
"../../../Engine/Content/Functions/Engine_MaterialFunctions01/Units/Km-to-Cm.uasset" 4768
"../../../Engine/Content/Functions/Engine_MaterialFunctions02/Utility/BreakOutFloat4Components.uasset" 4769
"../../../Engine/Content/Functions/Engine_MaterialFunctions02/Utility/MakeFloat4.uasset" 4770
"../../../Engine/Content/EngineSky/VolumetricClouds/VT_Lightning.uasset" 4771
"/Game/__ExternalActors__/Maps/TheKillingHour/A/MU/9AW3WBLOKVGZWNUMC67ZFS" 4772
"../../../../../../shanshanye/Desktop/AI_final/GameAI-Final-Project/Content/__ExternalActors__/Maps/TheKillingHour/A/MU/9AW3WBLOKVGZWNUMC67ZFS.uasset" 4773
"/Game/__ExternalActors__/Maps/TheKillingHour/A/N1/M3E2Q9FGHP002NEVE3T5TB" 4774
"../../../../../../shanshanye/Desktop/AI_final/GameAI-Final-Project/Content/__ExternalActors__/Maps/TheKillingHour/A/N1/M3E2Q9FGHP002NEVE3T5TB.uasset" 4775
"/Game/__ExternalActors__/Maps/TheKillingHour/A/NL/BL6VV0HIDFMZZSJ5QNZ9AH" 4776
"../../../../../../shanshanye/Desktop/AI_final/GameAI-Final-Project/Content/__ExternalActors__/Maps/TheKillingHour/A/NL/BL6VV0HIDFMZZSJ5QNZ9AH.uasset" 4777
"/Game/__ExternalActors__/Maps/TheKillingHour/A/NO/LOXNHQ9NEO8JT3I0XYTUWY" 4778
"../../../../../../shanshanye/Desktop/AI_final/GameAI-Final-Project/Content/__ExternalActors__/Maps/TheKillingHour/A/NO/LOXNHQ9NEO8JT3I0XYTUWY.uasset" 4779
"/Game/__ExternalActors__/Maps/TheKillingHour/A/NY/XEUEFEHEG5BLJ94KY2S00V" 4780
"../../../../../../shanshanye/Desktop/AI_final/GameAI-Final-Project/Content/__ExternalActors__/Maps/TheKillingHour/A/NY/XEUEFEHEG5BLJ94KY2S00V.uasset" 4781
"/Game/__ExternalActors__/Maps/TheKillingHour/A/OY/O00YHW88WEBWFF1BUMAGER" 4782
"../../../../../../shanshanye/Desktop/AI_final/GameAI-Final-Project/Content/__ExternalActors__/Maps/TheKillingHour/A/OY/O00YHW88WEBWFF1BUMAGER.uasset" 4783
"/Game/__ExternalActors__/Maps/TheKillingHour/A/PE/LERVHHMTDVTH9T9TVX0O81" 4784
"../../../../../../shanshanye/Desktop/AI_final/GameAI-Final-Project/Content/__ExternalActors__/Maps/TheKillingHour/A/PE/LERVHHMTDVTH9T9TVX0O81.uasset" 4785
"/Game/__ExternalActors__/Maps/TheKillingHour/A/PJ/8JH93BORBUI2ZAWPTUJU66" 4786
"../../../../../../shanshanye/Desktop/AI_final/GameAI-Final-Project/Content/__ExternalActors__/Maps/TheKillingHour/A/PJ/8JH93BORBUI2ZAWPTUJU66.uasset" 4787
"/Game/__ExternalActors__/Maps/TheKillingHour/A/QH/D3JVZRP4YLE5MBFEEYKI8Y" 4788
"../../../../../../shanshanye/Desktop/AI_final/GameAI-Final-Project/Content/__ExternalActors__/Maps/TheKillingHour/A/QH/D3JVZRP4YLE5MBFEEYKI8Y.uasset" 4789
"/Game/__ExternalActors__/Maps/TheKillingHour/A/SZ/STJAS6747ZRAC6SJDUWENQ" 4790
"../../../../../../shanshanye/Desktop/AI_final/GameAI-Final-Project/Content/__ExternalActors__/Maps/TheKillingHour/A/SZ/STJAS6747ZRAC6SJDUWENQ.uasset" 4791
"/Game/__ExternalActors__/Maps/TheKillingHour/A/TD/YYKDJF89VMF0Q5JG371K1N" 4792
"../../../../../../shanshanye/Desktop/AI_final/GameAI-Final-Project/Content/__ExternalActors__/Maps/TheKillingHour/A/TD/YYKDJF89VMF0Q5JG371K1N.uasset" 4793
"/Game/__ExternalActors__/Maps/TheKillingHour/A/WS/P6NTY4BL7UKFG482HNY48W" 4794
"../../../../../../shanshanye/Desktop/AI_final/GameAI-Final-Project/Content/__ExternalActors__/Maps/TheKillingHour/A/WS/P6NTY4BL7UKFG482HNY48W.uasset" 4795
"/Game/__ExternalActors__/Maps/TheKillingHour/A/WW/4VPMQTE4S5LUUDZ1JCXQ85" 4796
"../../../../../../shanshanye/Desktop/AI_final/GameAI-Final-Project/Content/__ExternalActors__/Maps/TheKillingHour/A/WW/4VPMQTE4S5LUUDZ1JCXQ85.uasset" 4797
"/Game/__ExternalActors__/Maps/TheKillingHour/A/X2/TFKXGMD5TUEGYJUAPG2IEQ" 4798
"../../../../../../shanshanye/Desktop/AI_final/GameAI-Final-Project/Content/__ExternalActors__/Maps/TheKillingHour/A/X2/TFKXGMD5TUEGYJUAPG2IEQ.uasset" 4799
"/Game/__ExternalActors__/Maps/TheKillingHour/A/YD/AE27B3T6TQGW38EM9ON3U3" 4800
"../../../../../../shanshanye/Desktop/AI_final/GameAI-Final-Project/Content/__ExternalActors__/Maps/TheKillingHour/A/YD/AE27B3T6TQGW38EM9ON3U3.uasset" 4801
"/Game/__ExternalActors__/Maps/TheKillingHour/A/ZI/DSYWB18VEGE2UTEJ8ANKDY" 4802
"../../../../../../shanshanye/Desktop/AI_final/GameAI-Final-Project/Content/__ExternalActors__/Maps/TheKillingHour/A/ZI/DSYWB18VEGE2UTEJ8ANKDY.uasset" 4803
"/Game/__ExternalActors__/Maps/TheKillingHour/B/0K/7PY5FU0EIN9RDLY2VXQ3QA" 4804
"../../../../../../shanshanye/Desktop/AI_final/GameAI-Final-Project/Content/__ExternalActors__/Maps/TheKillingHour/B/0K/7PY5FU0EIN9RDLY2VXQ3QA.uasset" 4805
"/Game/__ExternalActors__/Maps/TheKillingHour/B/1X/WDYF2M95IJY8WCE4TYJYLO" 4806
"../../../../../../shanshanye/Desktop/AI_final/GameAI-Final-Project/Content/__ExternalActors__/Maps/TheKillingHour/B/1X/WDYF2M95IJY8WCE4TYJYLO.uasset" 4807
"/Game/__ExternalActors__/Maps/TheKillingHour/B/3F/C09FTZ3EYKAY4R0MVLCVDE" 4808
"../../../../../../shanshanye/Desktop/AI_final/GameAI-Final-Project/Content/__ExternalActors__/Maps/TheKillingHour/B/3F/C09FTZ3EYKAY4R0MVLCVDE.uasset" 4809
"/Game/__ExternalActors__/Maps/TheKillingHour/B/3R/SYUS9DJ02GPPXWMZXQGNDU" 4810
"../../../../../../shanshanye/Desktop/AI_final/GameAI-Final-Project/Content/__ExternalActors__/Maps/TheKillingHour/B/3R/SYUS9DJ02GPPXWMZXQGNDU.uasset" 4811
"/Game/__ExternalActors__/Maps/TheKillingHour/B/4J/NA7VMA0P28LIWY8C2DZRVC" 4812
"../../../../../../shanshanye/Desktop/AI_final/GameAI-Final-Project/Content/__ExternalActors__/Maps/TheKillingHour/B/4J/NA7VMA0P28LIWY8C2DZRVC.uasset" 4813
"/Game/__ExternalActors__/Maps/TheKillingHour/B/4R/C9GFP824QMQREJ7DZMIR3A" 4814
"../../../../../../shanshanye/Desktop/AI_final/GameAI-Final-Project/Content/__ExternalActors__/Maps/TheKillingHour/B/4R/C9GFP824QMQREJ7DZMIR3A.uasset" 4815
"/Game/__ExternalActors__/Maps/TheKillingHour/B/69/PNMQZHUD8W5SRTMDJIH04T" 4816
"../../../../../../shanshanye/Desktop/AI_final/GameAI-Final-Project/Content/__ExternalActors__/Maps/TheKillingHour/B/69/PNMQZHUD8W5SRTMDJIH04T.uasset" 4817
"/Game/__ExternalActors__/Maps/TheKillingHour/B/6B/QGV47HEBE7CQ4H4O3Z2A2N" 4818
"../../../../../../shanshanye/Desktop/AI_final/GameAI-Final-Project/Content/__ExternalActors__/Maps/TheKillingHour/B/6B/QGV47HEBE7CQ4H4O3Z2A2N.uasset" 4819
"/Game/__ExternalActors__/Maps/TheKillingHour/B/8G/E3DBSM75NU4SR8IVKTDEWR" 4820
"../../../../../../shanshanye/Desktop/AI_final/GameAI-Final-Project/Content/__ExternalActors__/Maps/TheKillingHour/B/8G/E3DBSM75NU4SR8IVKTDEWR.uasset" 4821
"/Game/__ExternalActors__/Maps/TheKillingHour/B/8M/R5GTFLEFE6U7FGPD19P8VH" 4822
"../../../../../../shanshanye/Desktop/AI_final/GameAI-Final-Project/Content/__ExternalActors__/Maps/TheKillingHour/B/8M/R5GTFLEFE6U7FGPD19P8VH.uasset" 4823
"/Game/__ExternalActors__/Maps/TheKillingHour/B/92/9MXXWN2J9V0S5JWDIXSUSZ" 4824
"../../../../../../shanshanye/Desktop/AI_final/GameAI-Final-Project/Content/__ExternalActors__/Maps/TheKillingHour/B/92/9MXXWN2J9V0S5JWDIXSUSZ.uasset" 4825
"/Game/__ExternalActors__/Maps/TheKillingHour/B/BO/11TEU0KXKSAFKB07G63AYO" 4826
"../../../../../../shanshanye/Desktop/AI_final/GameAI-Final-Project/Content/__ExternalActors__/Maps/TheKillingHour/B/BO/11TEU0KXKSAFKB07G63AYO.uasset" 4827
"/Game/__ExternalActors__/Maps/TheKillingHour/B/C2/DHAAW1NOXV8JIG98A0HSQW" 4828
"../../../../../../shanshanye/Desktop/AI_final/GameAI-Final-Project/Content/__ExternalActors__/Maps/TheKillingHour/B/C2/DHAAW1NOXV8JIG98A0HSQW.uasset" 4829
"/Game/__ExternalActors__/Maps/TheKillingHour/B/CU/GI86RTGYBA5X1ADX4OOZ2X" 4830
"../../../../../../shanshanye/Desktop/AI_final/GameAI-Final-Project/Content/__ExternalActors__/Maps/TheKillingHour/B/CU/GI86RTGYBA5X1ADX4OOZ2X.uasset" 4831
"/Game/__ExternalActors__/Maps/TheKillingHour/B/D3/AELC4QGZU1F48A601WUXW8" 4832
"../../../../../../shanshanye/Desktop/AI_final/GameAI-Final-Project/Content/__ExternalActors__/Maps/TheKillingHour/B/D3/AELC4QGZU1F48A601WUXW8.uasset" 4833
"/Game/__ExternalActors__/Maps/TheKillingHour/B/EG/PL62JZGV3KSTC84S62FSF8" 4834
"../../../../../../shanshanye/Desktop/AI_final/GameAI-Final-Project/Content/__ExternalActors__/Maps/TheKillingHour/B/EG/PL62JZGV3KSTC84S62FSF8.uasset" 4835
"/Game/__ExternalActors__/Maps/TheKillingHour/B/HE/0CMFPI5YJ56PYB0MA2N7LD" 4836
"../../../../../../shanshanye/Desktop/AI_final/GameAI-Final-Project/Content/__ExternalActors__/Maps/TheKillingHour/B/HE/0CMFPI5YJ56PYB0MA2N7LD.uasset" 4837
"/Game/__ExternalActors__/Maps/TheKillingHour/B/J4/G8TUZY6431HRS0ASZVANDW" 4838
"../../../../../../shanshanye/Desktop/AI_final/GameAI-Final-Project/Content/__ExternalActors__/Maps/TheKillingHour/B/J4/G8TUZY6431HRS0ASZVANDW.uasset" 4839
"/Game/__ExternalActors__/Maps/TheKillingHour/B/J9/QB1TAEGS7OIMFAPDXYBAOF" 4840
"../../../../../../shanshanye/Desktop/AI_final/GameAI-Final-Project/Content/__ExternalActors__/Maps/TheKillingHour/B/J9/QB1TAEGS7OIMFAPDXYBAOF.uasset" 4841
"/Game/__ExternalActors__/Maps/TheKillingHour/B/L3/XWDP7NNWJBKYJ7R3EAYA9Q" 4842
"../../../../../../shanshanye/Desktop/AI_final/GameAI-Final-Project/Content/__ExternalActors__/Maps/TheKillingHour/B/L3/XWDP7NNWJBKYJ7R3EAYA9Q.uasset" 4843
"/Game/__ExternalActors__/Maps/TheKillingHour/B/L6/IF7QBL95S5FQGI4MTX8FZR" 4844
"../../../../../../shanshanye/Desktop/AI_final/GameAI-Final-Project/Content/__ExternalActors__/Maps/TheKillingHour/B/L6/IF7QBL95S5FQGI4MTX8FZR.uasset" 4845
"/Game/__ExternalActors__/Maps/TheKillingHour/B/M2/IM09ACHF6QCAVGUBTLXUJU" 4846
"../../../../../../shanshanye/Desktop/AI_final/GameAI-Final-Project/Content/__ExternalActors__/Maps/TheKillingHour/B/M2/IM09ACHF6QCAVGUBTLXUJU.uasset" 4847
"/Game/__ExternalActors__/Maps/TheKillingHour/B/N8/530QCFF8PU7285IBZ7YQQ8" 4848
"../../../../../../shanshanye/Desktop/AI_final/GameAI-Final-Project/Content/__ExternalActors__/Maps/TheKillingHour/B/N8/530QCFF8PU7285IBZ7YQQ8.uasset" 4849
"/Game/__ExternalActors__/Maps/TheKillingHour/B/OH/8OI1QWUSXSMUOYZW5Y3MC3" 4850
"../../../../../../shanshanye/Desktop/AI_final/GameAI-Final-Project/Content/__ExternalActors__/Maps/TheKillingHour/B/OH/8OI1QWUSXSMUOYZW5Y3MC3.uasset" 4851
"/Game/__ExternalActors__/Maps/TheKillingHour/B/RZ/QDWU2LG41LRC9JBH56WSM8" 4852
"../../../../../../shanshanye/Desktop/AI_final/GameAI-Final-Project/Content/__ExternalActors__/Maps/TheKillingHour/B/RZ/QDWU2LG41LRC9JBH56WSM8.uasset" 4853
"/Game/__ExternalActors__/Maps/TheKillingHour/B/S4/KRYHKEY0DI1KZRUERBDC6T" 4854
"../../../../../../shanshanye/Desktop/AI_final/GameAI-Final-Project/Content/__ExternalActors__/Maps/TheKillingHour/B/S4/KRYHKEY0DI1KZRUERBDC6T.uasset" 4855
"/Game/__ExternalActors__/Maps/TheKillingHour/B/S6/BQSI1DK13NBF1L8NJNKORR" 4856
"../../../../../../shanshanye/Desktop/AI_final/GameAI-Final-Project/Content/__ExternalActors__/Maps/TheKillingHour/B/S6/BQSI1DK13NBF1L8NJNKORR.uasset" 4857
"/Game/__ExternalActors__/Maps/TheKillingHour/B/SO/4AYGX6FBW5I0ZDQQ4A7HNL" 4858
"../../../../../../shanshanye/Desktop/AI_final/GameAI-Final-Project/Content/__ExternalActors__/Maps/TheKillingHour/B/SO/4AYGX6FBW5I0ZDQQ4A7HNL.uasset" 4859
"/Game/__ExternalActors__/Maps/TheKillingHour/B/TD/K8WNJL9JZJMXDMGMEQZ100" 4860
"../../../../../../shanshanye/Desktop/AI_final/GameAI-Final-Project/Content/__ExternalActors__/Maps/TheKillingHour/B/TD/K8WNJL9JZJMXDMGMEQZ100.uasset" 4861
"/Game/__ExternalActors__/Maps/TheKillingHour/B/U7/VHHW84VA61O4AA2X5833UB" 4862
"../../../../../../shanshanye/Desktop/AI_final/GameAI-Final-Project/Content/__ExternalActors__/Maps/TheKillingHour/B/U7/VHHW84VA61O4AA2X5833UB.uasset" 4863
"/Game/__ExternalActors__/Maps/TheKillingHour/B/UW/NBY1NDE9T7HINMATMU7BFI" 4864
"../../../../../../shanshanye/Desktop/AI_final/GameAI-Final-Project/Content/__ExternalActors__/Maps/TheKillingHour/B/UW/NBY1NDE9T7HINMATMU7BFI.uasset" 4865
"/Game/__ExternalActors__/Maps/TheKillingHour/B/V4/PHAIF0ZFC8MAAAQ8ZF91LN" 4866
"../../../../../../shanshanye/Desktop/AI_final/GameAI-Final-Project/Content/__ExternalActors__/Maps/TheKillingHour/B/V4/PHAIF0ZFC8MAAAQ8ZF91LN.uasset" 4867
"/Game/__ExternalActors__/Maps/TheKillingHour/B/Y0/RZ8SQK3JQJ0TPASM5EK38P" 4868
"../../../../../../shanshanye/Desktop/AI_final/GameAI-Final-Project/Content/__ExternalActors__/Maps/TheKillingHour/B/Y0/RZ8SQK3JQJ0TPASM5EK38P.uasset" 4869
"/Game/__ExternalActors__/Maps/TheKillingHour/B/YL/63LMKX2NVWWRRR2KSS4N8Q" 4870
"../../../../../../shanshanye/Desktop/AI_final/GameAI-Final-Project/Content/__ExternalActors__/Maps/TheKillingHour/B/YL/63LMKX2NVWWRRR2KSS4N8Q.uasset" 4871
"/Game/__ExternalActors__/Maps/TheKillingHour/B/YP/9YMZ7K9F5DL6BQ4ISEFVBL" 4872
"../../../../../../shanshanye/Desktop/AI_final/GameAI-Final-Project/Content/__ExternalActors__/Maps/TheKillingHour/B/YP/9YMZ7K9F5DL6BQ4ISEFVBL.uasset" 4873
"/Game/__ExternalActors__/Maps/TheKillingHour/C/0M/WQQOPMEBYXBPLTYVP8RTX9" 4874
"../../../../../../shanshanye/Desktop/AI_final/GameAI-Final-Project/Content/__ExternalActors__/Maps/TheKillingHour/C/0M/WQQOPMEBYXBPLTYVP8RTX9.uasset" 4875
"/Game/__ExternalActors__/Maps/TheKillingHour/C/12/XE43MO833A3N7GAAD0671O" 4876
"../../../../../../shanshanye/Desktop/AI_final/GameAI-Final-Project/Content/__ExternalActors__/Maps/TheKillingHour/C/12/XE43MO833A3N7GAAD0671O.uasset" 4877
"/Game/__ExternalActors__/Maps/TheKillingHour/C/19/TBGYU2M0E66BXZ6B7AQ9E7" 4878
"../../../../../../shanshanye/Desktop/AI_final/GameAI-Final-Project/Content/__ExternalActors__/Maps/TheKillingHour/C/19/TBGYU2M0E66BXZ6B7AQ9E7.uasset" 4879
"/Game/__ExternalActors__/Maps/TheKillingHour/C/3Q/VYQMVGK5LQY7QHX64WMA6V" 4880
"../../../../../../shanshanye/Desktop/AI_final/GameAI-Final-Project/Content/__ExternalActors__/Maps/TheKillingHour/C/3Q/VYQMVGK5LQY7QHX64WMA6V.uasset" 4881
"/Game/__ExternalActors__/Maps/TheKillingHour/C/3R/50C49I49RRVLGT0MWX9OSN" 4882
"../../../../../../shanshanye/Desktop/AI_final/GameAI-Final-Project/Content/__ExternalActors__/Maps/TheKillingHour/C/3R/50C49I49RRVLGT0MWX9OSN.uasset" 4883
"/Game/__ExternalActors__/Maps/TheKillingHour/C/58/M6ON97C3K8LS33N7QUV8QJ" 4884
"../../../../../../shanshanye/Desktop/AI_final/GameAI-Final-Project/Content/__ExternalActors__/Maps/TheKillingHour/C/58/M6ON97C3K8LS33N7QUV8QJ.uasset" 4885
"/Game/__ExternalActors__/Maps/TheKillingHour/C/63/9MMRXVQE04XEI6BWTCTU08" 4886
"../../../../../../shanshanye/Desktop/AI_final/GameAI-Final-Project/Content/__ExternalActors__/Maps/TheKillingHour/C/63/9MMRXVQE04XEI6BWTCTU08.uasset" 4887
"/Game/__ExternalActors__/Maps/TheKillingHour/C/6P/6BY3V3LFN553DFXT95VUVK" 4888
"../../../../../../shanshanye/Desktop/AI_final/GameAI-Final-Project/Content/__ExternalActors__/Maps/TheKillingHour/C/6P/6BY3V3LFN553DFXT95VUVK.uasset" 4889
"/Game/__ExternalActors__/Maps/TheKillingHour/C/6X/AY9QBLX56YEVIG70C7B9FJ" 4890
"../../../../../../shanshanye/Desktop/AI_final/GameAI-Final-Project/Content/__ExternalActors__/Maps/TheKillingHour/C/6X/AY9QBLX56YEVIG70C7B9FJ.uasset" 4891
"/Game/__ExternalActors__/Maps/TheKillingHour/C/7F/VJPXG80IF6XYOPCKK90TH9" 4892
"../../../../../../shanshanye/Desktop/AI_final/GameAI-Final-Project/Content/__ExternalActors__/Maps/TheKillingHour/C/7F/VJPXG80IF6XYOPCKK90TH9.uasset" 4893
"/Game/__ExternalActors__/Maps/TheKillingHour/C/BP/VMENXMNTA2WIJAIOOUHVHP" 4894
"../../../../../../shanshanye/Desktop/AI_final/GameAI-Final-Project/Content/__ExternalActors__/Maps/TheKillingHour/C/BP/VMENXMNTA2WIJAIOOUHVHP.uasset" 4895
"/Game/__ExternalActors__/Maps/TheKillingHour/C/C1/HJR7F2428ESQX4KBDAK5XA" 4896
"../../../../../../shanshanye/Desktop/AI_final/GameAI-Final-Project/Content/__ExternalActors__/Maps/TheKillingHour/C/C1/HJR7F2428ESQX4KBDAK5XA.uasset" 4897
"/Game/__ExternalActors__/Maps/TheKillingHour/C/E0/Q9PB7XNFC20VRNACK99JE1" 4898
"../../../../../../shanshanye/Desktop/AI_final/GameAI-Final-Project/Content/__ExternalActors__/Maps/TheKillingHour/C/E0/Q9PB7XNFC20VRNACK99JE1.uasset" 4899
"/Game/__ExternalActors__/Maps/TheKillingHour/C/GH/FM6RTW5U6NZZJOI0N93S8O" 4900
"../../../../../../shanshanye/Desktop/AI_final/GameAI-Final-Project/Content/__ExternalActors__/Maps/TheKillingHour/C/GH/FM6RTW5U6NZZJOI0N93S8O.uasset" 4901
"/Game/__ExternalActors__/Maps/TheKillingHour/C/GQ/UYU6TK0WYI4XBCAXNA0MVI" 4902
"../../../../../../shanshanye/Desktop/AI_final/GameAI-Final-Project/Content/__ExternalActors__/Maps/TheKillingHour/C/GQ/UYU6TK0WYI4XBCAXNA0MVI.uasset" 4903
"/Game/__ExternalActors__/Maps/TheKillingHour/C/IM/ZBWH6PJUPSDUNT09MCF81N" 4904
"../../../../../../shanshanye/Desktop/AI_final/GameAI-Final-Project/Content/__ExternalActors__/Maps/TheKillingHour/C/IM/ZBWH6PJUPSDUNT09MCF81N.uasset" 4905
"/Game/__ExternalActors__/Maps/TheKillingHour/C/JZ/H5UDMHUZP7LLJ79ZI1HVUW" 4906
"../../../../../../shanshanye/Desktop/AI_final/GameAI-Final-Project/Content/__ExternalActors__/Maps/TheKillingHour/C/JZ/H5UDMHUZP7LLJ79ZI1HVUW.uasset" 4907
"/Game/__ExternalActors__/Maps/TheKillingHour/C/KN/EOC9F7RYUMAJF43VMAA6NY" 4908
"../../../../../../shanshanye/Desktop/AI_final/GameAI-Final-Project/Content/__ExternalActors__/Maps/TheKillingHour/C/KN/EOC9F7RYUMAJF43VMAA6NY.uasset" 4909
"/Game/__ExternalActors__/Maps/TheKillingHour/C/NC/FMLSYVW1OGWAJX0FYKTETJ" 4910
"../../../../../../shanshanye/Desktop/AI_final/GameAI-Final-Project/Content/__ExternalActors__/Maps/TheKillingHour/C/NC/FMLSYVW1OGWAJX0FYKTETJ.uasset" 4911
"/Game/__ExternalActors__/Maps/TheKillingHour/C/OX/EI90RHD9EVO4WODEBY3H22" 4912
"../../../../../../shanshanye/Desktop/AI_final/GameAI-Final-Project/Content/__ExternalActors__/Maps/TheKillingHour/C/OX/EI90RHD9EVO4WODEBY3H22.uasset" 4913
"/Game/__ExternalActors__/Maps/TheKillingHour/C/P2/LYMNORZ2Z48IYY8DV9T2OA" 4914
"../../../../../../shanshanye/Desktop/AI_final/GameAI-Final-Project/Content/__ExternalActors__/Maps/TheKillingHour/C/P2/LYMNORZ2Z48IYY8DV9T2OA.uasset" 4915
"/Game/__ExternalActors__/Maps/TheKillingHour/C/P9/C81X9ZHLTY39P9YWE9PATR" 4916
"../../../../../../shanshanye/Desktop/AI_final/GameAI-Final-Project/Content/__ExternalActors__/Maps/TheKillingHour/C/P9/C81X9ZHLTY39P9YWE9PATR.uasset" 4917
"/Game/__ExternalActors__/Maps/TheKillingHour/C/RB/CTRTNNW0IHMXOVC7OOCITK" 4918
"../../../../../../shanshanye/Desktop/AI_final/GameAI-Final-Project/Content/__ExternalActors__/Maps/TheKillingHour/C/RB/CTRTNNW0IHMXOVC7OOCITK.uasset" 4919
"/Game/__ExternalActors__/Maps/TheKillingHour/C/RV/AXC0YNE7L3T3T3ILS60JV2" 4920
"../../../../../../shanshanye/Desktop/AI_final/GameAI-Final-Project/Content/__ExternalActors__/Maps/TheKillingHour/C/RV/AXC0YNE7L3T3T3ILS60JV2.uasset" 4921
"/Game/__ExternalActors__/Maps/TheKillingHour/C/SQ/D7XS5K2GI0MHAR9NZB2I2N" 4922
"../../../../../../shanshanye/Desktop/AI_final/GameAI-Final-Project/Content/__ExternalActors__/Maps/TheKillingHour/C/SQ/D7XS5K2GI0MHAR9NZB2I2N.uasset" 4923
"/Game/__ExternalActors__/Maps/TheKillingHour/C/UF/2E4EJD4WE9KGAB5MRKFYJU" 4924
"../../../../../../shanshanye/Desktop/AI_final/GameAI-Final-Project/Content/__ExternalActors__/Maps/TheKillingHour/C/UF/2E4EJD4WE9KGAB5MRKFYJU.uasset" 4925
"/Game/__ExternalActors__/Maps/TheKillingHour/C/UH/FBT0KBG4S4OYY8OX9R82XT" 4926
"../../../../../../shanshanye/Desktop/AI_final/GameAI-Final-Project/Content/__ExternalActors__/Maps/TheKillingHour/C/UH/FBT0KBG4S4OYY8OX9R82XT.uasset" 4927
"/Game/__ExternalActors__/Maps/TheKillingHour/D/0V/TVUQ96LNKBDWDAMQQDT360" 4928
"../../../../../../shanshanye/Desktop/AI_final/GameAI-Final-Project/Content/__ExternalActors__/Maps/TheKillingHour/D/0V/TVUQ96LNKBDWDAMQQDT360.uasset" 4929
"/Game/__ExternalActors__/Maps/TheKillingHour/D/39/NN7YB567VW771WOP2XZUQD" 4930
"../../../../../../shanshanye/Desktop/AI_final/GameAI-Final-Project/Content/__ExternalActors__/Maps/TheKillingHour/D/39/NN7YB567VW771WOP2XZUQD.uasset" 4931
"/Game/__ExternalActors__/Maps/TheKillingHour/D/3G/FRLM3N7QNSABATKOBEFHEP" 4932
"../../../../../../shanshanye/Desktop/AI_final/GameAI-Final-Project/Content/__ExternalActors__/Maps/TheKillingHour/D/3G/FRLM3N7QNSABATKOBEFHEP.uasset" 4933
"/Game/__ExternalActors__/Maps/TheKillingHour/D/6D/QU6EBOREOSFYQHUKCVLAOX" 4934
"../../../../../../shanshanye/Desktop/AI_final/GameAI-Final-Project/Content/__ExternalActors__/Maps/TheKillingHour/D/6D/QU6EBOREOSFYQHUKCVLAOX.uasset" 4935
"/Game/__ExternalActors__/Maps/TheKillingHour/D/78/SGBK3KB3Z8IIWDOPFHYRXG" 4936
"../../../../../../shanshanye/Desktop/AI_final/GameAI-Final-Project/Content/__ExternalActors__/Maps/TheKillingHour/D/78/SGBK3KB3Z8IIWDOPFHYRXG.uasset" 4937
"/Game/__ExternalActors__/Maps/TheKillingHour/D/7C/W1F4DEGI37CK8PMJGKK43S" 4938
"../../../../../../shanshanye/Desktop/AI_final/GameAI-Final-Project/Content/__ExternalActors__/Maps/TheKillingHour/D/7C/W1F4DEGI37CK8PMJGKK43S.uasset" 4939
"/Game/__ExternalActors__/Maps/TheKillingHour/D/7S/E0Y2K9J50ATK7KHYOEGWNQ" 4940
"../../../../../../shanshanye/Desktop/AI_final/GameAI-Final-Project/Content/__ExternalActors__/Maps/TheKillingHour/D/7S/E0Y2K9J50ATK7KHYOEGWNQ.uasset" 4941
"/Game/__ExternalActors__/Maps/TheKillingHour/D/AZ/J0LJ5RFDXM1YL62T7ADDUB" 4942
"../../../../../../shanshanye/Desktop/AI_final/GameAI-Final-Project/Content/__ExternalActors__/Maps/TheKillingHour/D/AZ/J0LJ5RFDXM1YL62T7ADDUB.uasset" 4943
"/Game/__ExternalActors__/Maps/TheKillingHour/D/B2/I0EVNCMDFL47YMXNWJQ33J" 4944
"../../../../../../shanshanye/Desktop/AI_final/GameAI-Final-Project/Content/__ExternalActors__/Maps/TheKillingHour/D/B2/I0EVNCMDFL47YMXNWJQ33J.uasset" 4945
"/Game/__ExternalActors__/Maps/TheKillingHour/E/RC/H3ETFZO4BSNPVUPEV8R5G4" 4946
"../../../../../../shanshanye/Desktop/AI_final/GameAI-Final-Project/Content/__ExternalActors__/Maps/TheKillingHour/E/RC/H3ETFZO4BSNPVUPEV8R5G4.uasset" 4947
"/Game/__ExternalActors__/Maps/TheKillingHour/D/BB/GY4OATODMZPHM4KQU77TD1" 4948
"../../../../../../shanshanye/Desktop/AI_final/GameAI-Final-Project/Content/__ExternalActors__/Maps/TheKillingHour/D/BB/GY4OATODMZPHM4KQU77TD1.uasset" 4949
"/Game/__ExternalActors__/Maps/TheKillingHour/D/CH/THZQ87OLZC380NU8NAHYRG" 4950
"../../../../../../shanshanye/Desktop/AI_final/GameAI-Final-Project/Content/__ExternalActors__/Maps/TheKillingHour/D/CH/THZQ87OLZC380NU8NAHYRG.uasset" 4951
"/Game/__ExternalActors__/Maps/TheKillingHour/D/F4/IHZK7FW1BM8NGSGTYGN5ST" 4952
"../../../../../../shanshanye/Desktop/AI_final/GameAI-Final-Project/Content/__ExternalActors__/Maps/TheKillingHour/D/F4/IHZK7FW1BM8NGSGTYGN5ST.uasset" 4953
"/Game/__ExternalActors__/Maps/TheKillingHour/D/F4/XRK0UP5X9T0PNSYJB2Q99Q" 4954
"../../../../../../shanshanye/Desktop/AI_final/GameAI-Final-Project/Content/__ExternalActors__/Maps/TheKillingHour/D/F4/XRK0UP5X9T0PNSYJB2Q99Q.uasset" 4955
"/Game/__ExternalActors__/Maps/TheKillingHour/D/GC/NKT9SVBKFPW7I1BUGNFBB7" 4956
"../../../../../../shanshanye/Desktop/AI_final/GameAI-Final-Project/Content/__ExternalActors__/Maps/TheKillingHour/D/GC/NKT9SVBKFPW7I1BUGNFBB7.uasset" 4957
"/Game/__ExternalActors__/Maps/TheKillingHour/D/I0/OVCCA3Z4SGJ5V437N60ROA" 4958
"../../../../../../shanshanye/Desktop/AI_final/GameAI-Final-Project/Content/__ExternalActors__/Maps/TheKillingHour/D/I0/OVCCA3Z4SGJ5V437N60ROA.uasset" 4959
"/Game/__ExternalActors__/Maps/TheKillingHour/D/IL/QW0I86M10NCHAIOVJJLKF3" 4960
"../../../../../../shanshanye/Desktop/AI_final/GameAI-Final-Project/Content/__ExternalActors__/Maps/TheKillingHour/D/IL/QW0I86M10NCHAIOVJJLKF3.uasset" 4961
"/Game/__ExternalActors__/Maps/TheKillingHour/D/IO/HJ46LTF3JYNUBKHD6E3K3E" 4962
"../../../../../../shanshanye/Desktop/AI_final/GameAI-Final-Project/Content/__ExternalActors__/Maps/TheKillingHour/D/IO/HJ46LTF3JYNUBKHD6E3K3E.uasset" 4963
"/Game/__ExternalActors__/Maps/TheKillingHour/D/IT/JB1OHPT2ZM1IPVUZMR5SBU" 4964
"../../../../../../shanshanye/Desktop/AI_final/GameAI-Final-Project/Content/__ExternalActors__/Maps/TheKillingHour/D/IT/JB1OHPT2ZM1IPVUZMR5SBU.uasset" 4965
"/Game/__ExternalActors__/Maps/TheKillingHour/D/KB/WR53TGOLDLP9FD1SBDT1M1" 4966
"../../../../../../shanshanye/Desktop/AI_final/GameAI-Final-Project/Content/__ExternalActors__/Maps/TheKillingHour/D/KB/WR53TGOLDLP9FD1SBDT1M1.uasset" 4967
"/Game/__ExternalActors__/Maps/TheKillingHour/D/LT/2IF34BVESMGNT21SUOHC67" 4968
"../../../../../../shanshanye/Desktop/AI_final/GameAI-Final-Project/Content/__ExternalActors__/Maps/TheKillingHour/D/LT/2IF34BVESMGNT21SUOHC67.uasset" 4969
"/Game/__ExternalActors__/Maps/TheKillingHour/D/M0/XE3ZYSSX7D0VB9H7ZZH08E" 4970
"../../../../../../shanshanye/Desktop/AI_final/GameAI-Final-Project/Content/__ExternalActors__/Maps/TheKillingHour/D/M0/XE3ZYSSX7D0VB9H7ZZH08E.uasset" 4971
"/Game/__ExternalActors__/Maps/TheKillingHour/D/NF/JB23WQTWVKIRF00FPO5XAZ" 4972
"../../../../../../shanshanye/Desktop/AI_final/GameAI-Final-Project/Content/__ExternalActors__/Maps/TheKillingHour/D/NF/JB23WQTWVKIRF00FPO5XAZ.uasset" 4973
"/Game/__ExternalActors__/Maps/TheKillingHour/D/NJ/HO9NRO9AGNX9QCRT9L78GS" 4974
"../../../../../../shanshanye/Desktop/AI_final/GameAI-Final-Project/Content/__ExternalActors__/Maps/TheKillingHour/D/NJ/HO9NRO9AGNX9QCRT9L78GS.uasset" 4975
"/Game/__ExternalActors__/Maps/TheKillingHour/D/NX/T9DO3G0ERG6HHTKIO3QI9W" 4976
"../../../../../../shanshanye/Desktop/AI_final/GameAI-Final-Project/Content/__ExternalActors__/Maps/TheKillingHour/D/NX/T9DO3G0ERG6HHTKIO3QI9W.uasset" 4977
"/Game/__ExternalActors__/Maps/TheKillingHour/D/O5/E36RAWBNMYMD6UOCQ97RFI" 4978
"../../../../../../shanshanye/Desktop/AI_final/GameAI-Final-Project/Content/__ExternalActors__/Maps/TheKillingHour/D/O5/E36RAWBNMYMD6UOCQ97RFI.uasset" 4979
"/Game/__ExternalActors__/Maps/TheKillingHour/D/P5/QNBD62V8N48VUVZO19NIJH" 4980
"../../../../../../shanshanye/Desktop/AI_final/GameAI-Final-Project/Content/__ExternalActors__/Maps/TheKillingHour/D/P5/QNBD62V8N48VUVZO19NIJH.uasset" 4981
"/Game/__ExternalActors__/Maps/TheKillingHour/D/PC/6FQJZQYX8X6CGD37TOBRC8" 4982
"../../../../../../shanshanye/Desktop/AI_final/GameAI-Final-Project/Content/__ExternalActors__/Maps/TheKillingHour/D/PC/6FQJZQYX8X6CGD37TOBRC8.uasset" 4983
"/Game/__ExternalActors__/Maps/TheKillingHour/D/PL/AQXTACVALPK0R4G99HM4A2" 4984
"../../../../../../shanshanye/Desktop/AI_final/GameAI-Final-Project/Content/__ExternalActors__/Maps/TheKillingHour/D/PL/AQXTACVALPK0R4G99HM4A2.uasset" 4985
"/Game/__ExternalActors__/Maps/TheKillingHour/D/R6/V98K49V1BU8OMXEGMF9KSS" 4986
"../../../../../../shanshanye/Desktop/AI_final/GameAI-Final-Project/Content/__ExternalActors__/Maps/TheKillingHour/D/R6/V98K49V1BU8OMXEGMF9KSS.uasset" 4987
"/Game/__ExternalActors__/Maps/TheKillingHour/D/SS/RLC7TL7U5WI3Z6EECQ4JPY" 4988
"../../../../../../shanshanye/Desktop/AI_final/GameAI-Final-Project/Content/__ExternalActors__/Maps/TheKillingHour/D/SS/RLC7TL7U5WI3Z6EECQ4JPY.uasset" 4989
"/Game/__ExternalActors__/Maps/TheKillingHour/D/UJ/394QFHIR4BFCAFMF0ELC4V" 4990
"../../../../../../shanshanye/Desktop/AI_final/GameAI-Final-Project/Content/__ExternalActors__/Maps/TheKillingHour/D/UJ/394QFHIR4BFCAFMF0ELC4V.uasset" 4991
"/Game/__ExternalActors__/Maps/TheKillingHour/D/UQ/ON1IUHKZZ46HOCVUM43F9U" 4992
"../../../../../../shanshanye/Desktop/AI_final/GameAI-Final-Project/Content/__ExternalActors__/Maps/TheKillingHour/D/UQ/ON1IUHKZZ46HOCVUM43F9U.uasset" 4993
"/Game/__ExternalActors__/Maps/TheKillingHour/D/WW/BDC8GKPQSVXHP8DDGV3413" 4994
"../../../../../../shanshanye/Desktop/AI_final/GameAI-Final-Project/Content/__ExternalActors__/Maps/TheKillingHour/D/WW/BDC8GKPQSVXHP8DDGV3413.uasset" 4995
"/Game/__ExternalActors__/Maps/TheKillingHour/D/XX/0H3WWYLE3Y6A2GOGADXAXH" 4996
"../../../../../../shanshanye/Desktop/AI_final/GameAI-Final-Project/Content/__ExternalActors__/Maps/TheKillingHour/D/XX/0H3WWYLE3Y6A2GOGADXAXH.uasset" 4997
"/Game/__ExternalActors__/Maps/TheKillingHour/D/Z0/ALF0YPA2HH2D2GN3N63I9P" 4998
"../../../../../../shanshanye/Desktop/AI_final/GameAI-Final-Project/Content/__ExternalActors__/Maps/TheKillingHour/D/Z0/ALF0YPA2HH2D2GN3N63I9P.uasset" 4999
"/Game/__ExternalActors__/Maps/TheKillingHour/D/ZO/XL5YZ12V0T31ZWXVGVI9ZF" 5000
"../../../../../../shanshanye/Desktop/AI_final/GameAI-Final-Project/Content/__ExternalActors__/Maps/TheKillingHour/D/ZO/XL5YZ12V0T31ZWXVGVI9ZF.uasset" 5001
"/Game/__ExternalActors__/Maps/TheKillingHour/E/00/3SN2FLAB3EQI36QTSVH6UC" 5002
"../../../../../../shanshanye/Desktop/AI_final/GameAI-Final-Project/Content/__ExternalActors__/Maps/TheKillingHour/E/00/3SN2FLAB3EQI36QTSVH6UC.uasset" 5003
"/Game/__ExternalActors__/Maps/TheKillingHour/E/02/E8MM9CNYWP9HNQI3E1BVDZ" 5004
"../../../../../../shanshanye/Desktop/AI_final/GameAI-Final-Project/Content/__ExternalActors__/Maps/TheKillingHour/E/02/E8MM9CNYWP9HNQI3E1BVDZ.uasset" 5005
"/Game/__ExternalActors__/Maps/TheKillingHour/E/0E/5BUM0NN0HCKU616UDRMCFZ" 5006
"../../../../../../shanshanye/Desktop/AI_final/GameAI-Final-Project/Content/__ExternalActors__/Maps/TheKillingHour/E/0E/5BUM0NN0HCKU616UDRMCFZ.uasset" 5007
"/Game/__ExternalActors__/Maps/TheKillingHour/E/0U/O9SE4EE8FBG84LBHAKT6GF" 5008
"../../../../../../shanshanye/Desktop/AI_final/GameAI-Final-Project/Content/__ExternalActors__/Maps/TheKillingHour/E/0U/O9SE4EE8FBG84LBHAKT6GF.uasset" 5009
"/Game/__ExternalActors__/Maps/TheKillingHour/E/22/U5L3SJHOVS997CZGOCTOLR" 5010
"../../../../../../shanshanye/Desktop/AI_final/GameAI-Final-Project/Content/__ExternalActors__/Maps/TheKillingHour/E/22/U5L3SJHOVS997CZGOCTOLR.uasset" 5011
"/Game/__ExternalActors__/Maps/TheKillingHour/E/2M/KI4ODYJ8774BSMMR8RLBNW" 5012
"../../../../../../shanshanye/Desktop/AI_final/GameAI-Final-Project/Content/__ExternalActors__/Maps/TheKillingHour/E/2M/KI4ODYJ8774BSMMR8RLBNW.uasset" 5013
"/Game/__ExternalActors__/Maps/TheKillingHour/E/2O/TGWGBAHCMYA7V84Z6LTHXF" 5014
"../../../../../../shanshanye/Desktop/AI_final/GameAI-Final-Project/Content/__ExternalActors__/Maps/TheKillingHour/E/2O/TGWGBAHCMYA7V84Z6LTHXF.uasset" 5015
"/Game/__ExternalActors__/Maps/TheKillingHour/E/3D/QBW81MVX6SGV2PBUEHDUE9" 5016
"../../../../../../shanshanye/Desktop/AI_final/GameAI-Final-Project/Content/__ExternalActors__/Maps/TheKillingHour/E/3D/QBW81MVX6SGV2PBUEHDUE9.uasset" 5017
"/Game/__ExternalActors__/Maps/TheKillingHour/E/3O/YCMJZT34XE911C3V526B7E" 5018
"../../../../../../shanshanye/Desktop/AI_final/GameAI-Final-Project/Content/__ExternalActors__/Maps/TheKillingHour/E/3O/YCMJZT34XE911C3V526B7E.uasset" 5019
"/Game/__ExternalActors__/Maps/TheKillingHour/E/4H/AMIGR3QQX8DY6V7OAM09M5" 5020
"../../../../../../shanshanye/Desktop/AI_final/GameAI-Final-Project/Content/__ExternalActors__/Maps/TheKillingHour/E/4H/AMIGR3QQX8DY6V7OAM09M5.uasset" 5021
"/Game/__ExternalActors__/Maps/TheKillingHour/E/4Z/62FHG8XQ48L5PXSWONB0RD" 5022
"../../../../../../shanshanye/Desktop/AI_final/GameAI-Final-Project/Content/__ExternalActors__/Maps/TheKillingHour/E/4Z/62FHG8XQ48L5PXSWONB0RD.uasset" 5023
"/Game/__ExternalActors__/Maps/TheKillingHour/E/5S/5LS7GD3O7DCFNVG0KSJNW9" 5024
"../../../../../../shanshanye/Desktop/AI_final/GameAI-Final-Project/Content/__ExternalActors__/Maps/TheKillingHour/E/5S/5LS7GD3O7DCFNVG0KSJNW9.uasset" 5025
"/Game/__ExternalActors__/Maps/TheKillingHour/E/65/JQU3D0RD2T6GYEG28M902L" 5026
"../../../../../../shanshanye/Desktop/AI_final/GameAI-Final-Project/Content/__ExternalActors__/Maps/TheKillingHour/E/65/JQU3D0RD2T6GYEG28M902L.uasset" 5027
"/Game/__ExternalActors__/Maps/TheKillingHour/E/6D/Y5FW6QU39WQPQ8YNAGJMQK" 5028
"../../../../../../shanshanye/Desktop/AI_final/GameAI-Final-Project/Content/__ExternalActors__/Maps/TheKillingHour/E/6D/Y5FW6QU39WQPQ8YNAGJMQK.uasset" 5029
"/Game/__ExternalActors__/Maps/TheKillingHour/E/7B/LTKLO9UE67EU53BMP3F1SO" 5030
"../../../../../../shanshanye/Desktop/AI_final/GameAI-Final-Project/Content/__ExternalActors__/Maps/TheKillingHour/E/7B/LTKLO9UE67EU53BMP3F1SO.uasset" 5031
"/Game/__ExternalActors__/Maps/TheKillingHour/E/9Z/WCY96HZAUJP1FKDCIGYI1R" 5032
"../../../../../../shanshanye/Desktop/AI_final/GameAI-Final-Project/Content/__ExternalActors__/Maps/TheKillingHour/E/9Z/WCY96HZAUJP1FKDCIGYI1R.uasset" 5033
"/Game/__ExternalActors__/Maps/TheKillingHour/E/AM/57FRPB932BW2RSGAD3RK00" 5034
"../../../../../../shanshanye/Desktop/AI_final/GameAI-Final-Project/Content/__ExternalActors__/Maps/TheKillingHour/E/AM/57FRPB932BW2RSGAD3RK00.uasset" 5035
"/Game/__ExternalActors__/Maps/TheKillingHour/E/B2/UK8LH24GMJKQGQWBHLXNU5" 5036
"../../../../../../shanshanye/Desktop/AI_final/GameAI-Final-Project/Content/__ExternalActors__/Maps/TheKillingHour/E/B2/UK8LH24GMJKQGQWBHLXNU5.uasset" 5037
"/Game/__ExternalActors__/Maps/TheKillingHour/E/DR/Q4GNTBQGOUYQ0Q5YL8B8B7" 5038
"../../../../../../shanshanye/Desktop/AI_final/GameAI-Final-Project/Content/__ExternalActors__/Maps/TheKillingHour/E/DR/Q4GNTBQGOUYQ0Q5YL8B8B7.uasset" 5039
"/Game/__ExternalActors__/Maps/TheKillingHour/E/E3/T8MSJ274T4NF6HU9465Y6G" 5040
"../../../../../../shanshanye/Desktop/AI_final/GameAI-Final-Project/Content/__ExternalActors__/Maps/TheKillingHour/E/E3/T8MSJ274T4NF6HU9465Y6G.uasset" 5041
"/Game/__ExternalActors__/Maps/TheKillingHour/E/I8/8FKXVC05XNZEAALW6RDC0H" 5042
"../../../../../../shanshanye/Desktop/AI_final/GameAI-Final-Project/Content/__ExternalActors__/Maps/TheKillingHour/E/I8/8FKXVC05XNZEAALW6RDC0H.uasset" 5043
"/Game/__ExternalActors__/Maps/TheKillingHour/E/JD/17OJCQDSGDKKW1S1H6F4JZ" 5044
"../../../../../../shanshanye/Desktop/AI_final/GameAI-Final-Project/Content/__ExternalActors__/Maps/TheKillingHour/E/JD/17OJCQDSGDKKW1S1H6F4JZ.uasset" 5045
"/Game/__ExternalActors__/Maps/TheKillingHour/E/L0/0U2KZQJSR2CA1ECNUAJHBD" 5046
"../../../../../../shanshanye/Desktop/AI_final/GameAI-Final-Project/Content/__ExternalActors__/Maps/TheKillingHour/E/L0/0U2KZQJSR2CA1ECNUAJHBD.uasset" 5047
"/Game/__ExternalActors__/Maps/TheKillingHour/E/L7/V019ZDKQBJ7G7NR3SBJ409" 5048
"../../../../../../shanshanye/Desktop/AI_final/GameAI-Final-Project/Content/__ExternalActors__/Maps/TheKillingHour/E/L7/V019ZDKQBJ7G7NR3SBJ409.uasset" 5049
"/Game/__ExternalActors__/Maps/TheKillingHour/E/LY/O8LB9XTG7690JWLOYDZ3XI" 5050
"../../../../../../shanshanye/Desktop/AI_final/GameAI-Final-Project/Content/__ExternalActors__/Maps/TheKillingHour/E/LY/O8LB9XTG7690JWLOYDZ3XI.uasset" 5051
"/Game/__ExternalActors__/Maps/TheKillingHour/E/PS/NY1L433ETZYLSFH9VJ7BJN" 5052
"../../../../../../shanshanye/Desktop/AI_final/GameAI-Final-Project/Content/__ExternalActors__/Maps/TheKillingHour/E/PS/NY1L433ETZYLSFH9VJ7BJN.uasset" 5053
"/Game/__ExternalActors__/Maps/TheKillingHour/E/QF/06BZ6TFQ5NS5U9OJG99VRN" 5054
"../../../../../../shanshanye/Desktop/AI_final/GameAI-Final-Project/Content/__ExternalActors__/Maps/TheKillingHour/E/QF/06BZ6TFQ5NS5U9OJG99VRN.uasset" 5055
"/Game/__ExternalActors__/Maps/TheKillingHour/E/QY/FIDVGHZ320JPQBOC3K0HHQ" 5056
"../../../../../../shanshanye/Desktop/AI_final/GameAI-Final-Project/Content/__ExternalActors__/Maps/TheKillingHour/E/QY/FIDVGHZ320JPQBOC3K0HHQ.uasset" 5057
"/Game/__ExternalActors__/Maps/TheKillingHour/E/RC/QC3DRHE0NRZ6ECF89UT0K3" 5058
"../../../../../../shanshanye/Desktop/AI_final/GameAI-Final-Project/Content/__ExternalActors__/Maps/TheKillingHour/E/RC/QC3DRHE0NRZ6ECF89UT0K3.uasset" 5059
"/Game/__ExternalActors__/Maps/TheKillingHour/E/RS/NNSE7FCQD8BWF6FUTESOCA" 5060
"../../../../../../shanshanye/Desktop/AI_final/GameAI-Final-Project/Content/__ExternalActors__/Maps/TheKillingHour/E/RS/NNSE7FCQD8BWF6FUTESOCA.uasset" 5061
"/Game/__ExternalActors__/Maps/TheKillingHour/E/T3/ZNVQHFYC1EC7YBRID4SCTK" 5062
"../../../../../../shanshanye/Desktop/AI_final/GameAI-Final-Project/Content/__ExternalActors__/Maps/TheKillingHour/E/T3/ZNVQHFYC1EC7YBRID4SCTK.uasset" 5063
"/Game/__ExternalActors__/Maps/TheKillingHour/E/UO/OJVDPR6Y5K6DGJUCOKOQI8" 5064
"../../../../../../shanshanye/Desktop/AI_final/GameAI-Final-Project/Content/__ExternalActors__/Maps/TheKillingHour/E/UO/OJVDPR6Y5K6DGJUCOKOQI8.uasset" 5065
"/Game/__ExternalActors__/Maps/TheKillingHour/E/VL/04GTRXNLWFZSDKJ0QFF9IE" 5066
"../../../../../../shanshanye/Desktop/AI_final/GameAI-Final-Project/Content/__ExternalActors__/Maps/TheKillingHour/E/VL/04GTRXNLWFZSDKJ0QFF9IE.uasset" 5067
"/Game/__ExternalActors__/Maps/TheKillingHour/E/YF/E3XBTW1MK0WIPJ8DKEHER6" 5068
"../../../../../../shanshanye/Desktop/AI_final/GameAI-Final-Project/Content/__ExternalActors__/Maps/TheKillingHour/E/YF/E3XBTW1MK0WIPJ8DKEHER6.uasset" 5069
"/Game/__ExternalActors__/Maps/TheKillingHour/E/YN/T9I4UWBJ3XKXPN9RLJ3FLV" 5070
"../../../../../../shanshanye/Desktop/AI_final/GameAI-Final-Project/Content/__ExternalActors__/Maps/TheKillingHour/E/YN/T9I4UWBJ3XKXPN9RLJ3FLV.uasset" 5071
"/Game/__ExternalActors__/Maps/TheKillingHour/E/YV/QI7BN5DA3VBHWBOYIC3CE2" 5072
"../../../../../../shanshanye/Desktop/AI_final/GameAI-Final-Project/Content/__ExternalActors__/Maps/TheKillingHour/E/YV/QI7BN5DA3VBHWBOYIC3CE2.uasset" 5073
"/Game/__ExternalActors__/Maps/TheKillingHour/E/YY/RWP50YSEJI9PYVCOSGN6MV" 5074
"../../../../../../shanshanye/Desktop/AI_final/GameAI-Final-Project/Content/__ExternalActors__/Maps/TheKillingHour/E/YY/RWP50YSEJI9PYVCOSGN6MV.uasset" 5075
"/Game/__ExternalActors__/Maps/TheKillingHour/F/1P/GR1GTR0DJQ46NE4CYXYEB4" 5076
"../../../../../../shanshanye/Desktop/AI_final/GameAI-Final-Project/Content/__ExternalActors__/Maps/TheKillingHour/F/1P/GR1GTR0DJQ46NE4CYXYEB4.uasset" 5077
"/Game/__ExternalActors__/Maps/TheKillingHour/F/1S/YP65736YMQMKIGN713E2SA" 5078
"../../../../../../shanshanye/Desktop/AI_final/GameAI-Final-Project/Content/__ExternalActors__/Maps/TheKillingHour/F/1S/YP65736YMQMKIGN713E2SA.uasset" 5079
"/Game/__ExternalActors__/Maps/TheKillingHour/F/2U/HHJIWG0O92DJ2GI5UWZZ2W" 5080
"../../../../../../shanshanye/Desktop/AI_final/GameAI-Final-Project/Content/__ExternalActors__/Maps/TheKillingHour/F/2U/HHJIWG0O92DJ2GI5UWZZ2W.uasset" 5081
"/Game/__ExternalActors__/Maps/TheKillingHour/F/4M/2R3AA49DAZHP9UTCL3Q215" 5082
"../../../../../../shanshanye/Desktop/AI_final/GameAI-Final-Project/Content/__ExternalActors__/Maps/TheKillingHour/F/4M/2R3AA49DAZHP9UTCL3Q215.uasset" 5083
"/Engine/EditorResources/EmptyActor" 5084
"../../../Engine/Content/EditorResources/EmptyActor.uasset" 5085
"/Engine/EditorResources/AudioIcons/S_AudioComponent" 5086
"../../../Engine/Content/EditorResources/AudioIcons/S_AudioComponent.uasset" 5087
"/ControlRig/Controls/ControlRig_Arrow4_3mm" 5088
"../../Plugins/Animation/ControlRig/Content/Controls/ControlRig_Arrow4_3mm.uasset" 5089
"/ControlRig/Controls/ControlRig_Arrow4_solid" 5090
"../../Plugins/Animation/ControlRig/Content/Controls/ControlRig_Arrow4_solid.uasset" 5091
"/ControlRig/Controls/ControlRig_Arrow_1mm" 5092
"../../Plugins/Animation/ControlRig/Content/Controls/ControlRig_Arrow_1mm.uasset" 5093
"/ControlRig/Controls/ControlRig_Arrow_3mm" 5094
"../../Plugins/Animation/ControlRig/Content/Controls/ControlRig_Arrow_3mm.uasset" 5095
"/ControlRig/Controls/ControlRig_Arrow_solid" 5096
"../../Plugins/Animation/ControlRig/Content/Controls/ControlRig_Arrow_solid.uasset" 5097
"/ControlRig/Controls/ControlRig_Box_1mm" 5098
"../../Plugins/Animation/ControlRig/Content/Controls/ControlRig_Box_1mm.uasset" 5099
"/ControlRig/Controls/ControlRig_Box_3mm" 5100
"../../Plugins/Animation/ControlRig/Content/Controls/ControlRig_Box_3mm.uasset" 5101
"/ControlRig/Controls/ControlRig_Box_solid" 5102
"../../Plugins/Animation/ControlRig/Content/Controls/ControlRig_Box_solid.uasset" 5103
"/ControlRig/Controls/ControlRig_Circle_1mm" 5104
"../../Plugins/Animation/ControlRig/Content/Controls/ControlRig_Circle_1mm.uasset" 5105
"/ControlRig/Controls/ControlRig_Circle_3mm" 5106
"../../Plugins/Animation/ControlRig/Content/Controls/ControlRig_Circle_3mm.uasset" 5107
"/ControlRig/Controls/ControlRig_Circle_solid" 5108
"../../Plugins/Animation/ControlRig/Content/Controls/ControlRig_Circle_solid.uasset" 5109
"/ControlRig/Controls/ControlRig_Diamond_1mm" 5110
"../../Plugins/Animation/ControlRig/Content/Controls/ControlRig_Diamond_1mm.uasset" 5111
"/ControlRig/Controls/ControlRig_Diamond_3mm" 5112
"../../Plugins/Animation/ControlRig/Content/Controls/ControlRig_Diamond_3mm.uasset" 5113
"/ControlRig/Controls/ControlRig_Diamond_solid" 5114
"../../Plugins/Animation/ControlRig/Content/Controls/ControlRig_Diamond_solid.uasset" 5115
"/ControlRig/Controls/ControlRig_HalfCircle_1mm" 5116
"../../Plugins/Animation/ControlRig/Content/Controls/ControlRig_HalfCircle_1mm.uasset" 5117
"/ControlRig/Controls/ControlRig_HalfCircle_3mm" 5118
"../../Plugins/Animation/ControlRig/Content/Controls/ControlRig_HalfCircle_3mm.uasset" 5119
"/ControlRig/Controls/ControlRig_HalfCircle_solid" 5120
"../../Plugins/Animation/ControlRig/Content/Controls/ControlRig_HalfCircle_solid.uasset" 5121
"/ControlRig/Controls/ControlRig_Hexagon_1mm" 5122
"../../Plugins/Animation/ControlRig/Content/Controls/ControlRig_Hexagon_1mm.uasset" 5123
"/ControlRig/Controls/ControlRig_Hexagon_3mm" 5124
"../../Plugins/Animation/ControlRig/Content/Controls/ControlRig_Hexagon_3mm.uasset" 5125
"/ControlRig/Controls/ControlRig_Hexagon_solid" 5126
"../../Plugins/Animation/ControlRig/Content/Controls/ControlRig_Hexagon_solid.uasset" 5127
"/ControlRig/Controls/ControlRig_Octagon_1mm" 5128
"../../Plugins/Animation/ControlRig/Content/Controls/ControlRig_Octagon_1mm.uasset" 5129
"/ControlRig/Controls/ControlRig_Octagon_3mm" 5130
"../../Plugins/Animation/ControlRig/Content/Controls/ControlRig_Octagon_3mm.uasset" 5131
"/ControlRig/Controls/ControlRig_Octagon_solid" 5132
"../../Plugins/Animation/ControlRig/Content/Controls/ControlRig_Octagon_solid.uasset" 5133
"/ControlRig/Controls/ControlRig_Pyramid_1mm" 5134
"../../Plugins/Animation/ControlRig/Content/Controls/ControlRig_Pyramid_1mm.uasset" 5135
"/ControlRig/Controls/ControlRig_Pyramid_3mm" 5136
"../../Plugins/Animation/ControlRig/Content/Controls/ControlRig_Pyramid_3mm.uasset" 5137
"/ControlRig/Controls/ControlRig_Pyramid_solid" 5138
"../../Plugins/Animation/ControlRig/Content/Controls/ControlRig_Pyramid_solid.uasset" 5139
"/ControlRig/Controls/ControlRig_QuarterCircle_1mm" 5140
"../../Plugins/Animation/ControlRig/Content/Controls/ControlRig_QuarterCircle_1mm.uasset" 5141
"/ControlRig/Controls/ControlRig_QuarterCircle_3mm" 5142
"../../Plugins/Animation/ControlRig/Content/Controls/ControlRig_QuarterCircle_3mm.uasset" 5143
"/ControlRig/Controls/ControlRig_QuarterCircle_solid" 5144
"../../Plugins/Animation/ControlRig/Content/Controls/ControlRig_QuarterCircle_solid.uasset" 5145
"/ControlRig/Controls/ControlRig_RoundedSquare_1mm" 5146
"../../Plugins/Animation/ControlRig/Content/Controls/ControlRig_RoundedSquare_1mm.uasset" 5147
"/ControlRig/Controls/ControlRig_RoundedSquare_3mm" 5148
"../../Plugins/Animation/ControlRig/Content/Controls/ControlRig_RoundedSquare_3mm.uasset" 5149
"/ControlRig/Controls/ControlRig_RoundedSquare_solid" 5150
"../../Plugins/Animation/ControlRig/Content/Controls/ControlRig_RoundedSquare_solid.uasset" 5151
"/ControlRig/Controls/ControlRig_RoundedTriangle_1mm" 5152
"../../Plugins/Animation/ControlRig/Content/Controls/ControlRig_RoundedTriangle_1mm.uasset" 5153
"/ControlRig/Controls/ControlRig_RoundedTriangle_3mm" 5154
"../../Plugins/Animation/ControlRig/Content/Controls/ControlRig_RoundedTriangle_3mm.uasset" 5155
"/ControlRig/Controls/ControlRig_RoundedTriangle_solid" 5156
"../../Plugins/Animation/ControlRig/Content/Controls/ControlRig_RoundedTriangle_solid.uasset" 5157
"/ControlRig/Controls/ControlRig_Sphere_1mm" 5158
"../../Plugins/Animation/ControlRig/Content/Controls/ControlRig_Sphere_1mm.uasset" 5159
"/ControlRig/Controls/ControlRig_Sphere_3mm" 5160
"../../Plugins/Animation/ControlRig/Content/Controls/ControlRig_Sphere_3mm.uasset" 5161
"/ControlRig/Controls/ControlRig_Square_1mm" 5162
"../../Plugins/Animation/ControlRig/Content/Controls/ControlRig_Square_1mm.uasset" 5163
"/ControlRig/Controls/ControlRig_Square_3mm" 5164
"../../Plugins/Animation/ControlRig/Content/Controls/ControlRig_Square_3mm.uasset" 5165
"/ControlRig/Controls/ControlRig_Square_solid" 5166
"../../Plugins/Animation/ControlRig/Content/Controls/ControlRig_Square_solid.uasset" 5167
"/ControlRig/Controls/ControlRig_Star4_1mm" 5168
"../../Plugins/Animation/ControlRig/Content/Controls/ControlRig_Star4_1mm.uasset" 5169
"/ControlRig/Controls/ControlRig_Star4_3mm" 5170
"../../Plugins/Animation/ControlRig/Content/Controls/ControlRig_Star4_3mm.uasset" 5171
"/ControlRig/Controls/ControlRig_Star4_solid" 5172
"../../Plugins/Animation/ControlRig/Content/Controls/ControlRig_Star4_solid.uasset" 5173
"/ControlRig/Controls/ControlRig_Triangle_1mm" 5174
"../../Plugins/Animation/ControlRig/Content/Controls/ControlRig_Triangle_1mm.uasset" 5175
"/ControlRig/Controls/ControlRig_Triangle_3mm" 5176
"../../Plugins/Animation/ControlRig/Content/Controls/ControlRig_Triangle_3mm.uasset" 5177
"/ControlRig/Controls/ControlRig_Triangle_solid" 5178
"../../Plugins/Animation/ControlRig/Content/Controls/ControlRig_Triangle_solid.uasset" 5179
"/ControlRig/Controls/ControlRig_Wedge_1mm" 5180
"../../Plugins/Animation/ControlRig/Content/Controls/ControlRig_Wedge_1mm.uasset" 5181
"/ControlRig/Controls/ControlRig_Wedge_3mm" 5182
"../../Plugins/Animation/ControlRig/Content/Controls/ControlRig_Wedge_3mm.uasset" 5183
"/ControlRig/Controls/ControlRig_Wedge_solid" 5184
"../../Plugins/Animation/ControlRig/Content/Controls/ControlRig_Wedge_solid.uasset" 5185
"/Engine/Maps/Entry" 5186
"../../../Engine/Content/Maps/Entry.umap" 5187
"../../../Engine/Content/Maps/Entry_BuiltData.uasset" 5188
"/Engine/EditorMaterials/PreviewShadowIndicatorMaterial" 5189
"../../../Engine/Content/EditorMaterials/PreviewShadowIndicatorMaterial.uasset" 5190
"../../../Engine/Content/EditorMaterials/PreviewShadowIndicator.uasset" 5191
"/Engine/EngineMaterials/Substrate/GLints/AGlintTex2dArray" 5192
"../../../Engine/Content/EngineMaterials/Substrate/GLints/AGlintTex2dArray.uasset" 5193
"../../../Engine/Content/EngineMaterials/Substrate/GLints/dict_16_192_64_0p5_0p02_0000_0000.uasset" 5194
"../../../Engine/Content/EngineMaterials/Substrate/GLints/dict_16_192_64_0p5_0p02_0000_0001.uasset" 5195
"../../../Engine/Content/EngineMaterials/Substrate/GLints/dict_16_192_64_0p5_0p02_0000_0002.uasset" 5196
"../../../Engine/Content/EngineMaterials/Substrate/GLints/dict_16_192_64_0p5_0p02_0000_0003.uasset" 5197
"../../../Engine/Content/EngineMaterials/Substrate/GLints/dict_16_192_64_0p5_0p02_0000_0004.uasset" 5198
"../../../Engine/Content/EngineMaterials/Substrate/GLints/dict_16_192_64_0p5_0p02_0000_0005.uasset" 5199
"../../../Engine/Content/EngineMaterials/Substrate/GLints/dict_16_192_64_0p5_0p02_0000_0006.uasset" 5200
"../../../Engine/Content/EngineMaterials/Substrate/GLints/dict_16_192_64_0p5_0p02_0000_0007.uasset" 5201
"../../../Engine/Content/EngineMaterials/Substrate/GLints/dict_16_192_64_0p5_0p02_0000_0008.uasset" 5202
"../../../Engine/Content/EngineMaterials/Substrate/GLints/dict_16_192_64_0p5_0p02_0000_0009.uasset" 5203
"../../../Engine/Content/EngineMaterials/Substrate/GLints/dict_16_192_64_0p5_0p02_0000_0010.uasset" 5204
"../../../Engine/Content/EngineMaterials/Substrate/GLints/dict_16_192_64_0p5_0p02_0000_0011.uasset" 5205
"../../../Engine/Content/EngineMaterials/Substrate/GLints/dict_16_192_64_0p5_0p02_0000_0012.uasset" 5206
"../../../Engine/Content/EngineMaterials/Substrate/GLints/dict_16_192_64_0p5_0p02_0000_0013.uasset" 5207
"../../../Engine/Content/EngineMaterials/Substrate/GLints/dict_16_192_64_0p5_0p02_0000_0014.uasset" 5208
"../../../Engine/Content/EngineMaterials/Substrate/GLints/dict_16_192_64_0p5_0p02_0000_0015.uasset" 5209
"../../../Engine/Content/EngineMaterials/Substrate/GLints/dict_16_192_64_0p5_0p02_0001_0000.uasset" 5210
"../../../Engine/Content/EngineMaterials/Substrate/GLints/dict_16_192_64_0p5_0p02_0001_0001.uasset" 5211
"../../../Engine/Content/EngineMaterials/Substrate/GLints/dict_16_192_64_0p5_0p02_0001_0002.uasset" 5212
"../../../Engine/Content/EngineMaterials/Substrate/GLints/dict_16_192_64_0p5_0p02_0001_0003.uasset" 5213
"../../../Engine/Content/EngineMaterials/Substrate/GLints/dict_16_192_64_0p5_0p02_0001_0004.uasset" 5214
"../../../Engine/Content/EngineMaterials/Substrate/GLints/dict_16_192_64_0p5_0p02_0001_0005.uasset" 5215
"../../../Engine/Content/EngineMaterials/Substrate/GLints/dict_16_192_64_0p5_0p02_0001_0006.uasset" 5216
"../../../Engine/Content/EngineMaterials/Substrate/GLints/dict_16_192_64_0p5_0p02_0001_0007.uasset" 5217
"../../../Engine/Content/EngineMaterials/Substrate/GLints/dict_16_192_64_0p5_0p02_0001_0008.uasset" 5218
"../../../Engine/Content/EngineMaterials/Substrate/GLints/dict_16_192_64_0p5_0p02_0001_0009.uasset" 5219
"../../../Engine/Content/EngineMaterials/Substrate/GLints/dict_16_192_64_0p5_0p02_0001_0010.uasset" 5220
"../../../Engine/Content/EngineMaterials/Substrate/GLints/dict_16_192_64_0p5_0p02_0001_0011.uasset" 5221
"../../../Engine/Content/EngineMaterials/Substrate/GLints/dict_16_192_64_0p5_0p02_0001_0012.uasset" 5222
"../../../Engine/Content/EngineMaterials/Substrate/GLints/dict_16_192_64_0p5_0p02_0001_0013.uasset" 5223
"../../../Engine/Content/EngineMaterials/Substrate/GLints/dict_16_192_64_0p5_0p02_0001_0014.uasset" 5224
"../../../Engine/Content/EngineMaterials/Substrate/GLints/dict_16_192_64_0p5_0p02_0001_0015.uasset" 5225
"../../../Engine/Content/EngineMaterials/Substrate/GLints/dict_16_192_64_0p5_0p02_0002_0000.uasset" 5226
"../../../Engine/Content/EngineMaterials/Substrate/GLints/dict_16_192_64_0p5_0p02_0002_0001.uasset" 5227
"../../../Engine/Content/EngineMaterials/Substrate/GLints/dict_16_192_64_0p5_0p02_0002_0002.uasset" 5228
"../../../Engine/Content/EngineMaterials/Substrate/GLints/dict_16_192_64_0p5_0p02_0002_0003.uasset" 5229
"../../../Engine/Content/EngineMaterials/Substrate/GLints/dict_16_192_64_0p5_0p02_0002_0004.uasset" 5230
"../../../Engine/Content/EngineMaterials/Substrate/GLints/dict_16_192_64_0p5_0p02_0002_0005.uasset" 5231
"../../../Engine/Content/EngineMaterials/Substrate/GLints/dict_16_192_64_0p5_0p02_0002_0006.uasset" 5232
"../../../Engine/Content/EngineMaterials/Substrate/GLints/dict_16_192_64_0p5_0p02_0002_0007.uasset" 5233
"../../../Engine/Content/EngineMaterials/Substrate/GLints/dict_16_192_64_0p5_0p02_0002_0008.uasset" 5234
"../../../Engine/Content/EngineMaterials/Substrate/GLints/dict_16_192_64_0p5_0p02_0002_0009.uasset" 5235
"../../../Engine/Content/EngineMaterials/Substrate/GLints/dict_16_192_64_0p5_0p02_0002_0010.uasset" 5236
"../../../Engine/Content/EngineMaterials/Substrate/GLints/dict_16_192_64_0p5_0p02_0002_0011.uasset" 5237
"../../../Engine/Content/EngineMaterials/Substrate/GLints/dict_16_192_64_0p5_0p02_0002_0012.uasset" 5238
"../../../Engine/Content/EngineMaterials/Substrate/GLints/dict_16_192_64_0p5_0p02_0002_0013.uasset" 5239
"../../../Engine/Content/EngineMaterials/Substrate/GLints/dict_16_192_64_0p5_0p02_0002_0014.uasset" 5240
"../../../Engine/Content/EngineMaterials/Substrate/GLints/dict_16_192_64_0p5_0p02_0002_0015.uasset" 5241
"../../../Engine/Content/EngineMaterials/Substrate/GLints/dict_16_192_64_0p5_0p02_0003_0000.uasset" 5242
"../../../Engine/Content/EngineMaterials/Substrate/GLints/dict_16_192_64_0p5_0p02_0003_0001.uasset" 5243
"../../../Engine/Content/EngineMaterials/Substrate/GLints/dict_16_192_64_0p5_0p02_0003_0002.uasset" 5244
"../../../Engine/Content/EngineMaterials/Substrate/GLints/dict_16_192_64_0p5_0p02_0003_0003.uasset" 5245
"../../../Engine/Content/EngineMaterials/Substrate/GLints/dict_16_192_64_0p5_0p02_0003_0004.uasset" 5246
"../../../Engine/Content/EngineMaterials/Substrate/GLints/dict_16_192_64_0p5_0p02_0003_0005.uasset" 5247
"../../../Engine/Content/EngineMaterials/Substrate/GLints/dict_16_192_64_0p5_0p02_0003_0006.uasset" 5248
"../../../Engine/Content/EngineMaterials/Substrate/GLints/dict_16_192_64_0p5_0p02_0003_0007.uasset" 5249
"../../../Engine/Content/EngineMaterials/Substrate/GLints/dict_16_192_64_0p5_0p02_0003_0008.uasset" 5250
"../../../Engine/Content/EngineMaterials/Substrate/GLints/dict_16_192_64_0p5_0p02_0003_0009.uasset" 5251
"../../../Engine/Content/EngineMaterials/Substrate/GLints/dict_16_192_64_0p5_0p02_0003_0010.uasset" 5252
"../../../Engine/Content/EngineMaterials/Substrate/GLints/dict_16_192_64_0p5_0p02_0003_0011.uasset" 5253
"../../../Engine/Content/EngineMaterials/Substrate/GLints/dict_16_192_64_0p5_0p02_0003_0012.uasset" 5254
"../../../Engine/Content/EngineMaterials/Substrate/GLints/dict_16_192_64_0p5_0p02_0003_0013.uasset" 5255
"../../../Engine/Content/EngineMaterials/Substrate/GLints/dict_16_192_64_0p5_0p02_0003_0014.uasset" 5256
"../../../Engine/Content/EngineMaterials/Substrate/GLints/dict_16_192_64_0p5_0p02_0003_0015.uasset" 5257
"../../../Engine/Content/EngineMaterials/Substrate/GLints/dict_16_192_64_0p5_0p02_0004_0000.uasset" 5258
"../../../Engine/Content/EngineMaterials/Substrate/GLints/dict_16_192_64_0p5_0p02_0004_0001.uasset" 5259
"../../../Engine/Content/EngineMaterials/Substrate/GLints/dict_16_192_64_0p5_0p02_0004_0002.uasset" 5260
"../../../Engine/Content/EngineMaterials/Substrate/GLints/dict_16_192_64_0p5_0p02_0004_0003.uasset" 5261
"../../../Engine/Content/EngineMaterials/Substrate/GLints/dict_16_192_64_0p5_0p02_0004_0004.uasset" 5262
"../../../Engine/Content/EngineMaterials/Substrate/GLints/dict_16_192_64_0p5_0p02_0004_0005.uasset" 5263
"../../../Engine/Content/EngineMaterials/Substrate/GLints/dict_16_192_64_0p5_0p02_0004_0006.uasset" 5264
"../../../Engine/Content/EngineMaterials/Substrate/GLints/dict_16_192_64_0p5_0p02_0004_0007.uasset" 5265
"../../../Engine/Content/EngineMaterials/Substrate/GLints/dict_16_192_64_0p5_0p02_0004_0008.uasset" 5266
"../../../Engine/Content/EngineMaterials/Substrate/GLints/dict_16_192_64_0p5_0p02_0004_0009.uasset" 5267
"../../../Engine/Content/EngineMaterials/Substrate/GLints/dict_16_192_64_0p5_0p02_0004_0010.uasset" 5268
"../../../Engine/Content/EngineMaterials/Substrate/GLints/dict_16_192_64_0p5_0p02_0004_0011.uasset" 5269
"../../../Engine/Content/EngineMaterials/Substrate/GLints/dict_16_192_64_0p5_0p02_0004_0012.uasset" 5270
"../../../Engine/Content/EngineMaterials/Substrate/GLints/dict_16_192_64_0p5_0p02_0004_0013.uasset" 5271
"../../../Engine/Content/EngineMaterials/Substrate/GLints/dict_16_192_64_0p5_0p02_0004_0014.uasset" 5272
"../../../Engine/Content/EngineMaterials/Substrate/GLints/dict_16_192_64_0p5_0p02_0004_0015.uasset" 5273
"../../../Engine/Content/EngineMaterials/Substrate/GLints/dict_16_192_64_0p5_0p02_0005_0000.uasset" 5274
"../../../Engine/Content/EngineMaterials/Substrate/GLints/dict_16_192_64_0p5_0p02_0005_0001.uasset" 5275
"../../../Engine/Content/EngineMaterials/Substrate/GLints/dict_16_192_64_0p5_0p02_0005_0002.uasset" 5276
"../../../Engine/Content/EngineMaterials/Substrate/GLints/dict_16_192_64_0p5_0p02_0005_0003.uasset" 5277
"../../../Engine/Content/EngineMaterials/Substrate/GLints/dict_16_192_64_0p5_0p02_0005_0004.uasset" 5278
"../../../Engine/Content/EngineMaterials/Substrate/GLints/dict_16_192_64_0p5_0p02_0005_0005.uasset" 5279
"../../../Engine/Content/EngineMaterials/Substrate/GLints/dict_16_192_64_0p5_0p02_0005_0006.uasset" 5280
"../../../Engine/Content/EngineMaterials/Substrate/GLints/dict_16_192_64_0p5_0p02_0005_0007.uasset" 5281
"../../../Engine/Content/EngineMaterials/Substrate/GLints/dict_16_192_64_0p5_0p02_0005_0008.uasset" 5282
"../../../Engine/Content/EngineMaterials/Substrate/GLints/dict_16_192_64_0p5_0p02_0005_0009.uasset" 5283
"../../../Engine/Content/EngineMaterials/Substrate/GLints/dict_16_192_64_0p5_0p02_0005_0010.uasset" 5284
"../../../Engine/Content/EngineMaterials/Substrate/GLints/dict_16_192_64_0p5_0p02_0005_0011.uasset" 5285
"../../../Engine/Content/EngineMaterials/Substrate/GLints/dict_16_192_64_0p5_0p02_0005_0012.uasset" 5286
"../../../Engine/Content/EngineMaterials/Substrate/GLints/dict_16_192_64_0p5_0p02_0005_0013.uasset" 5287
"../../../Engine/Content/EngineMaterials/Substrate/GLints/dict_16_192_64_0p5_0p02_0005_0014.uasset" 5288
"../../../Engine/Content/EngineMaterials/Substrate/GLints/dict_16_192_64_0p5_0p02_0005_0015.uasset" 5289
"../../../Engine/Content/EngineMaterials/Substrate/GLints/dict_16_192_64_0p5_0p02_0006_0000.uasset" 5290
"../../../Engine/Content/EngineMaterials/Substrate/GLints/dict_16_192_64_0p5_0p02_0006_0001.uasset" 5291
"../../../Engine/Content/EngineMaterials/Substrate/GLints/dict_16_192_64_0p5_0p02_0006_0002.uasset" 5292
"../../../Engine/Content/EngineMaterials/Substrate/GLints/dict_16_192_64_0p5_0p02_0006_0003.uasset" 5293
"../../../Engine/Content/EngineMaterials/Substrate/GLints/dict_16_192_64_0p5_0p02_0006_0004.uasset" 5294
"../../../Engine/Content/EngineMaterials/Substrate/GLints/dict_16_192_64_0p5_0p02_0006_0005.uasset" 5295
"../../../Engine/Content/EngineMaterials/Substrate/GLints/dict_16_192_64_0p5_0p02_0006_0006.uasset" 5296
"../../../Engine/Content/EngineMaterials/Substrate/GLints/dict_16_192_64_0p5_0p02_0006_0007.uasset" 5297
"../../../Engine/Content/EngineMaterials/Substrate/GLints/dict_16_192_64_0p5_0p02_0006_0008.uasset" 5298
"../../../Engine/Content/EngineMaterials/Substrate/GLints/dict_16_192_64_0p5_0p02_0006_0009.uasset" 5299
"../../../Engine/Content/EngineMaterials/Substrate/GLints/dict_16_192_64_0p5_0p02_0006_0010.uasset" 5300
"../../../Engine/Content/EngineMaterials/Substrate/GLints/dict_16_192_64_0p5_0p02_0006_0011.uasset" 5301
"../../../Engine/Content/EngineMaterials/Substrate/GLints/dict_16_192_64_0p5_0p02_0006_0012.uasset" 5302
"../../../Engine/Content/EngineMaterials/Substrate/GLints/dict_16_192_64_0p5_0p02_0006_0013.uasset" 5303
"../../../Engine/Content/EngineMaterials/Substrate/GLints/dict_16_192_64_0p5_0p02_0006_0014.uasset" 5304
"../../../Engine/Content/EngineMaterials/Substrate/GLints/dict_16_192_64_0p5_0p02_0006_0015.uasset" 5305
"../../../Engine/Content/EngineMaterials/Substrate/GLints/dict_16_192_64_0p5_0p02_0007_0000.uasset" 5306
"../../../Engine/Content/EngineMaterials/Substrate/GLints/dict_16_192_64_0p5_0p02_0007_0001.uasset" 5307
"../../../Engine/Content/EngineMaterials/Substrate/GLints/dict_16_192_64_0p5_0p02_0007_0002.uasset" 5308
"../../../Engine/Content/EngineMaterials/Substrate/GLints/dict_16_192_64_0p5_0p02_0007_0003.uasset" 5309
"../../../Engine/Content/EngineMaterials/Substrate/GLints/dict_16_192_64_0p5_0p02_0007_0004.uasset" 5310
"../../../Engine/Content/EngineMaterials/Substrate/GLints/dict_16_192_64_0p5_0p02_0007_0005.uasset" 5311
"../../../Engine/Content/EngineMaterials/Substrate/GLints/dict_16_192_64_0p5_0p02_0007_0006.uasset" 5312
"../../../Engine/Content/EngineMaterials/Substrate/GLints/dict_16_192_64_0p5_0p02_0007_0007.uasset" 5313
"../../../Engine/Content/EngineMaterials/Substrate/GLints/dict_16_192_64_0p5_0p02_0007_0008.uasset" 5314
"../../../Engine/Content/EngineMaterials/Substrate/GLints/dict_16_192_64_0p5_0p02_0007_0009.uasset" 5315
"../../../Engine/Content/EngineMaterials/Substrate/GLints/dict_16_192_64_0p5_0p02_0007_0010.uasset" 5316
"../../../Engine/Content/EngineMaterials/Substrate/GLints/dict_16_192_64_0p5_0p02_0007_0011.uasset" 5317
"../../../Engine/Content/EngineMaterials/Substrate/GLints/dict_16_192_64_0p5_0p02_0007_0012.uasset" 5318
"../../../Engine/Content/EngineMaterials/Substrate/GLints/dict_16_192_64_0p5_0p02_0007_0013.uasset" 5319
"../../../Engine/Content/EngineMaterials/Substrate/GLints/dict_16_192_64_0p5_0p02_0007_0014.uasset" 5320
"../../../Engine/Content/EngineMaterials/Substrate/GLints/dict_16_192_64_0p5_0p02_0007_0015.uasset" 5321
"../../../Engine/Content/EngineMaterials/Substrate/GLints/dict_16_192_64_0p5_0p02_0008_0000.uasset" 5322
"../../../Engine/Content/EngineMaterials/Substrate/GLints/dict_16_192_64_0p5_0p02_0008_0001.uasset" 5323
"../../../Engine/Content/EngineMaterials/Substrate/GLints/dict_16_192_64_0p5_0p02_0008_0002.uasset" 5324
"../../../Engine/Content/EngineMaterials/Substrate/GLints/dict_16_192_64_0p5_0p02_0008_0003.uasset" 5325
"../../../Engine/Content/EngineMaterials/Substrate/GLints/dict_16_192_64_0p5_0p02_0008_0004.uasset" 5326
"../../../Engine/Content/EngineMaterials/Substrate/GLints/dict_16_192_64_0p5_0p02_0008_0005.uasset" 5327
"../../../Engine/Content/EngineMaterials/Substrate/GLints/dict_16_192_64_0p5_0p02_0008_0006.uasset" 5328
"../../../Engine/Content/EngineMaterials/Substrate/GLints/dict_16_192_64_0p5_0p02_0008_0007.uasset" 5329
"../../../Engine/Content/EngineMaterials/Substrate/GLints/dict_16_192_64_0p5_0p02_0008_0008.uasset" 5330
"../../../Engine/Content/EngineMaterials/Substrate/GLints/dict_16_192_64_0p5_0p02_0008_0009.uasset" 5331
"../../../Engine/Content/EngineMaterials/Substrate/GLints/dict_16_192_64_0p5_0p02_0008_0010.uasset" 5332
"../../../Engine/Content/EngineMaterials/Substrate/GLints/dict_16_192_64_0p5_0p02_0008_0011.uasset" 5333
"../../../Engine/Content/EngineMaterials/Substrate/GLints/dict_16_192_64_0p5_0p02_0008_0012.uasset" 5334
"../../../Engine/Content/EngineMaterials/Substrate/GLints/dict_16_192_64_0p5_0p02_0008_0013.uasset" 5335
"../../../Engine/Content/EngineMaterials/Substrate/GLints/dict_16_192_64_0p5_0p02_0008_0014.uasset" 5336
"../../../Engine/Content/EngineMaterials/Substrate/GLints/dict_16_192_64_0p5_0p02_0008_0015.uasset" 5337
"../../../Engine/Content/EngineMaterials/Substrate/GLints/dict_16_192_64_0p5_0p02_0009_0000.uasset" 5338
"../../../Engine/Content/EngineMaterials/Substrate/GLints/dict_16_192_64_0p5_0p02_0009_0001.uasset" 5339
"../../../Engine/Content/EngineMaterials/Substrate/GLints/dict_16_192_64_0p5_0p02_0009_0002.uasset" 5340
"../../../Engine/Content/EngineMaterials/Substrate/GLints/dict_16_192_64_0p5_0p02_0009_0003.uasset" 5341
"../../../Engine/Content/EngineMaterials/Substrate/GLints/dict_16_192_64_0p5_0p02_0009_0004.uasset" 5342
"../../../Engine/Content/EngineMaterials/Substrate/GLints/dict_16_192_64_0p5_0p02_0009_0005.uasset" 5343
"../../../Engine/Content/EngineMaterials/Substrate/GLints/dict_16_192_64_0p5_0p02_0009_0006.uasset" 5344
"../../../Engine/Content/EngineMaterials/Substrate/GLints/dict_16_192_64_0p5_0p02_0009_0007.uasset" 5345
"../../../Engine/Content/EngineMaterials/Substrate/GLints/dict_16_192_64_0p5_0p02_0009_0008.uasset" 5346
"../../../Engine/Content/EngineMaterials/Substrate/GLints/dict_16_192_64_0p5_0p02_0009_0009.uasset" 5347
"../../../Engine/Content/EngineMaterials/Substrate/GLints/dict_16_192_64_0p5_0p02_0009_0010.uasset" 5348
"../../../Engine/Content/EngineMaterials/Substrate/GLints/dict_16_192_64_0p5_0p02_0009_0011.uasset" 5349
"../../../Engine/Content/EngineMaterials/Substrate/GLints/dict_16_192_64_0p5_0p02_0009_0012.uasset" 5350
"../../../Engine/Content/EngineMaterials/Substrate/GLints/dict_16_192_64_0p5_0p02_0009_0013.uasset" 5351
"../../../Engine/Content/EngineMaterials/Substrate/GLints/dict_16_192_64_0p5_0p02_0009_0014.uasset" 5352
"../../../Engine/Content/EngineMaterials/Substrate/GLints/dict_16_192_64_0p5_0p02_0009_0015.uasset" 5353
"../../../Engine/Content/EngineMaterials/Substrate/GLints/dict_16_192_64_0p5_0p02_0010_0000.uasset" 5354
"../../../Engine/Content/EngineMaterials/Substrate/GLints/dict_16_192_64_0p5_0p02_0010_0001.uasset" 5355
"../../../Engine/Content/EngineMaterials/Substrate/GLints/dict_16_192_64_0p5_0p02_0010_0002.uasset" 5356
"../../../Engine/Content/EngineMaterials/Substrate/GLints/dict_16_192_64_0p5_0p02_0010_0003.uasset" 5357
"../../../Engine/Content/EngineMaterials/Substrate/GLints/dict_16_192_64_0p5_0p02_0010_0004.uasset" 5358
"../../../Engine/Content/EngineMaterials/Substrate/GLints/dict_16_192_64_0p5_0p02_0010_0005.uasset" 5359
"../../../Engine/Content/EngineMaterials/Substrate/GLints/dict_16_192_64_0p5_0p02_0010_0006.uasset" 5360
"../../../Engine/Content/EngineMaterials/Substrate/GLints/dict_16_192_64_0p5_0p02_0010_0007.uasset" 5361
"../../../Engine/Content/EngineMaterials/Substrate/GLints/dict_16_192_64_0p5_0p02_0010_0008.uasset" 5362
"../../../Engine/Content/EngineMaterials/Substrate/GLints/dict_16_192_64_0p5_0p02_0010_0009.uasset" 5363
"../../../Engine/Content/EngineMaterials/Substrate/GLints/dict_16_192_64_0p5_0p02_0010_0010.uasset" 5364
"../../../Engine/Content/EngineMaterials/Substrate/GLints/dict_16_192_64_0p5_0p02_0010_0011.uasset" 5365
"../../../Engine/Content/EngineMaterials/Substrate/GLints/dict_16_192_64_0p5_0p02_0010_0012.uasset" 5366
"../../../Engine/Content/EngineMaterials/Substrate/GLints/dict_16_192_64_0p5_0p02_0010_0013.uasset" 5367
"../../../Engine/Content/EngineMaterials/Substrate/GLints/dict_16_192_64_0p5_0p02_0010_0014.uasset" 5368
"../../../Engine/Content/EngineMaterials/Substrate/GLints/dict_16_192_64_0p5_0p02_0010_0015.uasset" 5369
"../../../Engine/Content/EngineMaterials/Substrate/GLints/dict_16_192_64_0p5_0p02_0011_0000.uasset" 5370
"../../../Engine/Content/EngineMaterials/Substrate/GLints/dict_16_192_64_0p5_0p02_0011_0001.uasset" 5371
"../../../Engine/Content/EngineMaterials/Substrate/GLints/dict_16_192_64_0p5_0p02_0011_0002.uasset" 5372
"../../../Engine/Content/EngineMaterials/Substrate/GLints/dict_16_192_64_0p5_0p02_0011_0003.uasset" 5373
"../../../Engine/Content/EngineMaterials/Substrate/GLints/dict_16_192_64_0p5_0p02_0011_0004.uasset" 5374
"../../../Engine/Content/EngineMaterials/Substrate/GLints/dict_16_192_64_0p5_0p02_0011_0005.uasset" 5375
"../../../Engine/Content/EngineMaterials/Substrate/GLints/dict_16_192_64_0p5_0p02_0011_0006.uasset" 5376
"../../../Engine/Content/EngineMaterials/Substrate/GLints/dict_16_192_64_0p5_0p02_0011_0007.uasset" 5377
"../../../Engine/Content/EngineMaterials/Substrate/GLints/dict_16_192_64_0p5_0p02_0011_0008.uasset" 5378
"../../../Engine/Content/EngineMaterials/Substrate/GLints/dict_16_192_64_0p5_0p02_0011_0009.uasset" 5379
"../../../Engine/Content/EngineMaterials/Substrate/GLints/dict_16_192_64_0p5_0p02_0011_0010.uasset" 5380
"../../../Engine/Content/EngineMaterials/Substrate/GLints/dict_16_192_64_0p5_0p02_0011_0011.uasset" 5381
"../../../Engine/Content/EngineMaterials/Substrate/GLints/dict_16_192_64_0p5_0p02_0011_0012.uasset" 5382
"../../../Engine/Content/EngineMaterials/Substrate/GLints/dict_16_192_64_0p5_0p02_0011_0013.uasset" 5383
"../../../Engine/Content/EngineMaterials/Substrate/GLints/dict_16_192_64_0p5_0p02_0011_0014.uasset" 5384
"../../../Engine/Content/EngineMaterials/Substrate/GLints/dict_16_192_64_0p5_0p02_0011_0015.uasset" 5385
"../../../Engine/Content/EngineMaterials/Substrate/GLints/dict_16_192_64_0p5_0p02_0012_0000.uasset" 5386
"../../../Engine/Content/EngineMaterials/Substrate/GLints/dict_16_192_64_0p5_0p02_0012_0001.uasset" 5387
"../../../Engine/Content/EngineMaterials/Substrate/GLints/dict_16_192_64_0p5_0p02_0012_0002.uasset" 5388
"../../../Engine/Content/EngineMaterials/Substrate/GLints/dict_16_192_64_0p5_0p02_0012_0003.uasset" 5389
"../../../Engine/Content/EngineMaterials/Substrate/GLints/dict_16_192_64_0p5_0p02_0012_0004.uasset" 5390
"../../../Engine/Content/EngineMaterials/Substrate/GLints/dict_16_192_64_0p5_0p02_0012_0005.uasset" 5391
"../../../Engine/Content/EngineMaterials/Substrate/GLints/dict_16_192_64_0p5_0p02_0012_0006.uasset" 5392
"../../../Engine/Content/EngineMaterials/Substrate/GLints/dict_16_192_64_0p5_0p02_0012_0007.uasset" 5393
"../../../Engine/Content/EngineMaterials/Substrate/GLints/dict_16_192_64_0p5_0p02_0012_0008.uasset" 5394
"../../../Engine/Content/EngineMaterials/Substrate/GLints/dict_16_192_64_0p5_0p02_0012_0009.uasset" 5395
"../../../Engine/Content/EngineMaterials/Substrate/GLints/dict_16_192_64_0p5_0p02_0012_0010.uasset" 5396
"../../../Engine/Content/EngineMaterials/Substrate/GLints/dict_16_192_64_0p5_0p02_0012_0011.uasset" 5397
"../../../Engine/Content/EngineMaterials/Substrate/GLints/dict_16_192_64_0p5_0p02_0012_0012.uasset" 5398
"../../../Engine/Content/EngineMaterials/Substrate/GLints/dict_16_192_64_0p5_0p02_0012_0013.uasset" 5399
"../../../Engine/Content/EngineMaterials/Substrate/GLints/dict_16_192_64_0p5_0p02_0012_0014.uasset" 5400
"../../../Engine/Content/EngineMaterials/Substrate/GLints/dict_16_192_64_0p5_0p02_0012_0015.uasset" 5401
"../../../Engine/Content/EngineMaterials/Substrate/GLints/dict_16_192_64_0p5_0p02_0013_0000.uasset" 5402
"../../../Engine/Content/EngineMaterials/Substrate/GLints/dict_16_192_64_0p5_0p02_0013_0001.uasset" 5403
"../../../Engine/Content/EngineMaterials/Substrate/GLints/dict_16_192_64_0p5_0p02_0013_0002.uasset" 5404
"../../../Engine/Content/EngineMaterials/Substrate/GLints/dict_16_192_64_0p5_0p02_0013_0003.uasset" 5405
"../../../Engine/Content/EngineMaterials/Substrate/GLints/dict_16_192_64_0p5_0p02_0013_0004.uasset" 5406
"../../../Engine/Content/EngineMaterials/Substrate/GLints/dict_16_192_64_0p5_0p02_0013_0005.uasset" 5407
"../../../Engine/Content/EngineMaterials/Substrate/GLints/dict_16_192_64_0p5_0p02_0013_0006.uasset" 5408
"../../../Engine/Content/EngineMaterials/Substrate/GLints/dict_16_192_64_0p5_0p02_0013_0007.uasset" 5409
"../../../Engine/Content/EngineMaterials/Substrate/GLints/dict_16_192_64_0p5_0p02_0013_0008.uasset" 5410
"../../../Engine/Content/EngineMaterials/Substrate/GLints/dict_16_192_64_0p5_0p02_0013_0009.uasset" 5411
"../../../Engine/Content/EngineMaterials/Substrate/GLints/dict_16_192_64_0p5_0p02_0013_0010.uasset" 5412
"../../../Engine/Content/EngineMaterials/Substrate/GLints/dict_16_192_64_0p5_0p02_0013_0011.uasset" 5413
"../../../Engine/Content/EngineMaterials/Substrate/GLints/dict_16_192_64_0p5_0p02_0013_0012.uasset" 5414
"../../../Engine/Content/EngineMaterials/Substrate/GLints/dict_16_192_64_0p5_0p02_0013_0013.uasset" 5415
"../../../Engine/Content/EngineMaterials/Substrate/GLints/dict_16_192_64_0p5_0p02_0013_0014.uasset" 5416
"../../../Engine/Content/EngineMaterials/Substrate/GLints/dict_16_192_64_0p5_0p02_0013_0015.uasset" 5417
"../../../Engine/Content/EngineMaterials/Substrate/GLints/dict_16_192_64_0p5_0p02_0014_0000.uasset" 5418
"../../../Engine/Content/EngineMaterials/Substrate/GLints/dict_16_192_64_0p5_0p02_0014_0001.uasset" 5419
"../../../Engine/Content/EngineMaterials/Substrate/GLints/dict_16_192_64_0p5_0p02_0014_0002.uasset" 5420
"../../../Engine/Content/EngineMaterials/Substrate/GLints/dict_16_192_64_0p5_0p02_0014_0003.uasset" 5421
"../../../Engine/Content/EngineMaterials/Substrate/GLints/dict_16_192_64_0p5_0p02_0014_0004.uasset" 5422
"../../../Engine/Content/EngineMaterials/Substrate/GLints/dict_16_192_64_0p5_0p02_0014_0005.uasset" 5423
"../../../Engine/Content/EngineMaterials/Substrate/GLints/dict_16_192_64_0p5_0p02_0014_0006.uasset" 5424
"../../../Engine/Content/EngineMaterials/Substrate/GLints/dict_16_192_64_0p5_0p02_0014_0007.uasset" 5425
"../../../Engine/Content/EngineMaterials/Substrate/GLints/dict_16_192_64_0p5_0p02_0014_0008.uasset" 5426
"../../../Engine/Content/EngineMaterials/Substrate/GLints/dict_16_192_64_0p5_0p02_0014_0009.uasset" 5427
"../../../Engine/Content/EngineMaterials/Substrate/GLints/dict_16_192_64_0p5_0p02_0014_0010.uasset" 5428
"../../../Engine/Content/EngineMaterials/Substrate/GLints/dict_16_192_64_0p5_0p02_0014_0011.uasset" 5429
"../../../Engine/Content/EngineMaterials/Substrate/GLints/dict_16_192_64_0p5_0p02_0014_0012.uasset" 5430
"../../../Engine/Content/EngineMaterials/Substrate/GLints/dict_16_192_64_0p5_0p02_0014_0013.uasset" 5431
"../../../Engine/Content/EngineMaterials/Substrate/GLints/dict_16_192_64_0p5_0p02_0014_0014.uasset" 5432
"../../../Engine/Content/EngineMaterials/Substrate/GLints/dict_16_192_64_0p5_0p02_0014_0015.uasset" 5433
"../../../Engine/Content/EngineMaterials/Substrate/GLints/dict_16_192_64_0p5_0p02_0015_0000.uasset" 5434
"../../../Engine/Content/EngineMaterials/Substrate/GLints/dict_16_192_64_0p5_0p02_0015_0001.uasset" 5435
"../../../Engine/Content/EngineMaterials/Substrate/GLints/dict_16_192_64_0p5_0p02_0015_0002.uasset" 5436
"../../../Engine/Content/EngineMaterials/Substrate/GLints/dict_16_192_64_0p5_0p02_0015_0003.uasset" 5437
"../../../Engine/Content/EngineMaterials/Substrate/GLints/dict_16_192_64_0p5_0p02_0015_0004.uasset" 5438
"../../../Engine/Content/EngineMaterials/Substrate/GLints/dict_16_192_64_0p5_0p02_0015_0005.uasset" 5439
"../../../Engine/Content/EngineMaterials/Substrate/GLints/dict_16_192_64_0p5_0p02_0015_0006.uasset" 5440
"../../../Engine/Content/EngineMaterials/Substrate/GLints/dict_16_192_64_0p5_0p02_0015_0007.uasset" 5441
"../../../Engine/Content/EngineMaterials/Substrate/GLints/dict_16_192_64_0p5_0p02_0015_0008.uasset" 5442
"../../../Engine/Content/EngineMaterials/Substrate/GLints/dict_16_192_64_0p5_0p02_0015_0009.uasset" 5443
"../../../Engine/Content/EngineMaterials/Substrate/GLints/dict_16_192_64_0p5_0p02_0015_0010.uasset" 5444
"../../../Engine/Content/EngineMaterials/Substrate/GLints/dict_16_192_64_0p5_0p02_0015_0011.uasset" 5445
"../../../Engine/Content/EngineMaterials/Substrate/GLints/dict_16_192_64_0p5_0p02_0015_0012.uasset" 5446
"../../../Engine/Content/EngineMaterials/Substrate/GLints/dict_16_192_64_0p5_0p02_0015_0013.uasset" 5447
"../../../Engine/Content/EngineMaterials/Substrate/GLints/dict_16_192_64_0p5_0p02_0015_0014.uasset" 5448
"../../../Engine/Content/EngineMaterials/Substrate/GLints/dict_16_192_64_0p5_0p02_0015_0015.uasset" 5449
"../../../Engine/Content/EngineMaterials/Substrate/GLints/dict_16_192_64_0p5_0p02_0016_0000.uasset" 5450
"../../../Engine/Content/EngineMaterials/Substrate/GLints/dict_16_192_64_0p5_0p02_0016_0001.uasset" 5451
"../../../Engine/Content/EngineMaterials/Substrate/GLints/dict_16_192_64_0p5_0p02_0016_0002.uasset" 5452
"../../../Engine/Content/EngineMaterials/Substrate/GLints/dict_16_192_64_0p5_0p02_0016_0003.uasset" 5453
"../../../Engine/Content/EngineMaterials/Substrate/GLints/dict_16_192_64_0p5_0p02_0016_0004.uasset" 5454
"../../../Engine/Content/EngineMaterials/Substrate/GLints/dict_16_192_64_0p5_0p02_0016_0005.uasset" 5455
"../../../Engine/Content/EngineMaterials/Substrate/GLints/dict_16_192_64_0p5_0p02_0016_0006.uasset" 5456
"../../../Engine/Content/EngineMaterials/Substrate/GLints/dict_16_192_64_0p5_0p02_0016_0007.uasset" 5457
"../../../Engine/Content/EngineMaterials/Substrate/GLints/dict_16_192_64_0p5_0p02_0016_0008.uasset" 5458
"../../../Engine/Content/EngineMaterials/Substrate/GLints/dict_16_192_64_0p5_0p02_0016_0009.uasset" 5459
"../../../Engine/Content/EngineMaterials/Substrate/GLints/dict_16_192_64_0p5_0p02_0016_0010.uasset" 5460
"../../../Engine/Content/EngineMaterials/Substrate/GLints/dict_16_192_64_0p5_0p02_0016_0011.uasset" 5461
"../../../Engine/Content/EngineMaterials/Substrate/GLints/dict_16_192_64_0p5_0p02_0016_0012.uasset" 5462
"../../../Engine/Content/EngineMaterials/Substrate/GLints/dict_16_192_64_0p5_0p02_0016_0013.uasset" 5463
"../../../Engine/Content/EngineMaterials/Substrate/GLints/dict_16_192_64_0p5_0p02_0016_0014.uasset" 5464
"../../../Engine/Content/EngineMaterials/Substrate/GLints/dict_16_192_64_0p5_0p02_0016_0015.uasset" 5465
"../../../Engine/Content/EngineMaterials/Substrate/GLints/dict_16_192_64_0p5_0p02_0017_0000.uasset" 5466
"../../../Engine/Content/EngineMaterials/Substrate/GLints/dict_16_192_64_0p5_0p02_0017_0001.uasset" 5467
"../../../Engine/Content/EngineMaterials/Substrate/GLints/dict_16_192_64_0p5_0p02_0017_0002.uasset" 5468
"../../../Engine/Content/EngineMaterials/Substrate/GLints/dict_16_192_64_0p5_0p02_0017_0003.uasset" 5469
"../../../Engine/Content/EngineMaterials/Substrate/GLints/dict_16_192_64_0p5_0p02_0017_0004.uasset" 5470
"../../../Engine/Content/EngineMaterials/Substrate/GLints/dict_16_192_64_0p5_0p02_0017_0005.uasset" 5471
"../../../Engine/Content/EngineMaterials/Substrate/GLints/dict_16_192_64_0p5_0p02_0017_0006.uasset" 5472
"../../../Engine/Content/EngineMaterials/Substrate/GLints/dict_16_192_64_0p5_0p02_0017_0007.uasset" 5473
"../../../Engine/Content/EngineMaterials/Substrate/GLints/dict_16_192_64_0p5_0p02_0017_0008.uasset" 5474
"../../../Engine/Content/EngineMaterials/Substrate/GLints/dict_16_192_64_0p5_0p02_0017_0009.uasset" 5475
"../../../Engine/Content/EngineMaterials/Substrate/GLints/dict_16_192_64_0p5_0p02_0017_0010.uasset" 5476
"../../../Engine/Content/EngineMaterials/Substrate/GLints/dict_16_192_64_0p5_0p02_0017_0011.uasset" 5477
"../../../Engine/Content/EngineMaterials/Substrate/GLints/dict_16_192_64_0p5_0p02_0017_0012.uasset" 5478
"../../../Engine/Content/EngineMaterials/Substrate/GLints/dict_16_192_64_0p5_0p02_0017_0013.uasset" 5479
"../../../Engine/Content/EngineMaterials/Substrate/GLints/dict_16_192_64_0p5_0p02_0017_0014.uasset" 5480
"../../../Engine/Content/EngineMaterials/Substrate/GLints/dict_16_192_64_0p5_0p02_0017_0015.uasset" 5481
"../../../Engine/Content/EngineMaterials/Substrate/GLints/dict_16_192_64_0p5_0p02_0018_0000.uasset" 5482
"../../../Engine/Content/EngineMaterials/Substrate/GLints/dict_16_192_64_0p5_0p02_0018_0001.uasset" 5483
"../../../Engine/Content/EngineMaterials/Substrate/GLints/dict_16_192_64_0p5_0p02_0018_0002.uasset" 5484
"../../../Engine/Content/EngineMaterials/Substrate/GLints/dict_16_192_64_0p5_0p02_0018_0003.uasset" 5485
"../../../Engine/Content/EngineMaterials/Substrate/GLints/dict_16_192_64_0p5_0p02_0018_0004.uasset" 5486
"../../../Engine/Content/EngineMaterials/Substrate/GLints/dict_16_192_64_0p5_0p02_0018_0005.uasset" 5487
"../../../Engine/Content/EngineMaterials/Substrate/GLints/dict_16_192_64_0p5_0p02_0018_0006.uasset" 5488
"../../../Engine/Content/EngineMaterials/Substrate/GLints/dict_16_192_64_0p5_0p02_0018_0007.uasset" 5489
"../../../Engine/Content/EngineMaterials/Substrate/GLints/dict_16_192_64_0p5_0p02_0018_0008.uasset" 5490
"../../../Engine/Content/EngineMaterials/Substrate/GLints/dict_16_192_64_0p5_0p02_0018_0009.uasset" 5491
"../../../Engine/Content/EngineMaterials/Substrate/GLints/dict_16_192_64_0p5_0p02_0018_0010.uasset" 5492
"../../../Engine/Content/EngineMaterials/Substrate/GLints/dict_16_192_64_0p5_0p02_0018_0011.uasset" 5493
"../../../Engine/Content/EngineMaterials/Substrate/GLints/dict_16_192_64_0p5_0p02_0018_0012.uasset" 5494
"../../../Engine/Content/EngineMaterials/Substrate/GLints/dict_16_192_64_0p5_0p02_0018_0013.uasset" 5495
"../../../Engine/Content/EngineMaterials/Substrate/GLints/dict_16_192_64_0p5_0p02_0018_0014.uasset" 5496
"../../../Engine/Content/EngineMaterials/Substrate/GLints/dict_16_192_64_0p5_0p02_0018_0015.uasset" 5497
"../../../Engine/Content/EngineMaterials/Substrate/GLints/dict_16_192_64_0p5_0p02_0019_0000.uasset" 5498
"../../../Engine/Content/EngineMaterials/Substrate/GLints/dict_16_192_64_0p5_0p02_0019_0001.uasset" 5499
"../../../Engine/Content/EngineMaterials/Substrate/GLints/dict_16_192_64_0p5_0p02_0019_0002.uasset" 5500
"../../../Engine/Content/EngineMaterials/Substrate/GLints/dict_16_192_64_0p5_0p02_0019_0003.uasset" 5501
"../../../Engine/Content/EngineMaterials/Substrate/GLints/dict_16_192_64_0p5_0p02_0019_0004.uasset" 5502
"../../../Engine/Content/EngineMaterials/Substrate/GLints/dict_16_192_64_0p5_0p02_0019_0005.uasset" 5503
"../../../Engine/Content/EngineMaterials/Substrate/GLints/dict_16_192_64_0p5_0p02_0019_0006.uasset" 5504
"../../../Engine/Content/EngineMaterials/Substrate/GLints/dict_16_192_64_0p5_0p02_0019_0007.uasset" 5505
"../../../Engine/Content/EngineMaterials/Substrate/GLints/dict_16_192_64_0p5_0p02_0019_0008.uasset" 5506
"../../../Engine/Content/EngineMaterials/Substrate/GLints/dict_16_192_64_0p5_0p02_0019_0009.uasset" 5507
"../../../Engine/Content/EngineMaterials/Substrate/GLints/dict_16_192_64_0p5_0p02_0019_0010.uasset" 5508
"../../../Engine/Content/EngineMaterials/Substrate/GLints/dict_16_192_64_0p5_0p02_0019_0011.uasset" 5509
"../../../Engine/Content/EngineMaterials/Substrate/GLints/dict_16_192_64_0p5_0p02_0019_0012.uasset" 5510
"../../../Engine/Content/EngineMaterials/Substrate/GLints/dict_16_192_64_0p5_0p02_0019_0013.uasset" 5511
"../../../Engine/Content/EngineMaterials/Substrate/GLints/dict_16_192_64_0p5_0p02_0019_0014.uasset" 5512
"../../../Engine/Content/EngineMaterials/Substrate/GLints/dict_16_192_64_0p5_0p02_0019_0015.uasset" 5513
"../../../Engine/Content/EngineMaterials/Substrate/GLints/dict_16_192_64_0p5_0p02_0020_0000.uasset" 5514
"../../../Engine/Content/EngineMaterials/Substrate/GLints/dict_16_192_64_0p5_0p02_0020_0001.uasset" 5515
"../../../Engine/Content/EngineMaterials/Substrate/GLints/dict_16_192_64_0p5_0p02_0020_0002.uasset" 5516
"../../../Engine/Content/EngineMaterials/Substrate/GLints/dict_16_192_64_0p5_0p02_0020_0003.uasset" 5517
"../../../Engine/Content/EngineMaterials/Substrate/GLints/dict_16_192_64_0p5_0p02_0020_0004.uasset" 5518
"../../../Engine/Content/EngineMaterials/Substrate/GLints/dict_16_192_64_0p5_0p02_0020_0005.uasset" 5519
"../../../Engine/Content/EngineMaterials/Substrate/GLints/dict_16_192_64_0p5_0p02_0020_0006.uasset" 5520
"../../../Engine/Content/EngineMaterials/Substrate/GLints/dict_16_192_64_0p5_0p02_0020_0007.uasset" 5521
"../../../Engine/Content/EngineMaterials/Substrate/GLints/dict_16_192_64_0p5_0p02_0020_0008.uasset" 5522
"../../../Engine/Content/EngineMaterials/Substrate/GLints/dict_16_192_64_0p5_0p02_0020_0009.uasset" 5523
"../../../Engine/Content/EngineMaterials/Substrate/GLints/dict_16_192_64_0p5_0p02_0020_0010.uasset" 5524
"../../../Engine/Content/EngineMaterials/Substrate/GLints/dict_16_192_64_0p5_0p02_0020_0011.uasset" 5525
"../../../Engine/Content/EngineMaterials/Substrate/GLints/dict_16_192_64_0p5_0p02_0020_0012.uasset" 5526
"../../../Engine/Content/EngineMaterials/Substrate/GLints/dict_16_192_64_0p5_0p02_0020_0013.uasset" 5527
"../../../Engine/Content/EngineMaterials/Substrate/GLints/dict_16_192_64_0p5_0p02_0020_0014.uasset" 5528
"../../../Engine/Content/EngineMaterials/Substrate/GLints/dict_16_192_64_0p5_0p02_0020_0015.uasset" 5529
"../../../Engine/Content/EngineMaterials/Substrate/GLints/dict_16_192_64_0p5_0p02_0021_0000.uasset" 5530
"../../../Engine/Content/EngineMaterials/Substrate/GLints/dict_16_192_64_0p5_0p02_0021_0001.uasset" 5531
"../../../Engine/Content/EngineMaterials/Substrate/GLints/dict_16_192_64_0p5_0p02_0021_0002.uasset" 5532
"../../../Engine/Content/EngineMaterials/Substrate/GLints/dict_16_192_64_0p5_0p02_0021_0003.uasset" 5533
"../../../Engine/Content/EngineMaterials/Substrate/GLints/dict_16_192_64_0p5_0p02_0021_0004.uasset" 5534
"../../../Engine/Content/EngineMaterials/Substrate/GLints/dict_16_192_64_0p5_0p02_0021_0005.uasset" 5535
"../../../Engine/Content/EngineMaterials/Substrate/GLints/dict_16_192_64_0p5_0p02_0021_0006.uasset" 5536
"../../../Engine/Content/EngineMaterials/Substrate/GLints/dict_16_192_64_0p5_0p02_0021_0007.uasset" 5537
"../../../Engine/Content/EngineMaterials/Substrate/GLints/dict_16_192_64_0p5_0p02_0021_0008.uasset" 5538
"../../../Engine/Content/EngineMaterials/Substrate/GLints/dict_16_192_64_0p5_0p02_0021_0009.uasset" 5539
"../../../Engine/Content/EngineMaterials/Substrate/GLints/dict_16_192_64_0p5_0p02_0021_0010.uasset" 5540
"../../../Engine/Content/EngineMaterials/Substrate/GLints/dict_16_192_64_0p5_0p02_0021_0011.uasset" 5541
"../../../Engine/Content/EngineMaterials/Substrate/GLints/dict_16_192_64_0p5_0p02_0021_0012.uasset" 5542
"../../../Engine/Content/EngineMaterials/Substrate/GLints/dict_16_192_64_0p5_0p02_0021_0013.uasset" 5543
"../../../Engine/Content/EngineMaterials/Substrate/GLints/dict_16_192_64_0p5_0p02_0021_0014.uasset" 5544
"../../../Engine/Content/EngineMaterials/Substrate/GLints/dict_16_192_64_0p5_0p02_0021_0015.uasset" 5545
"../../../Engine/Content/EngineMaterials/Substrate/GLints/dict_16_192_64_0p5_0p02_0022_0000.uasset" 5546
"../../../Engine/Content/EngineMaterials/Substrate/GLints/dict_16_192_64_0p5_0p02_0022_0001.uasset" 5547
"../../../Engine/Content/EngineMaterials/Substrate/GLints/dict_16_192_64_0p5_0p02_0022_0002.uasset" 5548
"../../../Engine/Content/EngineMaterials/Substrate/GLints/dict_16_192_64_0p5_0p02_0022_0003.uasset" 5549
"../../../Engine/Content/EngineMaterials/Substrate/GLints/dict_16_192_64_0p5_0p02_0022_0004.uasset" 5550
"../../../Engine/Content/EngineMaterials/Substrate/GLints/dict_16_192_64_0p5_0p02_0022_0005.uasset" 5551
"../../../Engine/Content/EngineMaterials/Substrate/GLints/dict_16_192_64_0p5_0p02_0022_0006.uasset" 5552
"../../../Engine/Content/EngineMaterials/Substrate/GLints/dict_16_192_64_0p5_0p02_0022_0007.uasset" 5553
"../../../Engine/Content/EngineMaterials/Substrate/GLints/dict_16_192_64_0p5_0p02_0022_0008.uasset" 5554
"../../../Engine/Content/EngineMaterials/Substrate/GLints/dict_16_192_64_0p5_0p02_0022_0009.uasset" 5555
"../../../Engine/Content/EngineMaterials/Substrate/GLints/dict_16_192_64_0p5_0p02_0022_0010.uasset" 5556
"../../../Engine/Content/EngineMaterials/Substrate/GLints/dict_16_192_64_0p5_0p02_0022_0011.uasset" 5557
"../../../Engine/Content/EngineMaterials/Substrate/GLints/dict_16_192_64_0p5_0p02_0022_0012.uasset" 5558
"../../../Engine/Content/EngineMaterials/Substrate/GLints/dict_16_192_64_0p5_0p02_0022_0013.uasset" 5559
"../../../Engine/Content/EngineMaterials/Substrate/GLints/dict_16_192_64_0p5_0p02_0022_0014.uasset" 5560
"../../../Engine/Content/EngineMaterials/Substrate/GLints/dict_16_192_64_0p5_0p02_0022_0015.uasset" 5561
"../../../Engine/Content/EngineMaterials/Substrate/GLints/dict_16_192_64_0p5_0p02_0023_0000.uasset" 5562
"../../../Engine/Content/EngineMaterials/Substrate/GLints/dict_16_192_64_0p5_0p02_0023_0001.uasset" 5563
"../../../Engine/Content/EngineMaterials/Substrate/GLints/dict_16_192_64_0p5_0p02_0023_0002.uasset" 5564
"../../../Engine/Content/EngineMaterials/Substrate/GLints/dict_16_192_64_0p5_0p02_0023_0003.uasset" 5565
"../../../Engine/Content/EngineMaterials/Substrate/GLints/dict_16_192_64_0p5_0p02_0023_0004.uasset" 5566
"../../../Engine/Content/EngineMaterials/Substrate/GLints/dict_16_192_64_0p5_0p02_0023_0005.uasset" 5567
"../../../Engine/Content/EngineMaterials/Substrate/GLints/dict_16_192_64_0p5_0p02_0023_0006.uasset" 5568
"../../../Engine/Content/EngineMaterials/Substrate/GLints/dict_16_192_64_0p5_0p02_0023_0007.uasset" 5569
"../../../Engine/Content/EngineMaterials/Substrate/GLints/dict_16_192_64_0p5_0p02_0023_0008.uasset" 5570
"../../../Engine/Content/EngineMaterials/Substrate/GLints/dict_16_192_64_0p5_0p02_0023_0009.uasset" 5571
"../../../Engine/Content/EngineMaterials/Substrate/GLints/dict_16_192_64_0p5_0p02_0023_0010.uasset" 5572
"../../../Engine/Content/EngineMaterials/Substrate/GLints/dict_16_192_64_0p5_0p02_0023_0011.uasset" 5573
"../../../Engine/Content/EngineMaterials/Substrate/GLints/dict_16_192_64_0p5_0p02_0023_0012.uasset" 5574
"../../../Engine/Content/EngineMaterials/Substrate/GLints/dict_16_192_64_0p5_0p02_0023_0013.uasset" 5575
"../../../Engine/Content/EngineMaterials/Substrate/GLints/dict_16_192_64_0p5_0p02_0023_0014.uasset" 5576
"../../../Engine/Content/EngineMaterials/Substrate/GLints/dict_16_192_64_0p5_0p02_0023_0015.uasset" 5577
"../../../Engine/Content/EngineMaterials/Substrate/GLints/dict_16_192_64_0p5_0p02_0024_0000.uasset" 5578
"../../../Engine/Content/EngineMaterials/Substrate/GLints/dict_16_192_64_0p5_0p02_0024_0001.uasset" 5579
"../../../Engine/Content/EngineMaterials/Substrate/GLints/dict_16_192_64_0p5_0p02_0024_0002.uasset" 5580
"../../../Engine/Content/EngineMaterials/Substrate/GLints/dict_16_192_64_0p5_0p02_0024_0003.uasset" 5581
"../../../Engine/Content/EngineMaterials/Substrate/GLints/dict_16_192_64_0p5_0p02_0024_0004.uasset" 5582
"../../../Engine/Content/EngineMaterials/Substrate/GLints/dict_16_192_64_0p5_0p02_0024_0005.uasset" 5583
"../../../Engine/Content/EngineMaterials/Substrate/GLints/dict_16_192_64_0p5_0p02_0024_0006.uasset" 5584
"../../../Engine/Content/EngineMaterials/Substrate/GLints/dict_16_192_64_0p5_0p02_0024_0007.uasset" 5585
"../../../Engine/Content/EngineMaterials/Substrate/GLints/dict_16_192_64_0p5_0p02_0024_0008.uasset" 5586
"../../../Engine/Content/EngineMaterials/Substrate/GLints/dict_16_192_64_0p5_0p02_0024_0009.uasset" 5587
"../../../Engine/Content/EngineMaterials/Substrate/GLints/dict_16_192_64_0p5_0p02_0024_0010.uasset" 5588
"../../../Engine/Content/EngineMaterials/Substrate/GLints/dict_16_192_64_0p5_0p02_0024_0011.uasset" 5589
"../../../Engine/Content/EngineMaterials/Substrate/GLints/dict_16_192_64_0p5_0p02_0024_0012.uasset" 5590
"../../../Engine/Content/EngineMaterials/Substrate/GLints/dict_16_192_64_0p5_0p02_0024_0013.uasset" 5591
"../../../Engine/Content/EngineMaterials/Substrate/GLints/dict_16_192_64_0p5_0p02_0024_0014.uasset" 5592
"../../../Engine/Content/EngineMaterials/Substrate/GLints/dict_16_192_64_0p5_0p02_0024_0015.uasset" 5593
"../../../Engine/Content/EngineMaterials/Substrate/GLints/dict_16_192_64_0p5_0p02_0025_0000.uasset" 5594
"../../../Engine/Content/EngineMaterials/Substrate/GLints/dict_16_192_64_0p5_0p02_0025_0001.uasset" 5595
"../../../Engine/Content/EngineMaterials/Substrate/GLints/dict_16_192_64_0p5_0p02_0025_0002.uasset" 5596
"../../../Engine/Content/EngineMaterials/Substrate/GLints/dict_16_192_64_0p5_0p02_0025_0003.uasset" 5597
"../../../Engine/Content/EngineMaterials/Substrate/GLints/dict_16_192_64_0p5_0p02_0025_0004.uasset" 5598
"../../../Engine/Content/EngineMaterials/Substrate/GLints/dict_16_192_64_0p5_0p02_0025_0005.uasset" 5599
"../../../Engine/Content/EngineMaterials/Substrate/GLints/dict_16_192_64_0p5_0p02_0025_0006.uasset" 5600
"../../../Engine/Content/EngineMaterials/Substrate/GLints/dict_16_192_64_0p5_0p02_0025_0007.uasset" 5601
"../../../Engine/Content/EngineMaterials/Substrate/GLints/dict_16_192_64_0p5_0p02_0025_0008.uasset" 5602
"../../../Engine/Content/EngineMaterials/Substrate/GLints/dict_16_192_64_0p5_0p02_0025_0009.uasset" 5603
"../../../Engine/Content/EngineMaterials/Substrate/GLints/dict_16_192_64_0p5_0p02_0025_0010.uasset" 5604
"../../../Engine/Content/EngineMaterials/Substrate/GLints/dict_16_192_64_0p5_0p02_0025_0011.uasset" 5605
"../../../Engine/Content/EngineMaterials/Substrate/GLints/dict_16_192_64_0p5_0p02_0025_0012.uasset" 5606
"../../../Engine/Content/EngineMaterials/Substrate/GLints/dict_16_192_64_0p5_0p02_0025_0013.uasset" 5607
"../../../Engine/Content/EngineMaterials/Substrate/GLints/dict_16_192_64_0p5_0p02_0025_0014.uasset" 5608
"../../../Engine/Content/EngineMaterials/Substrate/GLints/dict_16_192_64_0p5_0p02_0025_0015.uasset" 5609
"../../../Engine/Content/EngineMaterials/Substrate/GLints/dict_16_192_64_0p5_0p02_0026_0000.uasset" 5610
"../../../Engine/Content/EngineMaterials/Substrate/GLints/dict_16_192_64_0p5_0p02_0026_0001.uasset" 5611
"../../../Engine/Content/EngineMaterials/Substrate/GLints/dict_16_192_64_0p5_0p02_0026_0002.uasset" 5612
"../../../Engine/Content/EngineMaterials/Substrate/GLints/dict_16_192_64_0p5_0p02_0026_0003.uasset" 5613
"../../../Engine/Content/EngineMaterials/Substrate/GLints/dict_16_192_64_0p5_0p02_0026_0004.uasset" 5614
"../../../Engine/Content/EngineMaterials/Substrate/GLints/dict_16_192_64_0p5_0p02_0026_0005.uasset" 5615
"../../../Engine/Content/EngineMaterials/Substrate/GLints/dict_16_192_64_0p5_0p02_0026_0006.uasset" 5616
"../../../Engine/Content/EngineMaterials/Substrate/GLints/dict_16_192_64_0p5_0p02_0026_0007.uasset" 5617
"../../../Engine/Content/EngineMaterials/Substrate/GLints/dict_16_192_64_0p5_0p02_0026_0008.uasset" 5618
"../../../Engine/Content/EngineMaterials/Substrate/GLints/dict_16_192_64_0p5_0p02_0026_0009.uasset" 5619
"../../../Engine/Content/EngineMaterials/Substrate/GLints/dict_16_192_64_0p5_0p02_0026_0010.uasset" 5620
"../../../Engine/Content/EngineMaterials/Substrate/GLints/dict_16_192_64_0p5_0p02_0026_0011.uasset" 5621
"../../../Engine/Content/EngineMaterials/Substrate/GLints/dict_16_192_64_0p5_0p02_0026_0012.uasset" 5622
"../../../Engine/Content/EngineMaterials/Substrate/GLints/dict_16_192_64_0p5_0p02_0026_0013.uasset" 5623
"../../../Engine/Content/EngineMaterials/Substrate/GLints/dict_16_192_64_0p5_0p02_0026_0014.uasset" 5624
"../../../Engine/Content/EngineMaterials/Substrate/GLints/dict_16_192_64_0p5_0p02_0026_0015.uasset" 5625
"../../../Engine/Content/EngineMaterials/Substrate/GLints/dict_16_192_64_0p5_0p02_0027_0000.uasset" 5626
"../../../Engine/Content/EngineMaterials/Substrate/GLints/dict_16_192_64_0p5_0p02_0027_0001.uasset" 5627
"../../../Engine/Content/EngineMaterials/Substrate/GLints/dict_16_192_64_0p5_0p02_0027_0002.uasset" 5628
"../../../Engine/Content/EngineMaterials/Substrate/GLints/dict_16_192_64_0p5_0p02_0027_0003.uasset" 5629
"../../../Engine/Content/EngineMaterials/Substrate/GLints/dict_16_192_64_0p5_0p02_0027_0004.uasset" 5630
"../../../Engine/Content/EngineMaterials/Substrate/GLints/dict_16_192_64_0p5_0p02_0027_0005.uasset" 5631
"../../../Engine/Content/EngineMaterials/Substrate/GLints/dict_16_192_64_0p5_0p02_0027_0006.uasset" 5632
"../../../Engine/Content/EngineMaterials/Substrate/GLints/dict_16_192_64_0p5_0p02_0027_0007.uasset" 5633
"../../../Engine/Content/EngineMaterials/Substrate/GLints/dict_16_192_64_0p5_0p02_0027_0008.uasset" 5634
"../../../Engine/Content/EngineMaterials/Substrate/GLints/dict_16_192_64_0p5_0p02_0027_0009.uasset" 5635
"../../../Engine/Content/EngineMaterials/Substrate/GLints/dict_16_192_64_0p5_0p02_0027_0010.uasset" 5636
"../../../Engine/Content/EngineMaterials/Substrate/GLints/dict_16_192_64_0p5_0p02_0027_0011.uasset" 5637
"../../../Engine/Content/EngineMaterials/Substrate/GLints/dict_16_192_64_0p5_0p02_0027_0012.uasset" 5638
"../../../Engine/Content/EngineMaterials/Substrate/GLints/dict_16_192_64_0p5_0p02_0027_0013.uasset" 5639
"../../../Engine/Content/EngineMaterials/Substrate/GLints/dict_16_192_64_0p5_0p02_0027_0014.uasset" 5640
"../../../Engine/Content/EngineMaterials/Substrate/GLints/dict_16_192_64_0p5_0p02_0027_0015.uasset" 5641
"../../../Engine/Content/EngineMaterials/Substrate/GLints/dict_16_192_64_0p5_0p02_0028_0000.uasset" 5642
"../../../Engine/Content/EngineMaterials/Substrate/GLints/dict_16_192_64_0p5_0p02_0028_0001.uasset" 5643
"../../../Engine/Content/EngineMaterials/Substrate/GLints/dict_16_192_64_0p5_0p02_0028_0002.uasset" 5644
"../../../Engine/Content/EngineMaterials/Substrate/GLints/dict_16_192_64_0p5_0p02_0028_0003.uasset" 5645
"../../../Engine/Content/EngineMaterials/Substrate/GLints/dict_16_192_64_0p5_0p02_0028_0004.uasset" 5646
"../../../Engine/Content/EngineMaterials/Substrate/GLints/dict_16_192_64_0p5_0p02_0028_0005.uasset" 5647
"../../../Engine/Content/EngineMaterials/Substrate/GLints/dict_16_192_64_0p5_0p02_0028_0006.uasset" 5648
"../../../Engine/Content/EngineMaterials/Substrate/GLints/dict_16_192_64_0p5_0p02_0028_0007.uasset" 5649
"../../../Engine/Content/EngineMaterials/Substrate/GLints/dict_16_192_64_0p5_0p02_0028_0008.uasset" 5650
"../../../Engine/Content/EngineMaterials/Substrate/GLints/dict_16_192_64_0p5_0p02_0028_0009.uasset" 5651
"../../../Engine/Content/EngineMaterials/Substrate/GLints/dict_16_192_64_0p5_0p02_0028_0010.uasset" 5652
"../../../Engine/Content/EngineMaterials/Substrate/GLints/dict_16_192_64_0p5_0p02_0028_0011.uasset" 5653
"../../../Engine/Content/EngineMaterials/Substrate/GLints/dict_16_192_64_0p5_0p02_0028_0012.uasset" 5654
"../../../Engine/Content/EngineMaterials/Substrate/GLints/dict_16_192_64_0p5_0p02_0028_0013.uasset" 5655
"../../../Engine/Content/EngineMaterials/Substrate/GLints/dict_16_192_64_0p5_0p02_0028_0014.uasset" 5656
"../../../Engine/Content/EngineMaterials/Substrate/GLints/dict_16_192_64_0p5_0p02_0028_0015.uasset" 5657
"../../../Engine/Content/EngineMaterials/Substrate/GLints/dict_16_192_64_0p5_0p02_0029_0000.uasset" 5658
"../../../Engine/Content/EngineMaterials/Substrate/GLints/dict_16_192_64_0p5_0p02_0029_0001.uasset" 5659
"../../../Engine/Content/EngineMaterials/Substrate/GLints/dict_16_192_64_0p5_0p02_0029_0002.uasset" 5660
"../../../Engine/Content/EngineMaterials/Substrate/GLints/dict_16_192_64_0p5_0p02_0029_0003.uasset" 5661
"../../../Engine/Content/EngineMaterials/Substrate/GLints/dict_16_192_64_0p5_0p02_0029_0004.uasset" 5662
"../../../Engine/Content/EngineMaterials/Substrate/GLints/dict_16_192_64_0p5_0p02_0029_0005.uasset" 5663
"../../../Engine/Content/EngineMaterials/Substrate/GLints/dict_16_192_64_0p5_0p02_0029_0006.uasset" 5664
"../../../Engine/Content/EngineMaterials/Substrate/GLints/dict_16_192_64_0p5_0p02_0029_0007.uasset" 5665
"../../../Engine/Content/EngineMaterials/Substrate/GLints/dict_16_192_64_0p5_0p02_0029_0008.uasset" 5666
"../../../Engine/Content/EngineMaterials/Substrate/GLints/dict_16_192_64_0p5_0p02_0029_0009.uasset" 5667
"../../../Engine/Content/EngineMaterials/Substrate/GLints/dict_16_192_64_0p5_0p02_0029_0010.uasset" 5668
"../../../Engine/Content/EngineMaterials/Substrate/GLints/dict_16_192_64_0p5_0p02_0029_0011.uasset" 5669
"../../../Engine/Content/EngineMaterials/Substrate/GLints/dict_16_192_64_0p5_0p02_0029_0012.uasset" 5670
"../../../Engine/Content/EngineMaterials/Substrate/GLints/dict_16_192_64_0p5_0p02_0029_0013.uasset" 5671
"../../../Engine/Content/EngineMaterials/Substrate/GLints/dict_16_192_64_0p5_0p02_0029_0014.uasset" 5672
"../../../Engine/Content/EngineMaterials/Substrate/GLints/dict_16_192_64_0p5_0p02_0029_0015.uasset" 5673
"../../../Engine/Content/EngineMaterials/Substrate/GLints/dict_16_192_64_0p5_0p02_0030_0000.uasset" 5674
"../../../Engine/Content/EngineMaterials/Substrate/GLints/dict_16_192_64_0p5_0p02_0030_0001.uasset" 5675
"../../../Engine/Content/EngineMaterials/Substrate/GLints/dict_16_192_64_0p5_0p02_0030_0002.uasset" 5676
"../../../Engine/Content/EngineMaterials/Substrate/GLints/dict_16_192_64_0p5_0p02_0030_0003.uasset" 5677
"../../../Engine/Content/EngineMaterials/Substrate/GLints/dict_16_192_64_0p5_0p02_0030_0004.uasset" 5678
"../../../Engine/Content/EngineMaterials/Substrate/GLints/dict_16_192_64_0p5_0p02_0030_0005.uasset" 5679
"../../../Engine/Content/EngineMaterials/Substrate/GLints/dict_16_192_64_0p5_0p02_0030_0006.uasset" 5680
"../../../Engine/Content/EngineMaterials/Substrate/GLints/dict_16_192_64_0p5_0p02_0030_0007.uasset" 5681
"../../../Engine/Content/EngineMaterials/Substrate/GLints/dict_16_192_64_0p5_0p02_0030_0008.uasset" 5682
"../../../Engine/Content/EngineMaterials/Substrate/GLints/dict_16_192_64_0p5_0p02_0030_0009.uasset" 5683
"../../../Engine/Content/EngineMaterials/Substrate/GLints/dict_16_192_64_0p5_0p02_0030_0010.uasset" 5684
"../../../Engine/Content/EngineMaterials/Substrate/GLints/dict_16_192_64_0p5_0p02_0030_0011.uasset" 5685
"../../../Engine/Content/EngineMaterials/Substrate/GLints/dict_16_192_64_0p5_0p02_0030_0012.uasset" 5686
"../../../Engine/Content/EngineMaterials/Substrate/GLints/dict_16_192_64_0p5_0p02_0030_0013.uasset" 5687
"../../../Engine/Content/EngineMaterials/Substrate/GLints/dict_16_192_64_0p5_0p02_0030_0014.uasset" 5688
"../../../Engine/Content/EngineMaterials/Substrate/GLints/dict_16_192_64_0p5_0p02_0030_0015.uasset" 5689
"../../../Engine/Content/EngineMaterials/Substrate/GLints/dict_16_192_64_0p5_0p02_0031_0000.uasset" 5690
"../../../Engine/Content/EngineMaterials/Substrate/GLints/dict_16_192_64_0p5_0p02_0031_0001.uasset" 5691
"../../../Engine/Content/EngineMaterials/Substrate/GLints/dict_16_192_64_0p5_0p02_0031_0002.uasset" 5692
"../../../Engine/Content/EngineMaterials/Substrate/GLints/dict_16_192_64_0p5_0p02_0031_0003.uasset" 5693
"../../../Engine/Content/EngineMaterials/Substrate/GLints/dict_16_192_64_0p5_0p02_0031_0004.uasset" 5694
"../../../Engine/Content/EngineMaterials/Substrate/GLints/dict_16_192_64_0p5_0p02_0031_0005.uasset" 5695
"../../../Engine/Content/EngineMaterials/Substrate/GLints/dict_16_192_64_0p5_0p02_0031_0006.uasset" 5696
"../../../Engine/Content/EngineMaterials/Substrate/GLints/dict_16_192_64_0p5_0p02_0031_0007.uasset" 5697
"../../../Engine/Content/EngineMaterials/Substrate/GLints/dict_16_192_64_0p5_0p02_0031_0008.uasset" 5698
"../../../Engine/Content/EngineMaterials/Substrate/GLints/dict_16_192_64_0p5_0p02_0031_0009.uasset" 5699
"../../../Engine/Content/EngineMaterials/Substrate/GLints/dict_16_192_64_0p5_0p02_0031_0010.uasset" 5700
"../../../Engine/Content/EngineMaterials/Substrate/GLints/dict_16_192_64_0p5_0p02_0031_0011.uasset" 5701
"../../../Engine/Content/EngineMaterials/Substrate/GLints/dict_16_192_64_0p5_0p02_0031_0012.uasset" 5702
"../../../Engine/Content/EngineMaterials/Substrate/GLints/dict_16_192_64_0p5_0p02_0031_0013.uasset" 5703
"../../../Engine/Content/EngineMaterials/Substrate/GLints/dict_16_192_64_0p5_0p02_0031_0014.uasset" 5704
"../../../Engine/Content/EngineMaterials/Substrate/GLints/dict_16_192_64_0p5_0p02_0031_0015.uasset" 5705
"../../../Engine/Content/EngineMaterials/Substrate/GLints/dict_16_192_64_0p5_0p02_0032_0000.uasset" 5706
"../../../Engine/Content/EngineMaterials/Substrate/GLints/dict_16_192_64_0p5_0p02_0032_0001.uasset" 5707
"../../../Engine/Content/EngineMaterials/Substrate/GLints/dict_16_192_64_0p5_0p02_0032_0002.uasset" 5708
"../../../Engine/Content/EngineMaterials/Substrate/GLints/dict_16_192_64_0p5_0p02_0032_0003.uasset" 5709
"../../../Engine/Content/EngineMaterials/Substrate/GLints/dict_16_192_64_0p5_0p02_0032_0004.uasset" 5710
"../../../Engine/Content/EngineMaterials/Substrate/GLints/dict_16_192_64_0p5_0p02_0032_0005.uasset" 5711
"../../../Engine/Content/EngineMaterials/Substrate/GLints/dict_16_192_64_0p5_0p02_0032_0006.uasset" 5712
"../../../Engine/Content/EngineMaterials/Substrate/GLints/dict_16_192_64_0p5_0p02_0032_0007.uasset" 5713
"../../../Engine/Content/EngineMaterials/Substrate/GLints/dict_16_192_64_0p5_0p02_0032_0008.uasset" 5714
"../../../Engine/Content/EngineMaterials/Substrate/GLints/dict_16_192_64_0p5_0p02_0032_0009.uasset" 5715
"../../../Engine/Content/EngineMaterials/Substrate/GLints/dict_16_192_64_0p5_0p02_0032_0010.uasset" 5716
"../../../Engine/Content/EngineMaterials/Substrate/GLints/dict_16_192_64_0p5_0p02_0032_0011.uasset" 5717
"../../../Engine/Content/EngineMaterials/Substrate/GLints/dict_16_192_64_0p5_0p02_0032_0012.uasset" 5718
"../../../Engine/Content/EngineMaterials/Substrate/GLints/dict_16_192_64_0p5_0p02_0032_0013.uasset" 5719
"../../../Engine/Content/EngineMaterials/Substrate/GLints/dict_16_192_64_0p5_0p02_0032_0014.uasset" 5720
"../../../Engine/Content/EngineMaterials/Substrate/GLints/dict_16_192_64_0p5_0p02_0032_0015.uasset" 5721
"../../../Engine/Content/EngineMaterials/Substrate/GLints/dict_16_192_64_0p5_0p02_0033_0000.uasset" 5722
"../../../Engine/Content/EngineMaterials/Substrate/GLints/dict_16_192_64_0p5_0p02_0033_0001.uasset" 5723
"../../../Engine/Content/EngineMaterials/Substrate/GLints/dict_16_192_64_0p5_0p02_0033_0002.uasset" 5724
"../../../Engine/Content/EngineMaterials/Substrate/GLints/dict_16_192_64_0p5_0p02_0033_0003.uasset" 5725
"../../../Engine/Content/EngineMaterials/Substrate/GLints/dict_16_192_64_0p5_0p02_0033_0004.uasset" 5726
"../../../Engine/Content/EngineMaterials/Substrate/GLints/dict_16_192_64_0p5_0p02_0033_0005.uasset" 5727
"../../../Engine/Content/EngineMaterials/Substrate/GLints/dict_16_192_64_0p5_0p02_0033_0006.uasset" 5728
"../../../Engine/Content/EngineMaterials/Substrate/GLints/dict_16_192_64_0p5_0p02_0033_0007.uasset" 5729
"../../../Engine/Content/EngineMaterials/Substrate/GLints/dict_16_192_64_0p5_0p02_0033_0008.uasset" 5730
"../../../Engine/Content/EngineMaterials/Substrate/GLints/dict_16_192_64_0p5_0p02_0033_0009.uasset" 5731
"../../../Engine/Content/EngineMaterials/Substrate/GLints/dict_16_192_64_0p5_0p02_0033_0010.uasset" 5732
"../../../Engine/Content/EngineMaterials/Substrate/GLints/dict_16_192_64_0p5_0p02_0033_0011.uasset" 5733
"../../../Engine/Content/EngineMaterials/Substrate/GLints/dict_16_192_64_0p5_0p02_0033_0012.uasset" 5734
"../../../Engine/Content/EngineMaterials/Substrate/GLints/dict_16_192_64_0p5_0p02_0033_0013.uasset" 5735
"../../../Engine/Content/EngineMaterials/Substrate/GLints/dict_16_192_64_0p5_0p02_0033_0014.uasset" 5736
"../../../Engine/Content/EngineMaterials/Substrate/GLints/dict_16_192_64_0p5_0p02_0033_0015.uasset" 5737
"../../../Engine/Content/EngineMaterials/Substrate/GLints/dict_16_192_64_0p5_0p02_0034_0000.uasset" 5738
"../../../Engine/Content/EngineMaterials/Substrate/GLints/dict_16_192_64_0p5_0p02_0034_0001.uasset" 5739
"../../../Engine/Content/EngineMaterials/Substrate/GLints/dict_16_192_64_0p5_0p02_0034_0002.uasset" 5740
"../../../Engine/Content/EngineMaterials/Substrate/GLints/dict_16_192_64_0p5_0p02_0034_0003.uasset" 5741
"../../../Engine/Content/EngineMaterials/Substrate/GLints/dict_16_192_64_0p5_0p02_0034_0004.uasset" 5742
"../../../Engine/Content/EngineMaterials/Substrate/GLints/dict_16_192_64_0p5_0p02_0034_0005.uasset" 5743
"../../../Engine/Content/EngineMaterials/Substrate/GLints/dict_16_192_64_0p5_0p02_0034_0006.uasset" 5744
"../../../Engine/Content/EngineMaterials/Substrate/GLints/dict_16_192_64_0p5_0p02_0034_0007.uasset" 5745
"../../../Engine/Content/EngineMaterials/Substrate/GLints/dict_16_192_64_0p5_0p02_0034_0008.uasset" 5746
"../../../Engine/Content/EngineMaterials/Substrate/GLints/dict_16_192_64_0p5_0p02_0034_0009.uasset" 5747
"../../../Engine/Content/EngineMaterials/Substrate/GLints/dict_16_192_64_0p5_0p02_0034_0010.uasset" 5748
"../../../Engine/Content/EngineMaterials/Substrate/GLints/dict_16_192_64_0p5_0p02_0034_0011.uasset" 5749
"../../../Engine/Content/EngineMaterials/Substrate/GLints/dict_16_192_64_0p5_0p02_0034_0012.uasset" 5750
"../../../Engine/Content/EngineMaterials/Substrate/GLints/dict_16_192_64_0p5_0p02_0034_0013.uasset" 5751
"../../../Engine/Content/EngineMaterials/Substrate/GLints/dict_16_192_64_0p5_0p02_0034_0014.uasset" 5752
"../../../Engine/Content/EngineMaterials/Substrate/GLints/dict_16_192_64_0p5_0p02_0034_0015.uasset" 5753
"../../../Engine/Content/EngineMaterials/Substrate/GLints/dict_16_192_64_0p5_0p02_0035_0000.uasset" 5754
"../../../Engine/Content/EngineMaterials/Substrate/GLints/dict_16_192_64_0p5_0p02_0035_0001.uasset" 5755
"../../../Engine/Content/EngineMaterials/Substrate/GLints/dict_16_192_64_0p5_0p02_0035_0002.uasset" 5756
"../../../Engine/Content/EngineMaterials/Substrate/GLints/dict_16_192_64_0p5_0p02_0035_0003.uasset" 5757
"../../../Engine/Content/EngineMaterials/Substrate/GLints/dict_16_192_64_0p5_0p02_0035_0004.uasset" 5758
"../../../Engine/Content/EngineMaterials/Substrate/GLints/dict_16_192_64_0p5_0p02_0035_0005.uasset" 5759
"../../../Engine/Content/EngineMaterials/Substrate/GLints/dict_16_192_64_0p5_0p02_0035_0006.uasset" 5760
"../../../Engine/Content/EngineMaterials/Substrate/GLints/dict_16_192_64_0p5_0p02_0035_0007.uasset" 5761
"../../../Engine/Content/EngineMaterials/Substrate/GLints/dict_16_192_64_0p5_0p02_0035_0008.uasset" 5762
"../../../Engine/Content/EngineMaterials/Substrate/GLints/dict_16_192_64_0p5_0p02_0035_0009.uasset" 5763
"../../../Engine/Content/EngineMaterials/Substrate/GLints/dict_16_192_64_0p5_0p02_0035_0010.uasset" 5764
"../../../Engine/Content/EngineMaterials/Substrate/GLints/dict_16_192_64_0p5_0p02_0035_0011.uasset" 5765
"../../../Engine/Content/EngineMaterials/Substrate/GLints/dict_16_192_64_0p5_0p02_0035_0012.uasset" 5766
"../../../Engine/Content/EngineMaterials/Substrate/GLints/dict_16_192_64_0p5_0p02_0035_0013.uasset" 5767
"../../../Engine/Content/EngineMaterials/Substrate/GLints/dict_16_192_64_0p5_0p02_0035_0014.uasset" 5768
"../../../Engine/Content/EngineMaterials/Substrate/GLints/dict_16_192_64_0p5_0p02_0035_0015.uasset" 5769
"../../../Engine/Content/EngineMaterials/Substrate/GLints/dict_16_192_64_0p5_0p02_0036_0000.uasset" 5770
"../../../Engine/Content/EngineMaterials/Substrate/GLints/dict_16_192_64_0p5_0p02_0036_0001.uasset" 5771
"../../../Engine/Content/EngineMaterials/Substrate/GLints/dict_16_192_64_0p5_0p02_0036_0002.uasset" 5772
"../../../Engine/Content/EngineMaterials/Substrate/GLints/dict_16_192_64_0p5_0p02_0036_0003.uasset" 5773
"../../../Engine/Content/EngineMaterials/Substrate/GLints/dict_16_192_64_0p5_0p02_0036_0004.uasset" 5774
"../../../Engine/Content/EngineMaterials/Substrate/GLints/dict_16_192_64_0p5_0p02_0036_0005.uasset" 5775
"../../../Engine/Content/EngineMaterials/Substrate/GLints/dict_16_192_64_0p5_0p02_0036_0006.uasset" 5776
"../../../Engine/Content/EngineMaterials/Substrate/GLints/dict_16_192_64_0p5_0p02_0036_0007.uasset" 5777
"../../../Engine/Content/EngineMaterials/Substrate/GLints/dict_16_192_64_0p5_0p02_0036_0008.uasset" 5778
"../../../Engine/Content/EngineMaterials/Substrate/GLints/dict_16_192_64_0p5_0p02_0036_0009.uasset" 5779
"../../../Engine/Content/EngineMaterials/Substrate/GLints/dict_16_192_64_0p5_0p02_0036_0010.uasset" 5780
"../../../Engine/Content/EngineMaterials/Substrate/GLints/dict_16_192_64_0p5_0p02_0036_0011.uasset" 5781
"../../../Engine/Content/EngineMaterials/Substrate/GLints/dict_16_192_64_0p5_0p02_0036_0012.uasset" 5782
"../../../Engine/Content/EngineMaterials/Substrate/GLints/dict_16_192_64_0p5_0p02_0036_0013.uasset" 5783
"../../../Engine/Content/EngineMaterials/Substrate/GLints/dict_16_192_64_0p5_0p02_0036_0014.uasset" 5784
"../../../Engine/Content/EngineMaterials/Substrate/GLints/dict_16_192_64_0p5_0p02_0036_0015.uasset" 5785
"../../../Engine/Content/EngineMaterials/Substrate/GLints/dict_16_192_64_0p5_0p02_0037_0000.uasset" 5786
"../../../Engine/Content/EngineMaterials/Substrate/GLints/dict_16_192_64_0p5_0p02_0037_0001.uasset" 5787
"../../../Engine/Content/EngineMaterials/Substrate/GLints/dict_16_192_64_0p5_0p02_0037_0002.uasset" 5788
"../../../Engine/Content/EngineMaterials/Substrate/GLints/dict_16_192_64_0p5_0p02_0037_0003.uasset" 5789
"../../../Engine/Content/EngineMaterials/Substrate/GLints/dict_16_192_64_0p5_0p02_0037_0004.uasset" 5790
"../../../Engine/Content/EngineMaterials/Substrate/GLints/dict_16_192_64_0p5_0p02_0037_0005.uasset" 5791
"../../../Engine/Content/EngineMaterials/Substrate/GLints/dict_16_192_64_0p5_0p02_0037_0006.uasset" 5792
"../../../Engine/Content/EngineMaterials/Substrate/GLints/dict_16_192_64_0p5_0p02_0037_0007.uasset" 5793
"../../../Engine/Content/EngineMaterials/Substrate/GLints/dict_16_192_64_0p5_0p02_0037_0008.uasset" 5794
"../../../Engine/Content/EngineMaterials/Substrate/GLints/dict_16_192_64_0p5_0p02_0037_0009.uasset" 5795
"../../../Engine/Content/EngineMaterials/Substrate/GLints/dict_16_192_64_0p5_0p02_0037_0010.uasset" 5796
"../../../Engine/Content/EngineMaterials/Substrate/GLints/dict_16_192_64_0p5_0p02_0037_0011.uasset" 5797
"../../../Engine/Content/EngineMaterials/Substrate/GLints/dict_16_192_64_0p5_0p02_0037_0012.uasset" 5798
"../../../Engine/Content/EngineMaterials/Substrate/GLints/dict_16_192_64_0p5_0p02_0037_0013.uasset" 5799
"../../../Engine/Content/EngineMaterials/Substrate/GLints/dict_16_192_64_0p5_0p02_0037_0014.uasset" 5800
"../../../Engine/Content/EngineMaterials/Substrate/GLints/dict_16_192_64_0p5_0p02_0037_0015.uasset" 5801
"../../../Engine/Content/EngineMaterials/Substrate/GLints/dict_16_192_64_0p5_0p02_0038_0000.uasset" 5802
"../../../Engine/Content/EngineMaterials/Substrate/GLints/dict_16_192_64_0p5_0p02_0038_0001.uasset" 5803
"../../../Engine/Content/EngineMaterials/Substrate/GLints/dict_16_192_64_0p5_0p02_0038_0002.uasset" 5804
"../../../Engine/Content/EngineMaterials/Substrate/GLints/dict_16_192_64_0p5_0p02_0038_0003.uasset" 5805
"../../../Engine/Content/EngineMaterials/Substrate/GLints/dict_16_192_64_0p5_0p02_0038_0004.uasset" 5806
"../../../Engine/Content/EngineMaterials/Substrate/GLints/dict_16_192_64_0p5_0p02_0038_0005.uasset" 5807
"../../../Engine/Content/EngineMaterials/Substrate/GLints/dict_16_192_64_0p5_0p02_0038_0006.uasset" 5808
"../../../Engine/Content/EngineMaterials/Substrate/GLints/dict_16_192_64_0p5_0p02_0038_0007.uasset" 5809
"../../../Engine/Content/EngineMaterials/Substrate/GLints/dict_16_192_64_0p5_0p02_0038_0008.uasset" 5810
"../../../Engine/Content/EngineMaterials/Substrate/GLints/dict_16_192_64_0p5_0p02_0038_0009.uasset" 5811
"../../../Engine/Content/EngineMaterials/Substrate/GLints/dict_16_192_64_0p5_0p02_0038_0010.uasset" 5812
"../../../Engine/Content/EngineMaterials/Substrate/GLints/dict_16_192_64_0p5_0p02_0038_0011.uasset" 5813
"../../../Engine/Content/EngineMaterials/Substrate/GLints/dict_16_192_64_0p5_0p02_0038_0012.uasset" 5814
"../../../Engine/Content/EngineMaterials/Substrate/GLints/dict_16_192_64_0p5_0p02_0038_0013.uasset" 5815
"../../../Engine/Content/EngineMaterials/Substrate/GLints/dict_16_192_64_0p5_0p02_0038_0014.uasset" 5816
"../../../Engine/Content/EngineMaterials/Substrate/GLints/dict_16_192_64_0p5_0p02_0038_0015.uasset" 5817
"../../../Engine/Content/EngineMaterials/Substrate/GLints/dict_16_192_64_0p5_0p02_0039_0000.uasset" 5818
"../../../Engine/Content/EngineMaterials/Substrate/GLints/dict_16_192_64_0p5_0p02_0039_0001.uasset" 5819
"../../../Engine/Content/EngineMaterials/Substrate/GLints/dict_16_192_64_0p5_0p02_0039_0002.uasset" 5820
"../../../Engine/Content/EngineMaterials/Substrate/GLints/dict_16_192_64_0p5_0p02_0039_0003.uasset" 5821
"../../../Engine/Content/EngineMaterials/Substrate/GLints/dict_16_192_64_0p5_0p02_0039_0004.uasset" 5822
"../../../Engine/Content/EngineMaterials/Substrate/GLints/dict_16_192_64_0p5_0p02_0039_0005.uasset" 5823
"../../../Engine/Content/EngineMaterials/Substrate/GLints/dict_16_192_64_0p5_0p02_0039_0006.uasset" 5824
"../../../Engine/Content/EngineMaterials/Substrate/GLints/dict_16_192_64_0p5_0p02_0039_0007.uasset" 5825
"../../../Engine/Content/EngineMaterials/Substrate/GLints/dict_16_192_64_0p5_0p02_0039_0008.uasset" 5826
"../../../Engine/Content/EngineMaterials/Substrate/GLints/dict_16_192_64_0p5_0p02_0039_0009.uasset" 5827
"../../../Engine/Content/EngineMaterials/Substrate/GLints/dict_16_192_64_0p5_0p02_0039_0010.uasset" 5828
"../../../Engine/Content/EngineMaterials/Substrate/GLints/dict_16_192_64_0p5_0p02_0039_0011.uasset" 5829
"../../../Engine/Content/EngineMaterials/Substrate/GLints/dict_16_192_64_0p5_0p02_0039_0012.uasset" 5830
"../../../Engine/Content/EngineMaterials/Substrate/GLints/dict_16_192_64_0p5_0p02_0039_0013.uasset" 5831
"../../../Engine/Content/EngineMaterials/Substrate/GLints/dict_16_192_64_0p5_0p02_0039_0014.uasset" 5832
"../../../Engine/Content/EngineMaterials/Substrate/GLints/dict_16_192_64_0p5_0p02_0039_0015.uasset" 5833
"../../../Engine/Content/EngineMaterials/Substrate/GLints/dict_16_192_64_0p5_0p02_0040_0000.uasset" 5834
"../../../Engine/Content/EngineMaterials/Substrate/GLints/dict_16_192_64_0p5_0p02_0040_0001.uasset" 5835
"../../../Engine/Content/EngineMaterials/Substrate/GLints/dict_16_192_64_0p5_0p02_0040_0002.uasset" 5836
"../../../Engine/Content/EngineMaterials/Substrate/GLints/dict_16_192_64_0p5_0p02_0040_0003.uasset" 5837
"../../../Engine/Content/EngineMaterials/Substrate/GLints/dict_16_192_64_0p5_0p02_0040_0004.uasset" 5838
"../../../Engine/Content/EngineMaterials/Substrate/GLints/dict_16_192_64_0p5_0p02_0040_0005.uasset" 5839
"../../../Engine/Content/EngineMaterials/Substrate/GLints/dict_16_192_64_0p5_0p02_0040_0006.uasset" 5840
"../../../Engine/Content/EngineMaterials/Substrate/GLints/dict_16_192_64_0p5_0p02_0040_0007.uasset" 5841
"../../../Engine/Content/EngineMaterials/Substrate/GLints/dict_16_192_64_0p5_0p02_0040_0008.uasset" 5842
"../../../Engine/Content/EngineMaterials/Substrate/GLints/dict_16_192_64_0p5_0p02_0040_0009.uasset" 5843
"../../../Engine/Content/EngineMaterials/Substrate/GLints/dict_16_192_64_0p5_0p02_0040_0010.uasset" 5844
"../../../Engine/Content/EngineMaterials/Substrate/GLints/dict_16_192_64_0p5_0p02_0040_0011.uasset" 5845
"../../../Engine/Content/EngineMaterials/Substrate/GLints/dict_16_192_64_0p5_0p02_0040_0012.uasset" 5846
"../../../Engine/Content/EngineMaterials/Substrate/GLints/dict_16_192_64_0p5_0p02_0040_0013.uasset" 5847
"../../../Engine/Content/EngineMaterials/Substrate/GLints/dict_16_192_64_0p5_0p02_0040_0014.uasset" 5848
"../../../Engine/Content/EngineMaterials/Substrate/GLints/dict_16_192_64_0p5_0p02_0040_0015.uasset" 5849
"../../../Engine/Content/EngineMaterials/Substrate/GLints/dict_16_192_64_0p5_0p02_0041_0000.uasset" 5850
"../../../Engine/Content/EngineMaterials/Substrate/GLints/dict_16_192_64_0p5_0p02_0041_0001.uasset" 5851
"../../../Engine/Content/EngineMaterials/Substrate/GLints/dict_16_192_64_0p5_0p02_0041_0002.uasset" 5852
"../../../Engine/Content/EngineMaterials/Substrate/GLints/dict_16_192_64_0p5_0p02_0041_0003.uasset" 5853
"../../../Engine/Content/EngineMaterials/Substrate/GLints/dict_16_192_64_0p5_0p02_0041_0004.uasset" 5854
"../../../Engine/Content/EngineMaterials/Substrate/GLints/dict_16_192_64_0p5_0p02_0041_0005.uasset" 5855
"../../../Engine/Content/EngineMaterials/Substrate/GLints/dict_16_192_64_0p5_0p02_0041_0006.uasset" 5856
"../../../Engine/Content/EngineMaterials/Substrate/GLints/dict_16_192_64_0p5_0p02_0041_0007.uasset" 5857
"../../../Engine/Content/EngineMaterials/Substrate/GLints/dict_16_192_64_0p5_0p02_0041_0008.uasset" 5858
"../../../Engine/Content/EngineMaterials/Substrate/GLints/dict_16_192_64_0p5_0p02_0041_0009.uasset" 5859
"../../../Engine/Content/EngineMaterials/Substrate/GLints/dict_16_192_64_0p5_0p02_0041_0010.uasset" 5860
"../../../Engine/Content/EngineMaterials/Substrate/GLints/dict_16_192_64_0p5_0p02_0041_0011.uasset" 5861
"../../../Engine/Content/EngineMaterials/Substrate/GLints/dict_16_192_64_0p5_0p02_0041_0012.uasset" 5862
"../../../Engine/Content/EngineMaterials/Substrate/GLints/dict_16_192_64_0p5_0p02_0041_0013.uasset" 5863
"../../../Engine/Content/EngineMaterials/Substrate/GLints/dict_16_192_64_0p5_0p02_0041_0014.uasset" 5864
"../../../Engine/Content/EngineMaterials/Substrate/GLints/dict_16_192_64_0p5_0p02_0041_0015.uasset" 5865
"../../../Engine/Content/EngineMaterials/Substrate/GLints/dict_16_192_64_0p5_0p02_0042_0000.uasset" 5866
"../../../Engine/Content/EngineMaterials/Substrate/GLints/dict_16_192_64_0p5_0p02_0042_0001.uasset" 5867
"../../../Engine/Content/EngineMaterials/Substrate/GLints/dict_16_192_64_0p5_0p02_0042_0002.uasset" 5868
"../../../Engine/Content/EngineMaterials/Substrate/GLints/dict_16_192_64_0p5_0p02_0042_0003.uasset" 5869
"../../../Engine/Content/EngineMaterials/Substrate/GLints/dict_16_192_64_0p5_0p02_0042_0004.uasset" 5870
"../../../Engine/Content/EngineMaterials/Substrate/GLints/dict_16_192_64_0p5_0p02_0042_0005.uasset" 5871
"../../../Engine/Content/EngineMaterials/Substrate/GLints/dict_16_192_64_0p5_0p02_0042_0006.uasset" 5872
"../../../Engine/Content/EngineMaterials/Substrate/GLints/dict_16_192_64_0p5_0p02_0042_0007.uasset" 5873
"../../../Engine/Content/EngineMaterials/Substrate/GLints/dict_16_192_64_0p5_0p02_0042_0008.uasset" 5874
"../../../Engine/Content/EngineMaterials/Substrate/GLints/dict_16_192_64_0p5_0p02_0042_0009.uasset" 5875
"../../../Engine/Content/EngineMaterials/Substrate/GLints/dict_16_192_64_0p5_0p02_0042_0010.uasset" 5876
"../../../Engine/Content/EngineMaterials/Substrate/GLints/dict_16_192_64_0p5_0p02_0042_0011.uasset" 5877
"../../../Engine/Content/EngineMaterials/Substrate/GLints/dict_16_192_64_0p5_0p02_0042_0012.uasset" 5878
"../../../Engine/Content/EngineMaterials/Substrate/GLints/dict_16_192_64_0p5_0p02_0042_0013.uasset" 5879
"../../../Engine/Content/EngineMaterials/Substrate/GLints/dict_16_192_64_0p5_0p02_0042_0014.uasset" 5880
"../../../Engine/Content/EngineMaterials/Substrate/GLints/dict_16_192_64_0p5_0p02_0042_0015.uasset" 5881
"../../../Engine/Content/EngineMaterials/Substrate/GLints/dict_16_192_64_0p5_0p02_0043_0000.uasset" 5882
"../../../Engine/Content/EngineMaterials/Substrate/GLints/dict_16_192_64_0p5_0p02_0043_0001.uasset" 5883
"../../../Engine/Content/EngineMaterials/Substrate/GLints/dict_16_192_64_0p5_0p02_0043_0002.uasset" 5884
"../../../Engine/Content/EngineMaterials/Substrate/GLints/dict_16_192_64_0p5_0p02_0043_0003.uasset" 5885
"../../../Engine/Content/EngineMaterials/Substrate/GLints/dict_16_192_64_0p5_0p02_0043_0004.uasset" 5886
"../../../Engine/Content/EngineMaterials/Substrate/GLints/dict_16_192_64_0p5_0p02_0043_0005.uasset" 5887
"../../../Engine/Content/EngineMaterials/Substrate/GLints/dict_16_192_64_0p5_0p02_0043_0006.uasset" 5888
"../../../Engine/Content/EngineMaterials/Substrate/GLints/dict_16_192_64_0p5_0p02_0043_0007.uasset" 5889
"../../../Engine/Content/EngineMaterials/Substrate/GLints/dict_16_192_64_0p5_0p02_0043_0008.uasset" 5890
"../../../Engine/Content/EngineMaterials/Substrate/GLints/dict_16_192_64_0p5_0p02_0043_0009.uasset" 5891
"../../../Engine/Content/EngineMaterials/Substrate/GLints/dict_16_192_64_0p5_0p02_0043_0010.uasset" 5892
"../../../Engine/Content/EngineMaterials/Substrate/GLints/dict_16_192_64_0p5_0p02_0043_0011.uasset" 5893
"../../../Engine/Content/EngineMaterials/Substrate/GLints/dict_16_192_64_0p5_0p02_0043_0012.uasset" 5894
"../../../Engine/Content/EngineMaterials/Substrate/GLints/dict_16_192_64_0p5_0p02_0043_0013.uasset" 5895
"../../../Engine/Content/EngineMaterials/Substrate/GLints/dict_16_192_64_0p5_0p02_0043_0014.uasset" 5896
"../../../Engine/Content/EngineMaterials/Substrate/GLints/dict_16_192_64_0p5_0p02_0043_0015.uasset" 5897
"../../../Engine/Content/EngineMaterials/Substrate/GLints/dict_16_192_64_0p5_0p02_0044_0000.uasset" 5898
"../../../Engine/Content/EngineMaterials/Substrate/GLints/dict_16_192_64_0p5_0p02_0044_0001.uasset" 5899
"../../../Engine/Content/EngineMaterials/Substrate/GLints/dict_16_192_64_0p5_0p02_0044_0002.uasset" 5900
"../../../Engine/Content/EngineMaterials/Substrate/GLints/dict_16_192_64_0p5_0p02_0044_0003.uasset" 5901
"../../../Engine/Content/EngineMaterials/Substrate/GLints/dict_16_192_64_0p5_0p02_0044_0004.uasset" 5902
"../../../Engine/Content/EngineMaterials/Substrate/GLints/dict_16_192_64_0p5_0p02_0044_0005.uasset" 5903
"../../../Engine/Content/EngineMaterials/Substrate/GLints/dict_16_192_64_0p5_0p02_0044_0006.uasset" 5904
"../../../Engine/Content/EngineMaterials/Substrate/GLints/dict_16_192_64_0p5_0p02_0044_0007.uasset" 5905
"../../../Engine/Content/EngineMaterials/Substrate/GLints/dict_16_192_64_0p5_0p02_0044_0008.uasset" 5906
"../../../Engine/Content/EngineMaterials/Substrate/GLints/dict_16_192_64_0p5_0p02_0044_0009.uasset" 5907
"../../../Engine/Content/EngineMaterials/Substrate/GLints/dict_16_192_64_0p5_0p02_0044_0010.uasset" 5908
"../../../Engine/Content/EngineMaterials/Substrate/GLints/dict_16_192_64_0p5_0p02_0044_0011.uasset" 5909
"../../../Engine/Content/EngineMaterials/Substrate/GLints/dict_16_192_64_0p5_0p02_0044_0012.uasset" 5910
"../../../Engine/Content/EngineMaterials/Substrate/GLints/dict_16_192_64_0p5_0p02_0044_0013.uasset" 5911
"../../../Engine/Content/EngineMaterials/Substrate/GLints/dict_16_192_64_0p5_0p02_0044_0014.uasset" 5912
"../../../Engine/Content/EngineMaterials/Substrate/GLints/dict_16_192_64_0p5_0p02_0044_0015.uasset" 5913
"../../../Engine/Content/EngineMaterials/Substrate/GLints/dict_16_192_64_0p5_0p02_0045_0000.uasset" 5914
"../../../Engine/Content/EngineMaterials/Substrate/GLints/dict_16_192_64_0p5_0p02_0045_0001.uasset" 5915
"../../../Engine/Content/EngineMaterials/Substrate/GLints/dict_16_192_64_0p5_0p02_0045_0002.uasset" 5916
"../../../Engine/Content/EngineMaterials/Substrate/GLints/dict_16_192_64_0p5_0p02_0045_0003.uasset" 5917
"../../../Engine/Content/EngineMaterials/Substrate/GLints/dict_16_192_64_0p5_0p02_0045_0004.uasset" 5918
"../../../Engine/Content/EngineMaterials/Substrate/GLints/dict_16_192_64_0p5_0p02_0045_0005.uasset" 5919
"../../../Engine/Content/EngineMaterials/Substrate/GLints/dict_16_192_64_0p5_0p02_0045_0006.uasset" 5920
"../../../Engine/Content/EngineMaterials/Substrate/GLints/dict_16_192_64_0p5_0p02_0045_0007.uasset" 5921
"../../../Engine/Content/EngineMaterials/Substrate/GLints/dict_16_192_64_0p5_0p02_0045_0008.uasset" 5922
"../../../Engine/Content/EngineMaterials/Substrate/GLints/dict_16_192_64_0p5_0p02_0045_0009.uasset" 5923
"../../../Engine/Content/EngineMaterials/Substrate/GLints/dict_16_192_64_0p5_0p02_0045_0010.uasset" 5924
"../../../Engine/Content/EngineMaterials/Substrate/GLints/dict_16_192_64_0p5_0p02_0045_0011.uasset" 5925
"../../../Engine/Content/EngineMaterials/Substrate/GLints/dict_16_192_64_0p5_0p02_0045_0012.uasset" 5926
"../../../Engine/Content/EngineMaterials/Substrate/GLints/dict_16_192_64_0p5_0p02_0045_0013.uasset" 5927
"../../../Engine/Content/EngineMaterials/Substrate/GLints/dict_16_192_64_0p5_0p02_0045_0014.uasset" 5928
"../../../Engine/Content/EngineMaterials/Substrate/GLints/dict_16_192_64_0p5_0p02_0045_0015.uasset" 5929
"../../../Engine/Content/EngineMaterials/Substrate/GLints/dict_16_192_64_0p5_0p02_0046_0000.uasset" 5930
"../../../Engine/Content/EngineMaterials/Substrate/GLints/dict_16_192_64_0p5_0p02_0046_0001.uasset" 5931
"../../../Engine/Content/EngineMaterials/Substrate/GLints/dict_16_192_64_0p5_0p02_0046_0002.uasset" 5932
"../../../Engine/Content/EngineMaterials/Substrate/GLints/dict_16_192_64_0p5_0p02_0046_0003.uasset" 5933
"../../../Engine/Content/EngineMaterials/Substrate/GLints/dict_16_192_64_0p5_0p02_0046_0004.uasset" 5934
"../../../Engine/Content/EngineMaterials/Substrate/GLints/dict_16_192_64_0p5_0p02_0046_0005.uasset" 5935
"../../../Engine/Content/EngineMaterials/Substrate/GLints/dict_16_192_64_0p5_0p02_0046_0006.uasset" 5936
"../../../Engine/Content/EngineMaterials/Substrate/GLints/dict_16_192_64_0p5_0p02_0046_0007.uasset" 5937
"../../../Engine/Content/EngineMaterials/Substrate/GLints/dict_16_192_64_0p5_0p02_0046_0008.uasset" 5938
"../../../Engine/Content/EngineMaterials/Substrate/GLints/dict_16_192_64_0p5_0p02_0046_0009.uasset" 5939
"../../../Engine/Content/EngineMaterials/Substrate/GLints/dict_16_192_64_0p5_0p02_0046_0010.uasset" 5940
"../../../Engine/Content/EngineMaterials/Substrate/GLints/dict_16_192_64_0p5_0p02_0046_0011.uasset" 5941
"../../../Engine/Content/EngineMaterials/Substrate/GLints/dict_16_192_64_0p5_0p02_0046_0012.uasset" 5942
"../../../Engine/Content/EngineMaterials/Substrate/GLints/dict_16_192_64_0p5_0p02_0046_0013.uasset" 5943
"../../../Engine/Content/EngineMaterials/Substrate/GLints/dict_16_192_64_0p5_0p02_0046_0014.uasset" 5944
"../../../Engine/Content/EngineMaterials/Substrate/GLints/dict_16_192_64_0p5_0p02_0046_0015.uasset" 5945
"../../../Engine/Content/EngineMaterials/Substrate/GLints/dict_16_192_64_0p5_0p02_0047_0000.uasset" 5946
"../../../Engine/Content/EngineMaterials/Substrate/GLints/dict_16_192_64_0p5_0p02_0047_0001.uasset" 5947
"../../../Engine/Content/EngineMaterials/Substrate/GLints/dict_16_192_64_0p5_0p02_0047_0002.uasset" 5948
"../../../Engine/Content/EngineMaterials/Substrate/GLints/dict_16_192_64_0p5_0p02_0047_0003.uasset" 5949
"../../../Engine/Content/EngineMaterials/Substrate/GLints/dict_16_192_64_0p5_0p02_0047_0004.uasset" 5950
"../../../Engine/Content/EngineMaterials/Substrate/GLints/dict_16_192_64_0p5_0p02_0047_0005.uasset" 5951
"../../../Engine/Content/EngineMaterials/Substrate/GLints/dict_16_192_64_0p5_0p02_0047_0006.uasset" 5952
"../../../Engine/Content/EngineMaterials/Substrate/GLints/dict_16_192_64_0p5_0p02_0047_0007.uasset" 5953
"../../../Engine/Content/EngineMaterials/Substrate/GLints/dict_16_192_64_0p5_0p02_0047_0008.uasset" 5954
"../../../Engine/Content/EngineMaterials/Substrate/GLints/dict_16_192_64_0p5_0p02_0047_0009.uasset" 5955
"../../../Engine/Content/EngineMaterials/Substrate/GLints/dict_16_192_64_0p5_0p02_0047_0010.uasset" 5956
"../../../Engine/Content/EngineMaterials/Substrate/GLints/dict_16_192_64_0p5_0p02_0047_0011.uasset" 5957
"../../../Engine/Content/EngineMaterials/Substrate/GLints/dict_16_192_64_0p5_0p02_0047_0012.uasset" 5958
"../../../Engine/Content/EngineMaterials/Substrate/GLints/dict_16_192_64_0p5_0p02_0047_0013.uasset" 5959
"../../../Engine/Content/EngineMaterials/Substrate/GLints/dict_16_192_64_0p5_0p02_0047_0014.uasset" 5960
"../../../Engine/Content/EngineMaterials/Substrate/GLints/dict_16_192_64_0p5_0p02_0047_0015.uasset" 5961
"../../../Engine/Content/EngineMaterials/Substrate/GLints/dict_16_192_64_0p5_0p02_0048_0000.uasset" 5962
"../../../Engine/Content/EngineMaterials/Substrate/GLints/dict_16_192_64_0p5_0p02_0048_0001.uasset" 5963
"../../../Engine/Content/EngineMaterials/Substrate/GLints/dict_16_192_64_0p5_0p02_0048_0002.uasset" 5964
"../../../Engine/Content/EngineMaterials/Substrate/GLints/dict_16_192_64_0p5_0p02_0048_0003.uasset" 5965
"../../../Engine/Content/EngineMaterials/Substrate/GLints/dict_16_192_64_0p5_0p02_0048_0004.uasset" 5966
"../../../Engine/Content/EngineMaterials/Substrate/GLints/dict_16_192_64_0p5_0p02_0048_0005.uasset" 5967
"../../../Engine/Content/EngineMaterials/Substrate/GLints/dict_16_192_64_0p5_0p02_0048_0006.uasset" 5968
"../../../Engine/Content/EngineMaterials/Substrate/GLints/dict_16_192_64_0p5_0p02_0048_0007.uasset" 5969
"../../../Engine/Content/EngineMaterials/Substrate/GLints/dict_16_192_64_0p5_0p02_0048_0008.uasset" 5970
"../../../Engine/Content/EngineMaterials/Substrate/GLints/dict_16_192_64_0p5_0p02_0048_0009.uasset" 5971
"../../../Engine/Content/EngineMaterials/Substrate/GLints/dict_16_192_64_0p5_0p02_0048_0010.uasset" 5972
"../../../Engine/Content/EngineMaterials/Substrate/GLints/dict_16_192_64_0p5_0p02_0048_0011.uasset" 5973
"../../../Engine/Content/EngineMaterials/Substrate/GLints/dict_16_192_64_0p5_0p02_0048_0012.uasset" 5974
"../../../Engine/Content/EngineMaterials/Substrate/GLints/dict_16_192_64_0p5_0p02_0048_0013.uasset" 5975
"../../../Engine/Content/EngineMaterials/Substrate/GLints/dict_16_192_64_0p5_0p02_0048_0014.uasset" 5976
"../../../Engine/Content/EngineMaterials/Substrate/GLints/dict_16_192_64_0p5_0p02_0048_0015.uasset" 5977
"../../../Engine/Content/EngineMaterials/Substrate/GLints/dict_16_192_64_0p5_0p02_0049_0000.uasset" 5978
"../../../Engine/Content/EngineMaterials/Substrate/GLints/dict_16_192_64_0p5_0p02_0049_0001.uasset" 5979
"../../../Engine/Content/EngineMaterials/Substrate/GLints/dict_16_192_64_0p5_0p02_0049_0002.uasset" 5980
"../../../Engine/Content/EngineMaterials/Substrate/GLints/dict_16_192_64_0p5_0p02_0049_0003.uasset" 5981
"../../../Engine/Content/EngineMaterials/Substrate/GLints/dict_16_192_64_0p5_0p02_0049_0004.uasset" 5982
"../../../Engine/Content/EngineMaterials/Substrate/GLints/dict_16_192_64_0p5_0p02_0049_0005.uasset" 5983
"../../../Engine/Content/EngineMaterials/Substrate/GLints/dict_16_192_64_0p5_0p02_0049_0006.uasset" 5984
"../../../Engine/Content/EngineMaterials/Substrate/GLints/dict_16_192_64_0p5_0p02_0049_0007.uasset" 5985
"../../../Engine/Content/EngineMaterials/Substrate/GLints/dict_16_192_64_0p5_0p02_0049_0008.uasset" 5986
"../../../Engine/Content/EngineMaterials/Substrate/GLints/dict_16_192_64_0p5_0p02_0049_0009.uasset" 5987
"../../../Engine/Content/EngineMaterials/Substrate/GLints/dict_16_192_64_0p5_0p02_0049_0010.uasset" 5988
"../../../Engine/Content/EngineMaterials/Substrate/GLints/dict_16_192_64_0p5_0p02_0049_0011.uasset" 5989
"../../../Engine/Content/EngineMaterials/Substrate/GLints/dict_16_192_64_0p5_0p02_0049_0012.uasset" 5990
"../../../Engine/Content/EngineMaterials/Substrate/GLints/dict_16_192_64_0p5_0p02_0049_0013.uasset" 5991
"../../../Engine/Content/EngineMaterials/Substrate/GLints/dict_16_192_64_0p5_0p02_0049_0014.uasset" 5992
"../../../Engine/Content/EngineMaterials/Substrate/GLints/dict_16_192_64_0p5_0p02_0049_0015.uasset" 5993
"../../../Engine/Content/EngineMaterials/Substrate/GLints/dict_16_192_64_0p5_0p02_0050_0000.uasset" 5994
"../../../Engine/Content/EngineMaterials/Substrate/GLints/dict_16_192_64_0p5_0p02_0050_0001.uasset" 5995
"../../../Engine/Content/EngineMaterials/Substrate/GLints/dict_16_192_64_0p5_0p02_0050_0002.uasset" 5996
"../../../Engine/Content/EngineMaterials/Substrate/GLints/dict_16_192_64_0p5_0p02_0050_0003.uasset" 5997
"../../../Engine/Content/EngineMaterials/Substrate/GLints/dict_16_192_64_0p5_0p02_0050_0004.uasset" 5998
"../../../Engine/Content/EngineMaterials/Substrate/GLints/dict_16_192_64_0p5_0p02_0050_0005.uasset" 5999
"../../../Engine/Content/EngineMaterials/Substrate/GLints/dict_16_192_64_0p5_0p02_0050_0006.uasset" 6000
"../../../Engine/Content/EngineMaterials/Substrate/GLints/dict_16_192_64_0p5_0p02_0050_0007.uasset" 6001
"../../../Engine/Content/EngineMaterials/Substrate/GLints/dict_16_192_64_0p5_0p02_0050_0008.uasset" 6002
"../../../Engine/Content/EngineMaterials/Substrate/GLints/dict_16_192_64_0p5_0p02_0050_0009.uasset" 6003
"../../../Engine/Content/EngineMaterials/Substrate/GLints/dict_16_192_64_0p5_0p02_0050_0010.uasset" 6004
"../../../Engine/Content/EngineMaterials/Substrate/GLints/dict_16_192_64_0p5_0p02_0050_0011.uasset" 6005
"../../../Engine/Content/EngineMaterials/Substrate/GLints/dict_16_192_64_0p5_0p02_0050_0012.uasset" 6006
"../../../Engine/Content/EngineMaterials/Substrate/GLints/dict_16_192_64_0p5_0p02_0050_0013.uasset" 6007
"../../../Engine/Content/EngineMaterials/Substrate/GLints/dict_16_192_64_0p5_0p02_0050_0014.uasset" 6008
"../../../Engine/Content/EngineMaterials/Substrate/GLints/dict_16_192_64_0p5_0p02_0050_0015.uasset" 6009
"../../../Engine/Content/EngineMaterials/Substrate/GLints/dict_16_192_64_0p5_0p02_0051_0000.uasset" 6010
"../../../Engine/Content/EngineMaterials/Substrate/GLints/dict_16_192_64_0p5_0p02_0051_0001.uasset" 6011
"../../../Engine/Content/EngineMaterials/Substrate/GLints/dict_16_192_64_0p5_0p02_0051_0002.uasset" 6012
"../../../Engine/Content/EngineMaterials/Substrate/GLints/dict_16_192_64_0p5_0p02_0051_0003.uasset" 6013
"../../../Engine/Content/EngineMaterials/Substrate/GLints/dict_16_192_64_0p5_0p02_0051_0004.uasset" 6014
"../../../Engine/Content/EngineMaterials/Substrate/GLints/dict_16_192_64_0p5_0p02_0051_0005.uasset" 6015
"../../../Engine/Content/EngineMaterials/Substrate/GLints/dict_16_192_64_0p5_0p02_0051_0006.uasset" 6016
"../../../Engine/Content/EngineMaterials/Substrate/GLints/dict_16_192_64_0p5_0p02_0051_0007.uasset" 6017
"../../../Engine/Content/EngineMaterials/Substrate/GLints/dict_16_192_64_0p5_0p02_0051_0008.uasset" 6018
"../../../Engine/Content/EngineMaterials/Substrate/GLints/dict_16_192_64_0p5_0p02_0051_0009.uasset" 6019
"../../../Engine/Content/EngineMaterials/Substrate/GLints/dict_16_192_64_0p5_0p02_0051_0010.uasset" 6020
"../../../Engine/Content/EngineMaterials/Substrate/GLints/dict_16_192_64_0p5_0p02_0051_0011.uasset" 6021
"../../../Engine/Content/EngineMaterials/Substrate/GLints/dict_16_192_64_0p5_0p02_0051_0012.uasset" 6022
"../../../Engine/Content/EngineMaterials/Substrate/GLints/dict_16_192_64_0p5_0p02_0051_0013.uasset" 6023
"../../../Engine/Content/EngineMaterials/Substrate/GLints/dict_16_192_64_0p5_0p02_0051_0014.uasset" 6024
"../../../Engine/Content/EngineMaterials/Substrate/GLints/dict_16_192_64_0p5_0p02_0051_0015.uasset" 6025
"../../../Engine/Content/EngineMaterials/Substrate/GLints/dict_16_192_64_0p5_0p02_0052_0000.uasset" 6026
"../../../Engine/Content/EngineMaterials/Substrate/GLints/dict_16_192_64_0p5_0p02_0052_0001.uasset" 6027
"../../../Engine/Content/EngineMaterials/Substrate/GLints/dict_16_192_64_0p5_0p02_0052_0002.uasset" 6028
"../../../Engine/Content/EngineMaterials/Substrate/GLints/dict_16_192_64_0p5_0p02_0052_0003.uasset" 6029
"../../../Engine/Content/EngineMaterials/Substrate/GLints/dict_16_192_64_0p5_0p02_0052_0004.uasset" 6030
"../../../Engine/Content/EngineMaterials/Substrate/GLints/dict_16_192_64_0p5_0p02_0052_0005.uasset" 6031
"../../../Engine/Content/EngineMaterials/Substrate/GLints/dict_16_192_64_0p5_0p02_0052_0006.uasset" 6032
"../../../Engine/Content/EngineMaterials/Substrate/GLints/dict_16_192_64_0p5_0p02_0052_0007.uasset" 6033
"../../../Engine/Content/EngineMaterials/Substrate/GLints/dict_16_192_64_0p5_0p02_0052_0008.uasset" 6034
"../../../Engine/Content/EngineMaterials/Substrate/GLints/dict_16_192_64_0p5_0p02_0052_0009.uasset" 6035
"../../../Engine/Content/EngineMaterials/Substrate/GLints/dict_16_192_64_0p5_0p02_0052_0010.uasset" 6036
"../../../Engine/Content/EngineMaterials/Substrate/GLints/dict_16_192_64_0p5_0p02_0052_0011.uasset" 6037
"../../../Engine/Content/EngineMaterials/Substrate/GLints/dict_16_192_64_0p5_0p02_0052_0012.uasset" 6038
"../../../Engine/Content/EngineMaterials/Substrate/GLints/dict_16_192_64_0p5_0p02_0052_0013.uasset" 6039
"../../../Engine/Content/EngineMaterials/Substrate/GLints/dict_16_192_64_0p5_0p02_0052_0014.uasset" 6040
"../../../Engine/Content/EngineMaterials/Substrate/GLints/dict_16_192_64_0p5_0p02_0052_0015.uasset" 6041
"../../../Engine/Content/EngineMaterials/Substrate/GLints/dict_16_192_64_0p5_0p02_0053_0000.uasset" 6042
"../../../Engine/Content/EngineMaterials/Substrate/GLints/dict_16_192_64_0p5_0p02_0053_0001.uasset" 6043
"../../../Engine/Content/EngineMaterials/Substrate/GLints/dict_16_192_64_0p5_0p02_0053_0002.uasset" 6044
"../../../Engine/Content/EngineMaterials/Substrate/GLints/dict_16_192_64_0p5_0p02_0053_0003.uasset" 6045
"../../../Engine/Content/EngineMaterials/Substrate/GLints/dict_16_192_64_0p5_0p02_0053_0004.uasset" 6046
"../../../Engine/Content/EngineMaterials/Substrate/GLints/dict_16_192_64_0p5_0p02_0053_0005.uasset" 6047
"../../../Engine/Content/EngineMaterials/Substrate/GLints/dict_16_192_64_0p5_0p02_0053_0006.uasset" 6048
"../../../Engine/Content/EngineMaterials/Substrate/GLints/dict_16_192_64_0p5_0p02_0053_0007.uasset" 6049
"../../../Engine/Content/EngineMaterials/Substrate/GLints/dict_16_192_64_0p5_0p02_0053_0008.uasset" 6050
"../../../Engine/Content/EngineMaterials/Substrate/GLints/dict_16_192_64_0p5_0p02_0053_0009.uasset" 6051
"../../../Engine/Content/EngineMaterials/Substrate/GLints/dict_16_192_64_0p5_0p02_0053_0010.uasset" 6052
"../../../Engine/Content/EngineMaterials/Substrate/GLints/dict_16_192_64_0p5_0p02_0053_0011.uasset" 6053
"../../../Engine/Content/EngineMaterials/Substrate/GLints/dict_16_192_64_0p5_0p02_0053_0012.uasset" 6054
"../../../Engine/Content/EngineMaterials/Substrate/GLints/dict_16_192_64_0p5_0p02_0053_0013.uasset" 6055
"../../../Engine/Content/EngineMaterials/Substrate/GLints/dict_16_192_64_0p5_0p02_0053_0014.uasset" 6056
"../../../Engine/Content/EngineMaterials/Substrate/GLints/dict_16_192_64_0p5_0p02_0053_0015.uasset" 6057
"../../../Engine/Content/EngineMaterials/Substrate/GLints/dict_16_192_64_0p5_0p02_0054_0000.uasset" 6058
"../../../Engine/Content/EngineMaterials/Substrate/GLints/dict_16_192_64_0p5_0p02_0054_0001.uasset" 6059
"../../../Engine/Content/EngineMaterials/Substrate/GLints/dict_16_192_64_0p5_0p02_0054_0002.uasset" 6060
"../../../Engine/Content/EngineMaterials/Substrate/GLints/dict_16_192_64_0p5_0p02_0054_0003.uasset" 6061
"../../../Engine/Content/EngineMaterials/Substrate/GLints/dict_16_192_64_0p5_0p02_0054_0004.uasset" 6062
"../../../Engine/Content/EngineMaterials/Substrate/GLints/dict_16_192_64_0p5_0p02_0054_0005.uasset" 6063
"../../../Engine/Content/EngineMaterials/Substrate/GLints/dict_16_192_64_0p5_0p02_0054_0006.uasset" 6064
"../../../Engine/Content/EngineMaterials/Substrate/GLints/dict_16_192_64_0p5_0p02_0054_0007.uasset" 6065
"../../../Engine/Content/EngineMaterials/Substrate/GLints/dict_16_192_64_0p5_0p02_0054_0008.uasset" 6066
"../../../Engine/Content/EngineMaterials/Substrate/GLints/dict_16_192_64_0p5_0p02_0054_0009.uasset" 6067
"../../../Engine/Content/EngineMaterials/Substrate/GLints/dict_16_192_64_0p5_0p02_0054_0010.uasset" 6068
"../../../Engine/Content/EngineMaterials/Substrate/GLints/dict_16_192_64_0p5_0p02_0054_0011.uasset" 6069
"../../../Engine/Content/EngineMaterials/Substrate/GLints/dict_16_192_64_0p5_0p02_0054_0012.uasset" 6070
"../../../Engine/Content/EngineMaterials/Substrate/GLints/dict_16_192_64_0p5_0p02_0054_0013.uasset" 6071
"../../../Engine/Content/EngineMaterials/Substrate/GLints/dict_16_192_64_0p5_0p02_0054_0014.uasset" 6072
"../../../Engine/Content/EngineMaterials/Substrate/GLints/dict_16_192_64_0p5_0p02_0054_0015.uasset" 6073
"../../../Engine/Content/EngineMaterials/Substrate/GLints/dict_16_192_64_0p5_0p02_0055_0000.uasset" 6074
"../../../Engine/Content/EngineMaterials/Substrate/GLints/dict_16_192_64_0p5_0p02_0055_0001.uasset" 6075
"../../../Engine/Content/EngineMaterials/Substrate/GLints/dict_16_192_64_0p5_0p02_0055_0002.uasset" 6076
"../../../Engine/Content/EngineMaterials/Substrate/GLints/dict_16_192_64_0p5_0p02_0055_0003.uasset" 6077
"../../../Engine/Content/EngineMaterials/Substrate/GLints/dict_16_192_64_0p5_0p02_0055_0004.uasset" 6078
"../../../Engine/Content/EngineMaterials/Substrate/GLints/dict_16_192_64_0p5_0p02_0055_0005.uasset" 6079
"../../../Engine/Content/EngineMaterials/Substrate/GLints/dict_16_192_64_0p5_0p02_0055_0006.uasset" 6080
"../../../Engine/Content/EngineMaterials/Substrate/GLints/dict_16_192_64_0p5_0p02_0055_0007.uasset" 6081
"../../../Engine/Content/EngineMaterials/Substrate/GLints/dict_16_192_64_0p5_0p02_0055_0008.uasset" 6082
"../../../Engine/Content/EngineMaterials/Substrate/GLints/dict_16_192_64_0p5_0p02_0055_0009.uasset" 6083
"../../../Engine/Content/EngineMaterials/Substrate/GLints/dict_16_192_64_0p5_0p02_0055_0010.uasset" 6084
"../../../Engine/Content/EngineMaterials/Substrate/GLints/dict_16_192_64_0p5_0p02_0055_0011.uasset" 6085
"../../../Engine/Content/EngineMaterials/Substrate/GLints/dict_16_192_64_0p5_0p02_0055_0012.uasset" 6086
"../../../Engine/Content/EngineMaterials/Substrate/GLints/dict_16_192_64_0p5_0p02_0055_0013.uasset" 6087
"../../../Engine/Content/EngineMaterials/Substrate/GLints/dict_16_192_64_0p5_0p02_0055_0014.uasset" 6088
"../../../Engine/Content/EngineMaterials/Substrate/GLints/dict_16_192_64_0p5_0p02_0055_0015.uasset" 6089
"../../../Engine/Content/EngineMaterials/Substrate/GLints/dict_16_192_64_0p5_0p02_0056_0000.uasset" 6090
"../../../Engine/Content/EngineMaterials/Substrate/GLints/dict_16_192_64_0p5_0p02_0056_0001.uasset" 6091
"../../../Engine/Content/EngineMaterials/Substrate/GLints/dict_16_192_64_0p5_0p02_0056_0002.uasset" 6092
"../../../Engine/Content/EngineMaterials/Substrate/GLints/dict_16_192_64_0p5_0p02_0056_0003.uasset" 6093
"../../../Engine/Content/EngineMaterials/Substrate/GLints/dict_16_192_64_0p5_0p02_0056_0004.uasset" 6094
"../../../Engine/Content/EngineMaterials/Substrate/GLints/dict_16_192_64_0p5_0p02_0056_0005.uasset" 6095
"../../../Engine/Content/EngineMaterials/Substrate/GLints/dict_16_192_64_0p5_0p02_0056_0006.uasset" 6096
"../../../Engine/Content/EngineMaterials/Substrate/GLints/dict_16_192_64_0p5_0p02_0056_0007.uasset" 6097
"../../../Engine/Content/EngineMaterials/Substrate/GLints/dict_16_192_64_0p5_0p02_0056_0008.uasset" 6098
"../../../Engine/Content/EngineMaterials/Substrate/GLints/dict_16_192_64_0p5_0p02_0056_0009.uasset" 6099
"../../../Engine/Content/EngineMaterials/Substrate/GLints/dict_16_192_64_0p5_0p02_0056_0010.uasset" 6100
"../../../Engine/Content/EngineMaterials/Substrate/GLints/dict_16_192_64_0p5_0p02_0056_0011.uasset" 6101
"../../../Engine/Content/EngineMaterials/Substrate/GLints/dict_16_192_64_0p5_0p02_0056_0012.uasset" 6102
"../../../Engine/Content/EngineMaterials/Substrate/GLints/dict_16_192_64_0p5_0p02_0056_0013.uasset" 6103
"../../../Engine/Content/EngineMaterials/Substrate/GLints/dict_16_192_64_0p5_0p02_0056_0014.uasset" 6104
"../../../Engine/Content/EngineMaterials/Substrate/GLints/dict_16_192_64_0p5_0p02_0056_0015.uasset" 6105
"../../../Engine/Content/EngineMaterials/Substrate/GLints/dict_16_192_64_0p5_0p02_0057_0000.uasset" 6106
"../../../Engine/Content/EngineMaterials/Substrate/GLints/dict_16_192_64_0p5_0p02_0057_0001.uasset" 6107
"../../../Engine/Content/EngineMaterials/Substrate/GLints/dict_16_192_64_0p5_0p02_0057_0002.uasset" 6108
"../../../Engine/Content/EngineMaterials/Substrate/GLints/dict_16_192_64_0p5_0p02_0057_0003.uasset" 6109
"../../../Engine/Content/EngineMaterials/Substrate/GLints/dict_16_192_64_0p5_0p02_0057_0004.uasset" 6110
"../../../Engine/Content/EngineMaterials/Substrate/GLints/dict_16_192_64_0p5_0p02_0057_0005.uasset" 6111
"../../../Engine/Content/EngineMaterials/Substrate/GLints/dict_16_192_64_0p5_0p02_0057_0006.uasset" 6112
"../../../Engine/Content/EngineMaterials/Substrate/GLints/dict_16_192_64_0p5_0p02_0057_0007.uasset" 6113
"../../../Engine/Content/EngineMaterials/Substrate/GLints/dict_16_192_64_0p5_0p02_0057_0008.uasset" 6114
"../../../Engine/Content/EngineMaterials/Substrate/GLints/dict_16_192_64_0p5_0p02_0057_0009.uasset" 6115
"../../../Engine/Content/EngineMaterials/Substrate/GLints/dict_16_192_64_0p5_0p02_0057_0010.uasset" 6116
"../../../Engine/Content/EngineMaterials/Substrate/GLints/dict_16_192_64_0p5_0p02_0057_0011.uasset" 6117
"../../../Engine/Content/EngineMaterials/Substrate/GLints/dict_16_192_64_0p5_0p02_0057_0012.uasset" 6118
"../../../Engine/Content/EngineMaterials/Substrate/GLints/dict_16_192_64_0p5_0p02_0057_0013.uasset" 6119
"../../../Engine/Content/EngineMaterials/Substrate/GLints/dict_16_192_64_0p5_0p02_0057_0014.uasset" 6120
"../../../Engine/Content/EngineMaterials/Substrate/GLints/dict_16_192_64_0p5_0p02_0057_0015.uasset" 6121
"../../../Engine/Content/EngineMaterials/Substrate/GLints/dict_16_192_64_0p5_0p02_0058_0000.uasset" 6122
"../../../Engine/Content/EngineMaterials/Substrate/GLints/dict_16_192_64_0p5_0p02_0058_0001.uasset" 6123
"../../../Engine/Content/EngineMaterials/Substrate/GLints/dict_16_192_64_0p5_0p02_0058_0002.uasset" 6124
"../../../Engine/Content/EngineMaterials/Substrate/GLints/dict_16_192_64_0p5_0p02_0058_0003.uasset" 6125
"../../../Engine/Content/EngineMaterials/Substrate/GLints/dict_16_192_64_0p5_0p02_0058_0004.uasset" 6126
"../../../Engine/Content/EngineMaterials/Substrate/GLints/dict_16_192_64_0p5_0p02_0058_0005.uasset" 6127
"../../../Engine/Content/EngineMaterials/Substrate/GLints/dict_16_192_64_0p5_0p02_0058_0006.uasset" 6128
"../../../Engine/Content/EngineMaterials/Substrate/GLints/dict_16_192_64_0p5_0p02_0058_0007.uasset" 6129
"../../../Engine/Content/EngineMaterials/Substrate/GLints/dict_16_192_64_0p5_0p02_0058_0008.uasset" 6130
"../../../Engine/Content/EngineMaterials/Substrate/GLints/dict_16_192_64_0p5_0p02_0058_0009.uasset" 6131
"../../../Engine/Content/EngineMaterials/Substrate/GLints/dict_16_192_64_0p5_0p02_0058_0010.uasset" 6132
"../../../Engine/Content/EngineMaterials/Substrate/GLints/dict_16_192_64_0p5_0p02_0058_0011.uasset" 6133
"../../../Engine/Content/EngineMaterials/Substrate/GLints/dict_16_192_64_0p5_0p02_0058_0012.uasset" 6134
"../../../Engine/Content/EngineMaterials/Substrate/GLints/dict_16_192_64_0p5_0p02_0058_0013.uasset" 6135
"../../../Engine/Content/EngineMaterials/Substrate/GLints/dict_16_192_64_0p5_0p02_0058_0014.uasset" 6136
"../../../Engine/Content/EngineMaterials/Substrate/GLints/dict_16_192_64_0p5_0p02_0058_0015.uasset" 6137
"../../../Engine/Content/EngineMaterials/Substrate/GLints/dict_16_192_64_0p5_0p02_0059_0000.uasset" 6138
"../../../Engine/Content/EngineMaterials/Substrate/GLints/dict_16_192_64_0p5_0p02_0059_0001.uasset" 6139
"../../../Engine/Content/EngineMaterials/Substrate/GLints/dict_16_192_64_0p5_0p02_0059_0002.uasset" 6140
"../../../Engine/Content/EngineMaterials/Substrate/GLints/dict_16_192_64_0p5_0p02_0059_0003.uasset" 6141
"../../../Engine/Content/EngineMaterials/Substrate/GLints/dict_16_192_64_0p5_0p02_0059_0004.uasset" 6142
"../../../Engine/Content/EngineMaterials/Substrate/GLints/dict_16_192_64_0p5_0p02_0059_0005.uasset" 6143
"../../../Engine/Content/EngineMaterials/Substrate/GLints/dict_16_192_64_0p5_0p02_0059_0006.uasset" 6144
"../../../Engine/Content/EngineMaterials/Substrate/GLints/dict_16_192_64_0p5_0p02_0059_0007.uasset" 6145
"../../../Engine/Content/EngineMaterials/Substrate/GLints/dict_16_192_64_0p5_0p02_0059_0008.uasset" 6146
"../../../Engine/Content/EngineMaterials/Substrate/GLints/dict_16_192_64_0p5_0p02_0059_0009.uasset" 6147
"../../../Engine/Content/EngineMaterials/Substrate/GLints/dict_16_192_64_0p5_0p02_0059_0010.uasset" 6148
"../../../Engine/Content/EngineMaterials/Substrate/GLints/dict_16_192_64_0p5_0p02_0059_0011.uasset" 6149
"../../../Engine/Content/EngineMaterials/Substrate/GLints/dict_16_192_64_0p5_0p02_0059_0012.uasset" 6150
"../../../Engine/Content/EngineMaterials/Substrate/GLints/dict_16_192_64_0p5_0p02_0059_0013.uasset" 6151
"../../../Engine/Content/EngineMaterials/Substrate/GLints/dict_16_192_64_0p5_0p02_0059_0014.uasset" 6152
"../../../Engine/Content/EngineMaterials/Substrate/GLints/dict_16_192_64_0p5_0p02_0059_0015.uasset" 6153
"../../../Engine/Content/EngineMaterials/Substrate/GLints/dict_16_192_64_0p5_0p02_0060_0000.uasset" 6154
"../../../Engine/Content/EngineMaterials/Substrate/GLints/dict_16_192_64_0p5_0p02_0060_0001.uasset" 6155
"../../../Engine/Content/EngineMaterials/Substrate/GLints/dict_16_192_64_0p5_0p02_0060_0002.uasset" 6156
"../../../Engine/Content/EngineMaterials/Substrate/GLints/dict_16_192_64_0p5_0p02_0060_0003.uasset" 6157
"../../../Engine/Content/EngineMaterials/Substrate/GLints/dict_16_192_64_0p5_0p02_0060_0004.uasset" 6158
"../../../Engine/Content/EngineMaterials/Substrate/GLints/dict_16_192_64_0p5_0p02_0060_0005.uasset" 6159
"../../../Engine/Content/EngineMaterials/Substrate/GLints/dict_16_192_64_0p5_0p02_0060_0006.uasset" 6160
"../../../Engine/Content/EngineMaterials/Substrate/GLints/dict_16_192_64_0p5_0p02_0060_0007.uasset" 6161
"../../../Engine/Content/EngineMaterials/Substrate/GLints/dict_16_192_64_0p5_0p02_0060_0008.uasset" 6162
"../../../Engine/Content/EngineMaterials/Substrate/GLints/dict_16_192_64_0p5_0p02_0060_0009.uasset" 6163
"../../../Engine/Content/EngineMaterials/Substrate/GLints/dict_16_192_64_0p5_0p02_0060_0010.uasset" 6164
"../../../Engine/Content/EngineMaterials/Substrate/GLints/dict_16_192_64_0p5_0p02_0060_0011.uasset" 6165
"../../../Engine/Content/EngineMaterials/Substrate/GLints/dict_16_192_64_0p5_0p02_0060_0012.uasset" 6166
"../../../Engine/Content/EngineMaterials/Substrate/GLints/dict_16_192_64_0p5_0p02_0060_0013.uasset" 6167
"../../../Engine/Content/EngineMaterials/Substrate/GLints/dict_16_192_64_0p5_0p02_0060_0014.uasset" 6168
"../../../Engine/Content/EngineMaterials/Substrate/GLints/dict_16_192_64_0p5_0p02_0060_0015.uasset" 6169
"../../../Engine/Content/EngineMaterials/Substrate/GLints/dict_16_192_64_0p5_0p02_0061_0000.uasset" 6170
"../../../Engine/Content/EngineMaterials/Substrate/GLints/dict_16_192_64_0p5_0p02_0061_0001.uasset" 6171
"../../../Engine/Content/EngineMaterials/Substrate/GLints/dict_16_192_64_0p5_0p02_0061_0002.uasset" 6172
"../../../Engine/Content/EngineMaterials/Substrate/GLints/dict_16_192_64_0p5_0p02_0061_0003.uasset" 6173
"../../../Engine/Content/EngineMaterials/Substrate/GLints/dict_16_192_64_0p5_0p02_0061_0004.uasset" 6174
"../../../Engine/Content/EngineMaterials/Substrate/GLints/dict_16_192_64_0p5_0p02_0061_0005.uasset" 6175
"../../../Engine/Content/EngineMaterials/Substrate/GLints/dict_16_192_64_0p5_0p02_0061_0006.uasset" 6176
"../../../Engine/Content/EngineMaterials/Substrate/GLints/dict_16_192_64_0p5_0p02_0061_0007.uasset" 6177
"../../../Engine/Content/EngineMaterials/Substrate/GLints/dict_16_192_64_0p5_0p02_0061_0008.uasset" 6178
"../../../Engine/Content/EngineMaterials/Substrate/GLints/dict_16_192_64_0p5_0p02_0061_0009.uasset" 6179
"../../../Engine/Content/EngineMaterials/Substrate/GLints/dict_16_192_64_0p5_0p02_0061_0010.uasset" 6180
"../../../Engine/Content/EngineMaterials/Substrate/GLints/dict_16_192_64_0p5_0p02_0061_0011.uasset" 6181
"../../../Engine/Content/EngineMaterials/Substrate/GLints/dict_16_192_64_0p5_0p02_0061_0012.uasset" 6182
"../../../Engine/Content/EngineMaterials/Substrate/GLints/dict_16_192_64_0p5_0p02_0061_0013.uasset" 6183
"../../../Engine/Content/EngineMaterials/Substrate/GLints/dict_16_192_64_0p5_0p02_0061_0014.uasset" 6184
"../../../Engine/Content/EngineMaterials/Substrate/GLints/dict_16_192_64_0p5_0p02_0061_0015.uasset" 6185
"../../../Engine/Content/EngineMaterials/Substrate/GLints/dict_16_192_64_0p5_0p02_0062_0000.uasset" 6186
"../../../Engine/Content/EngineMaterials/Substrate/GLints/dict_16_192_64_0p5_0p02_0062_0001.uasset" 6187
"../../../Engine/Content/EngineMaterials/Substrate/GLints/dict_16_192_64_0p5_0p02_0062_0002.uasset" 6188
"../../../Engine/Content/EngineMaterials/Substrate/GLints/dict_16_192_64_0p5_0p02_0062_0003.uasset" 6189
"../../../Engine/Content/EngineMaterials/Substrate/GLints/dict_16_192_64_0p5_0p02_0062_0004.uasset" 6190
"../../../Engine/Content/EngineMaterials/Substrate/GLints/dict_16_192_64_0p5_0p02_0062_0005.uasset" 6191
"../../../Engine/Content/EngineMaterials/Substrate/GLints/dict_16_192_64_0p5_0p02_0062_0006.uasset" 6192
"../../../Engine/Content/EngineMaterials/Substrate/GLints/dict_16_192_64_0p5_0p02_0062_0007.uasset" 6193
"../../../Engine/Content/EngineMaterials/Substrate/GLints/dict_16_192_64_0p5_0p02_0062_0008.uasset" 6194
"../../../Engine/Content/EngineMaterials/Substrate/GLints/dict_16_192_64_0p5_0p02_0062_0009.uasset" 6195
"../../../Engine/Content/EngineMaterials/Substrate/GLints/dict_16_192_64_0p5_0p02_0062_0010.uasset" 6196
"../../../Engine/Content/EngineMaterials/Substrate/GLints/dict_16_192_64_0p5_0p02_0062_0011.uasset" 6197
"../../../Engine/Content/EngineMaterials/Substrate/GLints/dict_16_192_64_0p5_0p02_0062_0012.uasset" 6198
"../../../Engine/Content/EngineMaterials/Substrate/GLints/dict_16_192_64_0p5_0p02_0062_0013.uasset" 6199
"../../../Engine/Content/EngineMaterials/Substrate/GLints/dict_16_192_64_0p5_0p02_0062_0014.uasset" 6200
"../../../Engine/Content/EngineMaterials/Substrate/GLints/dict_16_192_64_0p5_0p02_0062_0015.uasset" 6201
"../../../Engine/Content/EngineMaterials/Substrate/GLints/dict_16_192_64_0p5_0p02_0063_0000.uasset" 6202
"../../../Engine/Content/EngineMaterials/Substrate/GLints/dict_16_192_64_0p5_0p02_0063_0001.uasset" 6203
"../../../Engine/Content/EngineMaterials/Substrate/GLints/dict_16_192_64_0p5_0p02_0063_0002.uasset" 6204
"../../../Engine/Content/EngineMaterials/Substrate/GLints/dict_16_192_64_0p5_0p02_0063_0003.uasset" 6205
"../../../Engine/Content/EngineMaterials/Substrate/GLints/dict_16_192_64_0p5_0p02_0063_0004.uasset" 6206
"../../../Engine/Content/EngineMaterials/Substrate/GLints/dict_16_192_64_0p5_0p02_0063_0005.uasset" 6207
"../../../Engine/Content/EngineMaterials/Substrate/GLints/dict_16_192_64_0p5_0p02_0063_0006.uasset" 6208
"../../../Engine/Content/EngineMaterials/Substrate/GLints/dict_16_192_64_0p5_0p02_0063_0007.uasset" 6209
"../../../Engine/Content/EngineMaterials/Substrate/GLints/dict_16_192_64_0p5_0p02_0063_0008.uasset" 6210
"../../../Engine/Content/EngineMaterials/Substrate/GLints/dict_16_192_64_0p5_0p02_0063_0009.uasset" 6211
"../../../Engine/Content/EngineMaterials/Substrate/GLints/dict_16_192_64_0p5_0p02_0063_0010.uasset" 6212
"../../../Engine/Content/EngineMaterials/Substrate/GLints/dict_16_192_64_0p5_0p02_0063_0011.uasset" 6213
"../../../Engine/Content/EngineMaterials/Substrate/GLints/dict_16_192_64_0p5_0p02_0063_0012.uasset" 6214
"../../../Engine/Content/EngineMaterials/Substrate/GLints/dict_16_192_64_0p5_0p02_0063_0013.uasset" 6215
"../../../Engine/Content/EngineMaterials/Substrate/GLints/dict_16_192_64_0p5_0p02_0063_0014.uasset" 6216
"../../../Engine/Content/EngineMaterials/Substrate/GLints/dict_16_192_64_0p5_0p02_0063_0015.uasset" 6217
"/Engine/EngineMaterials/Substrate/Glints2/AGlintTex2dArray2" 6218
"../../../Engine/Content/EngineMaterials/Substrate/Glints2/AGlintTex2dArray2.uasset" 6219
"../../../Engine/Content/EngineMaterials/Substrate/Glints2/dict_0000_0000.uasset" 6220
"../../../Engine/Content/EngineMaterials/Substrate/Glints2/dict_0000_0001.uasset" 6221
"../../../Engine/Content/EngineMaterials/Substrate/Glints2/dict_0000_0002.uasset" 6222
"../../../Engine/Content/EngineMaterials/Substrate/Glints2/dict_0000_0003.uasset" 6223
"../../../Engine/Content/EngineMaterials/Substrate/Glints2/dict_0000_0004.uasset" 6224
"../../../Engine/Content/EngineMaterials/Substrate/Glints2/dict_0000_0005.uasset" 6225
"../../../Engine/Content/EngineMaterials/Substrate/Glints2/dict_0000_0006.uasset" 6226
"../../../Engine/Content/EngineMaterials/Substrate/Glints2/dict_0000_0007.uasset" 6227
"../../../Engine/Content/EngineMaterials/Substrate/Glints2/dict_0000_0008.uasset" 6228
"../../../Engine/Content/EngineMaterials/Substrate/Glints2/dict_0000_0009.uasset" 6229
"../../../Engine/Content/EngineMaterials/Substrate/Glints2/dict_0000_0010.uasset" 6230
"../../../Engine/Content/EngineMaterials/Substrate/Glints2/dict_0000_0011.uasset" 6231
"../../../Engine/Content/EngineMaterials/Substrate/Glints2/dict_0000_0012.uasset" 6232
"../../../Engine/Content/EngineMaterials/Substrate/Glints2/dict_0000_0013.uasset" 6233
"../../../Engine/Content/EngineMaterials/Substrate/Glints2/dict_0000_0014.uasset" 6234
"../../../Engine/Content/EngineMaterials/Substrate/Glints2/dict_0000_0015.uasset" 6235
"../../../Engine/Content/EngineMaterials/Substrate/Glints2/dict_0000_0016.uasset" 6236
"../../../Engine/Content/EngineMaterials/Substrate/Glints2/dict_0000_0017.uasset" 6237
"../../../Engine/Content/EngineMaterials/Substrate/Glints2/dict_0000_0018.uasset" 6238
"../../../Engine/Content/EngineMaterials/Substrate/Glints2/dict_0000_0019.uasset" 6239
"../../../Engine/Content/EngineMaterials/Substrate/Glints2/dict_0000_0020.uasset" 6240
"../../../Engine/Content/EngineMaterials/Substrate/Glints2/dict_0000_0021.uasset" 6241
"../../../Engine/Content/EngineMaterials/Substrate/Glints2/dict_0000_0022.uasset" 6242
"../../../Engine/Content/EngineMaterials/Substrate/Glints2/dict_0000_0023.uasset" 6243
"../../../Engine/Content/EngineMaterials/Substrate/Glints2/dict_0000_0024.uasset" 6244
"../../../Engine/Content/EngineMaterials/Substrate/Glints2/dict_0000_0025.uasset" 6245
"../../../Engine/Content/EngineMaterials/Substrate/Glints2/dict_0000_0026.uasset" 6246
"../../../Engine/Content/EngineMaterials/Substrate/Glints2/dict_0000_0027.uasset" 6247
"../../../Engine/Content/EngineMaterials/Substrate/Glints2/dict_0000_0028.uasset" 6248
"../../../Engine/Content/EngineMaterials/Substrate/Glints2/dict_0000_0029.uasset" 6249
"../../../Engine/Content/EngineMaterials/Substrate/Glints2/dict_0000_0030.uasset" 6250
"../../../Engine/Content/EngineMaterials/Substrate/Glints2/dict_0000_0031.uasset" 6251
"../../../Engine/Content/EngineMaterials/Substrate/Glints2/dict_0000_0032.uasset" 6252
"../../../Engine/Content/EngineMaterials/Substrate/Glints2/dict_0000_0033.uasset" 6253
"../../../Engine/Content/EngineMaterials/Substrate/Glints2/dict_0000_0034.uasset" 6254
"../../../Engine/Content/EngineMaterials/Substrate/Glints2/dict_0000_0035.uasset" 6255
"../../../Engine/Content/EngineMaterials/Substrate/Glints2/dict_0000_0036.uasset" 6256
"../../../Engine/Content/EngineMaterials/Substrate/Glints2/dict_0000_0037.uasset" 6257
"../../../Engine/Content/EngineMaterials/Substrate/Glints2/dict_0000_0038.uasset" 6258
"../../../Engine/Content/EngineMaterials/Substrate/Glints2/dict_0000_0039.uasset" 6259
"../../../Engine/Content/EngineMaterials/Substrate/Glints2/dict_0000_0040.uasset" 6260
"../../../Engine/Content/EngineMaterials/Substrate/Glints2/dict_0000_0041.uasset" 6261
"../../../Engine/Content/EngineMaterials/Substrate/Glints2/dict_0000_0042.uasset" 6262
"../../../Engine/Content/EngineMaterials/Substrate/Glints2/dict_0000_0043.uasset" 6263
"../../../Engine/Content/EngineMaterials/Substrate/Glints2/dict_0000_0044.uasset" 6264
"../../../Engine/Content/EngineMaterials/Substrate/Glints2/dict_0000_0045.uasset" 6265
"../../../Engine/Content/EngineMaterials/Substrate/Glints2/dict_0000_0046.uasset" 6266
"../../../Engine/Content/EngineMaterials/Substrate/Glints2/dict_0000_0047.uasset" 6267
"../../../Engine/Content/EngineMaterials/Substrate/Glints2/dict_0000_0048.uasset" 6268
"../../../Engine/Content/EngineMaterials/Substrate/Glints2/dict_0000_0049.uasset" 6269
"../../../Engine/Content/EngineMaterials/Substrate/Glints2/dict_0000_0050.uasset" 6270
"../../../Engine/Content/EngineMaterials/Substrate/Glints2/dict_0000_0051.uasset" 6271
"../../../Engine/Content/EngineMaterials/Substrate/Glints2/dict_0000_0052.uasset" 6272
"../../../Engine/Content/EngineMaterials/Substrate/Glints2/dict_0000_0053.uasset" 6273
"../../../Engine/Content/EngineMaterials/Substrate/Glints2/dict_0000_0054.uasset" 6274
"../../../Engine/Content/EngineMaterials/Substrate/Glints2/dict_0000_0055.uasset" 6275
"../../../Engine/Content/EngineMaterials/Substrate/Glints2/dict_0000_0056.uasset" 6276
"../../../Engine/Content/EngineMaterials/Substrate/Glints2/dict_0000_0057.uasset" 6277
"../../../Engine/Content/EngineMaterials/Substrate/Glints2/dict_0000_0058.uasset" 6278
"../../../Engine/Content/EngineMaterials/Substrate/Glints2/dict_0000_0059.uasset" 6279
"../../../Engine/Content/EngineMaterials/Substrate/Glints2/dict_0000_0060.uasset" 6280
"../../../Engine/Content/EngineMaterials/Substrate/Glints2/dict_0000_0061.uasset" 6281
"../../../Engine/Content/EngineMaterials/Substrate/Glints2/dict_0000_0062.uasset" 6282
"../../../Engine/Content/EngineMaterials/Substrate/Glints2/dict_0000_0063.uasset" 6283
"../../../Engine/Content/EngineMaterials/Substrate/Glints2/dict_0000_0064.uasset" 6284
"../../../Engine/Content/EngineMaterials/Substrate/Glints2/dict_0000_0065.uasset" 6285
"../../../Engine/Content/EngineMaterials/Substrate/Glints2/dict_0000_0066.uasset" 6286
"../../../Engine/Content/EngineMaterials/Substrate/Glints2/dict_0000_0067.uasset" 6287
"../../../Engine/Content/EngineMaterials/Substrate/Glints2/dict_0000_0068.uasset" 6288
"../../../Engine/Content/EngineMaterials/Substrate/Glints2/dict_0000_0069.uasset" 6289
"../../../Engine/Content/EngineMaterials/Substrate/Glints2/dict_0000_0070.uasset" 6290
"../../../Engine/Content/EngineMaterials/Substrate/Glints2/dict_0000_0071.uasset" 6291
"../../../Engine/Content/EngineMaterials/Substrate/Glints2/dict_0000_0072.uasset" 6292
"../../../Engine/Content/EngineMaterials/Substrate/Glints2/dict_0000_0073.uasset" 6293
"../../../Engine/Content/EngineMaterials/Substrate/Glints2/dict_0000_0074.uasset" 6294
"../../../Engine/Content/EngineMaterials/Substrate/Glints2/dict_0000_0075.uasset" 6295
"../../../Engine/Content/EngineMaterials/Substrate/Glints2/dict_0000_0076.uasset" 6296
"../../../Engine/Content/EngineMaterials/Substrate/Glints2/dict_0000_0077.uasset" 6297
"../../../Engine/Content/EngineMaterials/Substrate/Glints2/dict_0000_0078.uasset" 6298
"../../../Engine/Content/EngineMaterials/Substrate/Glints2/dict_0000_0079.uasset" 6299
"../../../Engine/Content/EngineMaterials/Substrate/Glints2/dict_0000_0080.uasset" 6300
"../../../Engine/Content/EngineMaterials/Substrate/Glints2/dict_0000_0081.uasset" 6301
"../../../Engine/Content/EngineMaterials/Substrate/Glints2/dict_0000_0082.uasset" 6302
"../../../Engine/Content/EngineMaterials/Substrate/Glints2/dict_0000_0083.uasset" 6303
"../../../Engine/Content/EngineMaterials/Substrate/Glints2/dict_0000_0084.uasset" 6304
"../../../Engine/Content/EngineMaterials/Substrate/Glints2/dict_0000_0085.uasset" 6305
"../../../Engine/Content/EngineMaterials/Substrate/Glints2/dict_0000_0086.uasset" 6306
"../../../Engine/Content/EngineMaterials/Substrate/Glints2/dict_0000_0087.uasset" 6307
"../../../Engine/Content/EngineMaterials/Substrate/Glints2/dict_0000_0088.uasset" 6308
"../../../Engine/Content/EngineMaterials/Substrate/Glints2/dict_0000_0089.uasset" 6309
"../../../Engine/Content/EngineMaterials/Substrate/Glints2/dict_0000_0090.uasset" 6310
"../../../Engine/Content/EngineMaterials/Substrate/Glints2/dict_0000_0091.uasset" 6311
"../../../Engine/Content/EngineMaterials/Substrate/Glints2/dict_0000_0092.uasset" 6312
"../../../Engine/Content/EngineMaterials/Substrate/Glints2/dict_0000_0093.uasset" 6313
"../../../Engine/Content/EngineMaterials/Substrate/Glints2/dict_0000_0094.uasset" 6314
"../../../Engine/Content/EngineMaterials/Substrate/Glints2/dict_0000_0095.uasset" 6315
"../../../Engine/Content/EngineMaterials/Substrate/Glints2/dict_0000_0096.uasset" 6316
"../../../Engine/Content/EngineMaterials/Substrate/Glints2/dict_0000_0097.uasset" 6317
"../../../Engine/Content/EngineMaterials/Substrate/Glints2/dict_0000_0098.uasset" 6318
"../../../Engine/Content/EngineMaterials/Substrate/Glints2/dict_0000_0099.uasset" 6319
"../../../Engine/Content/EngineMaterials/Substrate/Glints2/dict_0000_0100.uasset" 6320
"../../../Engine/Content/EngineMaterials/Substrate/Glints2/dict_0000_0101.uasset" 6321
"../../../Engine/Content/EngineMaterials/Substrate/Glints2/dict_0000_0102.uasset" 6322
"../../../Engine/Content/EngineMaterials/Substrate/Glints2/dict_0000_0103.uasset" 6323
"../../../Engine/Content/EngineMaterials/Substrate/Glints2/dict_0000_0104.uasset" 6324
"../../../Engine/Content/EngineMaterials/Substrate/Glints2/dict_0000_0105.uasset" 6325
"../../../Engine/Content/EngineMaterials/Substrate/Glints2/dict_0000_0106.uasset" 6326
"../../../Engine/Content/EngineMaterials/Substrate/Glints2/dict_0000_0107.uasset" 6327
"../../../Engine/Content/EngineMaterials/Substrate/Glints2/dict_0000_0108.uasset" 6328
"../../../Engine/Content/EngineMaterials/Substrate/Glints2/dict_0000_0109.uasset" 6329
"../../../Engine/Content/EngineMaterials/Substrate/Glints2/dict_0000_0110.uasset" 6330
"../../../Engine/Content/EngineMaterials/Substrate/Glints2/dict_0000_0111.uasset" 6331
"../../../Engine/Content/EngineMaterials/Substrate/Glints2/dict_0000_0112.uasset" 6332
"../../../Engine/Content/EngineMaterials/Substrate/Glints2/dict_0000_0113.uasset" 6333
"../../../Engine/Content/EngineMaterials/Substrate/Glints2/dict_0000_0114.uasset" 6334
"../../../Engine/Content/EngineMaterials/Substrate/Glints2/dict_0000_0115.uasset" 6335
"../../../Engine/Content/EngineMaterials/Substrate/Glints2/dict_0000_0116.uasset" 6336
"../../../Engine/Content/EngineMaterials/Substrate/Glints2/dict_0000_0117.uasset" 6337
"../../../Engine/Content/EngineMaterials/Substrate/Glints2/dict_0000_0118.uasset" 6338
"../../../Engine/Content/EngineMaterials/Substrate/Glints2/dict_0000_0119.uasset" 6339
"../../../Engine/Content/EngineMaterials/Substrate/Glints2/dict_0000_0120.uasset" 6340
"../../../Engine/Content/EngineMaterials/Substrate/Glints2/dict_0000_0121.uasset" 6341
"../../../Engine/Content/EngineMaterials/Substrate/Glints2/dict_0000_0122.uasset" 6342
"../../../Engine/Content/EngineMaterials/Substrate/Glints2/dict_0000_0123.uasset" 6343
"../../../Engine/Content/EngineMaterials/Substrate/Glints2/dict_0000_0124.uasset" 6344
"../../../Engine/Content/EngineMaterials/Substrate/Glints2/dict_0000_0125.uasset" 6345
"../../../Engine/Content/EngineMaterials/Substrate/Glints2/dict_0000_0126.uasset" 6346
"../../../Engine/Content/EngineMaterials/Substrate/Glints2/dict_0000_0127.uasset" 6347
"../../../Engine/Content/EngineMaterials/Substrate/Glints2/dict_0000_0128.uasset" 6348
"../../../Engine/Content/EngineMaterials/Substrate/Glints2/dict_0000_0129.uasset" 6349
"../../../Engine/Content/EngineMaterials/Substrate/Glints2/dict_0000_0130.uasset" 6350
"../../../Engine/Content/EngineMaterials/Substrate/Glints2/dict_0000_0131.uasset" 6351
"../../../Engine/Content/EngineMaterials/Substrate/Glints2/dict_0000_0132.uasset" 6352
"../../../Engine/Content/EngineMaterials/Substrate/Glints2/dict_0000_0133.uasset" 6353
"../../../Engine/Content/EngineMaterials/Substrate/Glints2/dict_0000_0134.uasset" 6354
"../../../Engine/Content/EngineMaterials/Substrate/Glints2/dict_0000_0135.uasset" 6355
"../../../Engine/Content/EngineMaterials/Substrate/Glints2/dict_0000_0136.uasset" 6356
"../../../Engine/Content/EngineMaterials/Substrate/Glints2/dict_0000_0137.uasset" 6357
"../../../Engine/Content/EngineMaterials/Substrate/Glints2/dict_0000_0138.uasset" 6358
"../../../Engine/Content/EngineMaterials/Substrate/Glints2/dict_0000_0139.uasset" 6359
"../../../Engine/Content/EngineMaterials/Substrate/Glints2/dict_0000_0140.uasset" 6360
"../../../Engine/Content/EngineMaterials/Substrate/Glints2/dict_0000_0141.uasset" 6361
"../../../Engine/Content/EngineMaterials/Substrate/Glints2/dict_0000_0142.uasset" 6362
"../../../Engine/Content/EngineMaterials/Substrate/Glints2/dict_0000_0143.uasset" 6363
"../../../Engine/Content/EngineMaterials/Substrate/Glints2/dict_0000_0144.uasset" 6364
"../../../Engine/Content/EngineMaterials/Substrate/Glints2/dict_0000_0145.uasset" 6365
"../../../Engine/Content/EngineMaterials/Substrate/Glints2/dict_0000_0146.uasset" 6366
"../../../Engine/Content/EngineMaterials/Substrate/Glints2/dict_0000_0147.uasset" 6367
"../../../Engine/Content/EngineMaterials/Substrate/Glints2/dict_0000_0148.uasset" 6368
"../../../Engine/Content/EngineMaterials/Substrate/Glints2/dict_0000_0149.uasset" 6369
"../../../Engine/Content/EngineMaterials/Substrate/Glints2/dict_0000_0150.uasset" 6370
"../../../Engine/Content/EngineMaterials/Substrate/Glints2/dict_0000_0151.uasset" 6371
"../../../Engine/Content/EngineMaterials/Substrate/Glints2/dict_0000_0152.uasset" 6372
"../../../Engine/Content/EngineMaterials/Substrate/Glints2/dict_0000_0153.uasset" 6373
"../../../Engine/Content/EngineMaterials/Substrate/Glints2/dict_0000_0154.uasset" 6374
"../../../Engine/Content/EngineMaterials/Substrate/Glints2/dict_0000_0155.uasset" 6375
"../../../Engine/Content/EngineMaterials/Substrate/Glints2/dict_0000_0156.uasset" 6376
"../../../Engine/Content/EngineMaterials/Substrate/Glints2/dict_0000_0157.uasset" 6377
"../../../Engine/Content/EngineMaterials/Substrate/Glints2/dict_0000_0158.uasset" 6378
"../../../Engine/Content/EngineMaterials/Substrate/Glints2/dict_0000_0159.uasset" 6379
"../../../Engine/Content/EngineMaterials/Substrate/Glints2/dict_0000_0160.uasset" 6380
"../../../Engine/Content/EngineMaterials/Substrate/Glints2/dict_0000_0161.uasset" 6381
"../../../Engine/Content/EngineMaterials/Substrate/Glints2/dict_0000_0162.uasset" 6382
"../../../Engine/Content/EngineMaterials/Substrate/Glints2/dict_0000_0163.uasset" 6383
"../../../Engine/Content/EngineMaterials/Substrate/Glints2/dict_0000_0164.uasset" 6384
"../../../Engine/Content/EngineMaterials/Substrate/Glints2/dict_0000_0165.uasset" 6385
"../../../Engine/Content/EngineMaterials/Substrate/Glints2/dict_0000_0166.uasset" 6386
"../../../Engine/Content/EngineMaterials/Substrate/Glints2/dict_0000_0167.uasset" 6387
"../../../Engine/Content/EngineMaterials/Substrate/Glints2/dict_0000_0168.uasset" 6388
"../../../Engine/Content/EngineMaterials/Substrate/Glints2/dict_0000_0169.uasset" 6389
"../../../Engine/Content/EngineMaterials/Substrate/Glints2/dict_0000_0170.uasset" 6390
"../../../Engine/Content/EngineMaterials/Substrate/Glints2/dict_0000_0171.uasset" 6391
"../../../Engine/Content/EngineMaterials/Substrate/Glints2/dict_0000_0172.uasset" 6392
"../../../Engine/Content/EngineMaterials/Substrate/Glints2/dict_0000_0173.uasset" 6393
"../../../Engine/Content/EngineMaterials/Substrate/Glints2/dict_0000_0174.uasset" 6394
"../../../Engine/Content/EngineMaterials/Substrate/Glints2/dict_0000_0175.uasset" 6395
"../../../Engine/Content/EngineMaterials/Substrate/Glints2/dict_0000_0176.uasset" 6396
"../../../Engine/Content/EngineMaterials/Substrate/Glints2/dict_0000_0177.uasset" 6397
"../../../Engine/Content/EngineMaterials/Substrate/Glints2/dict_0000_0178.uasset" 6398
"../../../Engine/Content/EngineMaterials/Substrate/Glints2/dict_0000_0179.uasset" 6399
"../../../Engine/Content/EngineMaterials/Substrate/Glints2/dict_0000_0180.uasset" 6400
"../../../Engine/Content/EngineMaterials/Substrate/Glints2/dict_0000_0181.uasset" 6401
"../../../Engine/Content/EngineMaterials/Substrate/Glints2/dict_0000_0182.uasset" 6402
"../../../Engine/Content/EngineMaterials/Substrate/Glints2/dict_0000_0183.uasset" 6403
"../../../Engine/Content/EngineMaterials/Substrate/Glints2/dict_0000_0184.uasset" 6404
"../../../Engine/Content/EngineMaterials/Substrate/Glints2/dict_0000_0185.uasset" 6405
"../../../Engine/Content/EngineMaterials/Substrate/Glints2/dict_0000_0186.uasset" 6406
"../../../Engine/Content/EngineMaterials/Substrate/Glints2/dict_0000_0187.uasset" 6407
"../../../Engine/Content/EngineMaterials/Substrate/Glints2/dict_0000_0188.uasset" 6408
"../../../Engine/Content/EngineMaterials/Substrate/Glints2/dict_0000_0189.uasset" 6409
"../../../Engine/Content/EngineMaterials/Substrate/Glints2/dict_0000_0190.uasset" 6410
"../../../Engine/Content/EngineMaterials/Substrate/Glints2/dict_0000_0191.uasset" 6411
"../../../Engine/Content/EngineMaterials/Substrate/Glints2/dict_0000_0192.uasset" 6412
"../../../Engine/Content/EngineMaterials/Substrate/Glints2/dict_0000_0193.uasset" 6413
"../../../Engine/Content/EngineMaterials/Substrate/Glints2/dict_0000_0194.uasset" 6414
"../../../Engine/Content/EngineMaterials/Substrate/Glints2/dict_0000_0195.uasset" 6415
"../../../Engine/Content/EngineMaterials/Substrate/Glints2/dict_0000_0196.uasset" 6416
"../../../Engine/Content/EngineMaterials/Substrate/Glints2/dict_0000_0197.uasset" 6417
"../../../Engine/Content/EngineMaterials/Substrate/Glints2/dict_0000_0198.uasset" 6418
"../../../Engine/Content/EngineMaterials/Substrate/Glints2/dict_0000_0199.uasset" 6419
"../../../Engine/Content/EngineMaterials/Substrate/Glints2/dict_0000_0200.uasset" 6420
"../../../Engine/Content/EngineMaterials/Substrate/Glints2/dict_0000_0201.uasset" 6421
"../../../Engine/Content/EngineMaterials/Substrate/Glints2/dict_0000_0202.uasset" 6422
"../../../Engine/Content/EngineMaterials/Substrate/Glints2/dict_0000_0203.uasset" 6423
"../../../Engine/Content/EngineMaterials/Substrate/Glints2/dict_0000_0204.uasset" 6424
"../../../Engine/Content/EngineMaterials/Substrate/Glints2/dict_0000_0205.uasset" 6425
"../../../Engine/Content/EngineMaterials/Substrate/Glints2/dict_0000_0206.uasset" 6426
"../../../Engine/Content/EngineMaterials/Substrate/Glints2/dict_0000_0207.uasset" 6427
"../../../Engine/Content/EngineMaterials/Substrate/Glints2/dict_0000_0208.uasset" 6428
"../../../Engine/Content/EngineMaterials/Substrate/Glints2/dict_0000_0209.uasset" 6429
"../../../Engine/Content/EngineMaterials/Substrate/Glints2/dict_0000_0210.uasset" 6430
"../../../Engine/Content/EngineMaterials/Substrate/Glints2/dict_0000_0211.uasset" 6431
"../../../Engine/Content/EngineMaterials/Substrate/Glints2/dict_0000_0212.uasset" 6432
"../../../Engine/Content/EngineMaterials/Substrate/Glints2/dict_0000_0213.uasset" 6433
"../../../Engine/Content/EngineMaterials/Substrate/Glints2/dict_0000_0214.uasset" 6434
"../../../Engine/Content/EngineMaterials/Substrate/Glints2/dict_0000_0215.uasset" 6435
"../../../Engine/Content/EngineMaterials/Substrate/Glints2/dict_0000_0216.uasset" 6436
"../../../Engine/Content/EngineMaterials/Substrate/Glints2/dict_0000_0217.uasset" 6437
"../../../Engine/Content/EngineMaterials/Substrate/Glints2/dict_0000_0218.uasset" 6438
"../../../Engine/Content/EngineMaterials/Substrate/Glints2/dict_0000_0219.uasset" 6439
"../../../Engine/Content/EngineMaterials/Substrate/Glints2/dict_0000_0220.uasset" 6440
"../../../Engine/Content/EngineMaterials/Substrate/Glints2/dict_0000_0221.uasset" 6441
"../../../Engine/Content/EngineMaterials/Substrate/Glints2/dict_0000_0222.uasset" 6442
"../../../Engine/Content/EngineMaterials/Substrate/Glints2/dict_0000_0223.uasset" 6443
"../../../Engine/Content/EngineMaterials/Substrate/Glints2/dict_0000_0224.uasset" 6444
"../../../Engine/Content/EngineMaterials/Substrate/Glints2/dict_0000_0225.uasset" 6445
"../../../Engine/Content/EngineMaterials/Substrate/Glints2/dict_0000_0226.uasset" 6446
"../../../Engine/Content/EngineMaterials/Substrate/Glints2/dict_0000_0227.uasset" 6447
"../../../Engine/Content/EngineMaterials/Substrate/Glints2/dict_0000_0228.uasset" 6448
"../../../Engine/Content/EngineMaterials/Substrate/Glints2/dict_0000_0229.uasset" 6449
"../../../Engine/Content/EngineMaterials/Substrate/Glints2/dict_0000_0230.uasset" 6450
"../../../Engine/Content/EngineMaterials/Substrate/Glints2/dict_0000_0231.uasset" 6451
"../../../Engine/Content/EngineMaterials/Substrate/Glints2/dict_0000_0232.uasset" 6452
"../../../Engine/Content/EngineMaterials/Substrate/Glints2/dict_0000_0233.uasset" 6453
"../../../Engine/Content/EngineMaterials/Substrate/Glints2/dict_0000_0234.uasset" 6454
"../../../Engine/Content/EngineMaterials/Substrate/Glints2/dict_0000_0235.uasset" 6455
"../../../Engine/Content/EngineMaterials/Substrate/Glints2/dict_0000_0236.uasset" 6456
"../../../Engine/Content/EngineMaterials/Substrate/Glints2/dict_0000_0237.uasset" 6457
"../../../Engine/Content/EngineMaterials/Substrate/Glints2/dict_0000_0238.uasset" 6458
"../../../Engine/Content/EngineMaterials/Substrate/Glints2/dict_0000_0239.uasset" 6459
"../../../Engine/Content/EngineMaterials/Substrate/Glints2/dict_0000_0240.uasset" 6460
"../../../Engine/Content/EngineMaterials/Substrate/Glints2/dict_0000_0241.uasset" 6461
"../../../Engine/Content/EngineMaterials/Substrate/Glints2/dict_0000_0242.uasset" 6462
"../../../Engine/Content/EngineMaterials/Substrate/Glints2/dict_0000_0243.uasset" 6463
"../../../Engine/Content/EngineMaterials/Substrate/Glints2/dict_0000_0244.uasset" 6464
"../../../Engine/Content/EngineMaterials/Substrate/Glints2/dict_0000_0245.uasset" 6465
"../../../Engine/Content/EngineMaterials/Substrate/Glints2/dict_0000_0246.uasset" 6466
"../../../Engine/Content/EngineMaterials/Substrate/Glints2/dict_0000_0247.uasset" 6467
"../../../Engine/Content/EngineMaterials/Substrate/Glints2/dict_0000_0248.uasset" 6468
"../../../Engine/Content/EngineMaterials/Substrate/Glints2/dict_0000_0249.uasset" 6469
"../../../Engine/Content/EngineMaterials/Substrate/Glints2/dict_0000_0250.uasset" 6470
"../../../Engine/Content/EngineMaterials/Substrate/Glints2/dict_0000_0251.uasset" 6471
"../../../Engine/Content/EngineMaterials/Substrate/Glints2/dict_0000_0252.uasset" 6472
"../../../Engine/Content/EngineMaterials/Substrate/Glints2/dict_0000_0253.uasset" 6473
"../../../Engine/Content/EngineMaterials/Substrate/Glints2/dict_0000_0254.uasset" 6474
"../../../Engine/Content/EngineMaterials/Substrate/Glints2/dict_0000_0255.uasset" 6475
"../../../Engine/Content/EngineMaterials/Substrate/Glints2/dict_0001_0000.uasset" 6476
"../../../Engine/Content/EngineMaterials/Substrate/Glints2/dict_0001_0001.uasset" 6477
"../../../Engine/Content/EngineMaterials/Substrate/Glints2/dict_0001_0002.uasset" 6478
"../../../Engine/Content/EngineMaterials/Substrate/Glints2/dict_0001_0003.uasset" 6479
"../../../Engine/Content/EngineMaterials/Substrate/Glints2/dict_0001_0004.uasset" 6480
"../../../Engine/Content/EngineMaterials/Substrate/Glints2/dict_0001_0005.uasset" 6481
"../../../Engine/Content/EngineMaterials/Substrate/Glints2/dict_0001_0006.uasset" 6482
"../../../Engine/Content/EngineMaterials/Substrate/Glints2/dict_0001_0007.uasset" 6483
"../../../Engine/Content/EngineMaterials/Substrate/Glints2/dict_0001_0008.uasset" 6484
"../../../Engine/Content/EngineMaterials/Substrate/Glints2/dict_0001_0009.uasset" 6485
"../../../Engine/Content/EngineMaterials/Substrate/Glints2/dict_0001_0010.uasset" 6486
"../../../Engine/Content/EngineMaterials/Substrate/Glints2/dict_0001_0011.uasset" 6487
"../../../Engine/Content/EngineMaterials/Substrate/Glints2/dict_0001_0012.uasset" 6488
"../../../Engine/Content/EngineMaterials/Substrate/Glints2/dict_0001_0013.uasset" 6489
"../../../Engine/Content/EngineMaterials/Substrate/Glints2/dict_0001_0014.uasset" 6490
"../../../Engine/Content/EngineMaterials/Substrate/Glints2/dict_0001_0015.uasset" 6491
"../../../Engine/Content/EngineMaterials/Substrate/Glints2/dict_0001_0016.uasset" 6492
"../../../Engine/Content/EngineMaterials/Substrate/Glints2/dict_0001_0017.uasset" 6493
"../../../Engine/Content/EngineMaterials/Substrate/Glints2/dict_0001_0018.uasset" 6494
"../../../Engine/Content/EngineMaterials/Substrate/Glints2/dict_0001_0019.uasset" 6495
"../../../Engine/Content/EngineMaterials/Substrate/Glints2/dict_0001_0020.uasset" 6496
"../../../Engine/Content/EngineMaterials/Substrate/Glints2/dict_0001_0021.uasset" 6497
"../../../Engine/Content/EngineMaterials/Substrate/Glints2/dict_0001_0022.uasset" 6498
"../../../Engine/Content/EngineMaterials/Substrate/Glints2/dict_0001_0023.uasset" 6499
"../../../Engine/Content/EngineMaterials/Substrate/Glints2/dict_0001_0024.uasset" 6500
"../../../Engine/Content/EngineMaterials/Substrate/Glints2/dict_0001_0025.uasset" 6501
"../../../Engine/Content/EngineMaterials/Substrate/Glints2/dict_0001_0026.uasset" 6502
"../../../Engine/Content/EngineMaterials/Substrate/Glints2/dict_0001_0027.uasset" 6503
"../../../Engine/Content/EngineMaterials/Substrate/Glints2/dict_0001_0028.uasset" 6504
"../../../Engine/Content/EngineMaterials/Substrate/Glints2/dict_0001_0029.uasset" 6505
"../../../Engine/Content/EngineMaterials/Substrate/Glints2/dict_0001_0030.uasset" 6506
"../../../Engine/Content/EngineMaterials/Substrate/Glints2/dict_0001_0031.uasset" 6507
"../../../Engine/Content/EngineMaterials/Substrate/Glints2/dict_0001_0032.uasset" 6508
"../../../Engine/Content/EngineMaterials/Substrate/Glints2/dict_0001_0033.uasset" 6509
"../../../Engine/Content/EngineMaterials/Substrate/Glints2/dict_0001_0034.uasset" 6510
"../../../Engine/Content/EngineMaterials/Substrate/Glints2/dict_0001_0035.uasset" 6511
"../../../Engine/Content/EngineMaterials/Substrate/Glints2/dict_0001_0036.uasset" 6512
"../../../Engine/Content/EngineMaterials/Substrate/Glints2/dict_0001_0037.uasset" 6513
"../../../Engine/Content/EngineMaterials/Substrate/Glints2/dict_0001_0038.uasset" 6514
"../../../Engine/Content/EngineMaterials/Substrate/Glints2/dict_0001_0039.uasset" 6515
"../../../Engine/Content/EngineMaterials/Substrate/Glints2/dict_0001_0040.uasset" 6516
"../../../Engine/Content/EngineMaterials/Substrate/Glints2/dict_0001_0041.uasset" 6517
"../../../Engine/Content/EngineMaterials/Substrate/Glints2/dict_0001_0042.uasset" 6518
"../../../Engine/Content/EngineMaterials/Substrate/Glints2/dict_0001_0043.uasset" 6519
"../../../Engine/Content/EngineMaterials/Substrate/Glints2/dict_0001_0044.uasset" 6520
"../../../Engine/Content/EngineMaterials/Substrate/Glints2/dict_0001_0045.uasset" 6521
"../../../Engine/Content/EngineMaterials/Substrate/Glints2/dict_0001_0046.uasset" 6522
"../../../Engine/Content/EngineMaterials/Substrate/Glints2/dict_0001_0047.uasset" 6523
"../../../Engine/Content/EngineMaterials/Substrate/Glints2/dict_0001_0048.uasset" 6524
"../../../Engine/Content/EngineMaterials/Substrate/Glints2/dict_0001_0049.uasset" 6525
"../../../Engine/Content/EngineMaterials/Substrate/Glints2/dict_0001_0050.uasset" 6526
"../../../Engine/Content/EngineMaterials/Substrate/Glints2/dict_0001_0051.uasset" 6527
"../../../Engine/Content/EngineMaterials/Substrate/Glints2/dict_0001_0052.uasset" 6528
"../../../Engine/Content/EngineMaterials/Substrate/Glints2/dict_0001_0053.uasset" 6529
"../../../Engine/Content/EngineMaterials/Substrate/Glints2/dict_0001_0054.uasset" 6530
"../../../Engine/Content/EngineMaterials/Substrate/Glints2/dict_0001_0055.uasset" 6531
"../../../Engine/Content/EngineMaterials/Substrate/Glints2/dict_0001_0056.uasset" 6532
"../../../Engine/Content/EngineMaterials/Substrate/Glints2/dict_0001_0057.uasset" 6533
"../../../Engine/Content/EngineMaterials/Substrate/Glints2/dict_0001_0058.uasset" 6534
"../../../Engine/Content/EngineMaterials/Substrate/Glints2/dict_0001_0059.uasset" 6535
"../../../Engine/Content/EngineMaterials/Substrate/Glints2/dict_0001_0060.uasset" 6536
"../../../Engine/Content/EngineMaterials/Substrate/Glints2/dict_0001_0061.uasset" 6537
"../../../Engine/Content/EngineMaterials/Substrate/Glints2/dict_0001_0062.uasset" 6538
"../../../Engine/Content/EngineMaterials/Substrate/Glints2/dict_0001_0063.uasset" 6539
"../../../Engine/Content/EngineMaterials/Substrate/Glints2/dict_0001_0064.uasset" 6540
"../../../Engine/Content/EngineMaterials/Substrate/Glints2/dict_0001_0065.uasset" 6541
"../../../Engine/Content/EngineMaterials/Substrate/Glints2/dict_0001_0066.uasset" 6542
"../../../Engine/Content/EngineMaterials/Substrate/Glints2/dict_0001_0067.uasset" 6543
"../../../Engine/Content/EngineMaterials/Substrate/Glints2/dict_0001_0068.uasset" 6544
"../../../Engine/Content/EngineMaterials/Substrate/Glints2/dict_0001_0069.uasset" 6545
"../../../Engine/Content/EngineMaterials/Substrate/Glints2/dict_0001_0070.uasset" 6546
"../../../Engine/Content/EngineMaterials/Substrate/Glints2/dict_0001_0071.uasset" 6547
"../../../Engine/Content/EngineMaterials/Substrate/Glints2/dict_0001_0072.uasset" 6548
"../../../Engine/Content/EngineMaterials/Substrate/Glints2/dict_0001_0073.uasset" 6549
"../../../Engine/Content/EngineMaterials/Substrate/Glints2/dict_0001_0074.uasset" 6550
"../../../Engine/Content/EngineMaterials/Substrate/Glints2/dict_0001_0075.uasset" 6551
"../../../Engine/Content/EngineMaterials/Substrate/Glints2/dict_0001_0076.uasset" 6552
"../../../Engine/Content/EngineMaterials/Substrate/Glints2/dict_0001_0077.uasset" 6553
"../../../Engine/Content/EngineMaterials/Substrate/Glints2/dict_0001_0078.uasset" 6554
"../../../Engine/Content/EngineMaterials/Substrate/Glints2/dict_0001_0079.uasset" 6555
"../../../Engine/Content/EngineMaterials/Substrate/Glints2/dict_0001_0080.uasset" 6556
"../../../Engine/Content/EngineMaterials/Substrate/Glints2/dict_0001_0081.uasset" 6557
"../../../Engine/Content/EngineMaterials/Substrate/Glints2/dict_0001_0082.uasset" 6558
"../../../Engine/Content/EngineMaterials/Substrate/Glints2/dict_0001_0083.uasset" 6559
"../../../Engine/Content/EngineMaterials/Substrate/Glints2/dict_0001_0084.uasset" 6560
"../../../Engine/Content/EngineMaterials/Substrate/Glints2/dict_0001_0085.uasset" 6561
"../../../Engine/Content/EngineMaterials/Substrate/Glints2/dict_0001_0086.uasset" 6562
"../../../Engine/Content/EngineMaterials/Substrate/Glints2/dict_0001_0087.uasset" 6563
"../../../Engine/Content/EngineMaterials/Substrate/Glints2/dict_0001_0088.uasset" 6564
"../../../Engine/Content/EngineMaterials/Substrate/Glints2/dict_0001_0089.uasset" 6565
"../../../Engine/Content/EngineMaterials/Substrate/Glints2/dict_0001_0090.uasset" 6566
"../../../Engine/Content/EngineMaterials/Substrate/Glints2/dict_0001_0091.uasset" 6567
"../../../Engine/Content/EngineMaterials/Substrate/Glints2/dict_0001_0092.uasset" 6568
"../../../Engine/Content/EngineMaterials/Substrate/Glints2/dict_0001_0093.uasset" 6569
"../../../Engine/Content/EngineMaterials/Substrate/Glints2/dict_0001_0094.uasset" 6570
"../../../Engine/Content/EngineMaterials/Substrate/Glints2/dict_0001_0095.uasset" 6571
"../../../Engine/Content/EngineMaterials/Substrate/Glints2/dict_0001_0096.uasset" 6572
"../../../Engine/Content/EngineMaterials/Substrate/Glints2/dict_0001_0097.uasset" 6573
"../../../Engine/Content/EngineMaterials/Substrate/Glints2/dict_0001_0098.uasset" 6574
"../../../Engine/Content/EngineMaterials/Substrate/Glints2/dict_0001_0099.uasset" 6575
"../../../Engine/Content/EngineMaterials/Substrate/Glints2/dict_0001_0100.uasset" 6576
"../../../Engine/Content/EngineMaterials/Substrate/Glints2/dict_0001_0101.uasset" 6577
"../../../Engine/Content/EngineMaterials/Substrate/Glints2/dict_0001_0102.uasset" 6578
"../../../Engine/Content/EngineMaterials/Substrate/Glints2/dict_0001_0103.uasset" 6579
"../../../Engine/Content/EngineMaterials/Substrate/Glints2/dict_0001_0104.uasset" 6580
"../../../Engine/Content/EngineMaterials/Substrate/Glints2/dict_0001_0105.uasset" 6581
"../../../Engine/Content/EngineMaterials/Substrate/Glints2/dict_0001_0106.uasset" 6582
"../../../Engine/Content/EngineMaterials/Substrate/Glints2/dict_0001_0107.uasset" 6583
"../../../Engine/Content/EngineMaterials/Substrate/Glints2/dict_0001_0108.uasset" 6584
"../../../Engine/Content/EngineMaterials/Substrate/Glints2/dict_0001_0109.uasset" 6585
"../../../Engine/Content/EngineMaterials/Substrate/Glints2/dict_0001_0110.uasset" 6586
"../../../Engine/Content/EngineMaterials/Substrate/Glints2/dict_0001_0111.uasset" 6587
"../../../Engine/Content/EngineMaterials/Substrate/Glints2/dict_0001_0112.uasset" 6588
"../../../Engine/Content/EngineMaterials/Substrate/Glints2/dict_0001_0113.uasset" 6589
"../../../Engine/Content/EngineMaterials/Substrate/Glints2/dict_0001_0114.uasset" 6590
"../../../Engine/Content/EngineMaterials/Substrate/Glints2/dict_0001_0115.uasset" 6591
"../../../Engine/Content/EngineMaterials/Substrate/Glints2/dict_0001_0116.uasset" 6592
"../../../Engine/Content/EngineMaterials/Substrate/Glints2/dict_0001_0117.uasset" 6593
"../../../Engine/Content/EngineMaterials/Substrate/Glints2/dict_0001_0118.uasset" 6594
"../../../Engine/Content/EngineMaterials/Substrate/Glints2/dict_0001_0119.uasset" 6595
"../../../Engine/Content/EngineMaterials/Substrate/Glints2/dict_0001_0120.uasset" 6596
"../../../Engine/Content/EngineMaterials/Substrate/Glints2/dict_0001_0121.uasset" 6597
"../../../Engine/Content/EngineMaterials/Substrate/Glints2/dict_0001_0122.uasset" 6598
"../../../Engine/Content/EngineMaterials/Substrate/Glints2/dict_0001_0123.uasset" 6599
"../../../Engine/Content/EngineMaterials/Substrate/Glints2/dict_0001_0124.uasset" 6600
"../../../Engine/Content/EngineMaterials/Substrate/Glints2/dict_0001_0125.uasset" 6601
"../../../Engine/Content/EngineMaterials/Substrate/Glints2/dict_0001_0126.uasset" 6602
"../../../Engine/Content/EngineMaterials/Substrate/Glints2/dict_0001_0127.uasset" 6603
"../../../Engine/Content/EngineMaterials/Substrate/Glints2/dict_0001_0128.uasset" 6604
"../../../Engine/Content/EngineMaterials/Substrate/Glints2/dict_0001_0129.uasset" 6605
"../../../Engine/Content/EngineMaterials/Substrate/Glints2/dict_0001_0130.uasset" 6606
"../../../Engine/Content/EngineMaterials/Substrate/Glints2/dict_0001_0131.uasset" 6607
"../../../Engine/Content/EngineMaterials/Substrate/Glints2/dict_0001_0132.uasset" 6608
"../../../Engine/Content/EngineMaterials/Substrate/Glints2/dict_0001_0133.uasset" 6609
"../../../Engine/Content/EngineMaterials/Substrate/Glints2/dict_0001_0134.uasset" 6610
"../../../Engine/Content/EngineMaterials/Substrate/Glints2/dict_0001_0135.uasset" 6611
"../../../Engine/Content/EngineMaterials/Substrate/Glints2/dict_0001_0136.uasset" 6612
"../../../Engine/Content/EngineMaterials/Substrate/Glints2/dict_0001_0137.uasset" 6613
"../../../Engine/Content/EngineMaterials/Substrate/Glints2/dict_0001_0138.uasset" 6614
"../../../Engine/Content/EngineMaterials/Substrate/Glints2/dict_0001_0139.uasset" 6615
"../../../Engine/Content/EngineMaterials/Substrate/Glints2/dict_0001_0140.uasset" 6616
"../../../Engine/Content/EngineMaterials/Substrate/Glints2/dict_0001_0141.uasset" 6617
"../../../Engine/Content/EngineMaterials/Substrate/Glints2/dict_0001_0142.uasset" 6618
"../../../Engine/Content/EngineMaterials/Substrate/Glints2/dict_0001_0143.uasset" 6619
"../../../Engine/Content/EngineMaterials/Substrate/Glints2/dict_0001_0144.uasset" 6620
"../../../Engine/Content/EngineMaterials/Substrate/Glints2/dict_0001_0145.uasset" 6621
"../../../Engine/Content/EngineMaterials/Substrate/Glints2/dict_0001_0146.uasset" 6622
"../../../Engine/Content/EngineMaterials/Substrate/Glints2/dict_0001_0147.uasset" 6623
"../../../Engine/Content/EngineMaterials/Substrate/Glints2/dict_0001_0148.uasset" 6624
"../../../Engine/Content/EngineMaterials/Substrate/Glints2/dict_0001_0149.uasset" 6625
"../../../Engine/Content/EngineMaterials/Substrate/Glints2/dict_0001_0150.uasset" 6626
"../../../Engine/Content/EngineMaterials/Substrate/Glints2/dict_0001_0151.uasset" 6627
"../../../Engine/Content/EngineMaterials/Substrate/Glints2/dict_0001_0152.uasset" 6628
"../../../Engine/Content/EngineMaterials/Substrate/Glints2/dict_0001_0153.uasset" 6629
"../../../Engine/Content/EngineMaterials/Substrate/Glints2/dict_0001_0154.uasset" 6630
"../../../Engine/Content/EngineMaterials/Substrate/Glints2/dict_0001_0155.uasset" 6631
"../../../Engine/Content/EngineMaterials/Substrate/Glints2/dict_0001_0156.uasset" 6632
"../../../Engine/Content/EngineMaterials/Substrate/Glints2/dict_0001_0157.uasset" 6633
"../../../Engine/Content/EngineMaterials/Substrate/Glints2/dict_0001_0158.uasset" 6634
"../../../Engine/Content/EngineMaterials/Substrate/Glints2/dict_0001_0159.uasset" 6635
"../../../Engine/Content/EngineMaterials/Substrate/Glints2/dict_0001_0160.uasset" 6636
"../../../Engine/Content/EngineMaterials/Substrate/Glints2/dict_0001_0161.uasset" 6637
"../../../Engine/Content/EngineMaterials/Substrate/Glints2/dict_0001_0162.uasset" 6638
"../../../Engine/Content/EngineMaterials/Substrate/Glints2/dict_0001_0163.uasset" 6639
"../../../Engine/Content/EngineMaterials/Substrate/Glints2/dict_0001_0164.uasset" 6640
"../../../Engine/Content/EngineMaterials/Substrate/Glints2/dict_0001_0165.uasset" 6641
"../../../Engine/Content/EngineMaterials/Substrate/Glints2/dict_0001_0166.uasset" 6642
"../../../Engine/Content/EngineMaterials/Substrate/Glints2/dict_0001_0167.uasset" 6643
"../../../Engine/Content/EngineMaterials/Substrate/Glints2/dict_0001_0168.uasset" 6644
"../../../Engine/Content/EngineMaterials/Substrate/Glints2/dict_0001_0169.uasset" 6645
"../../../Engine/Content/EngineMaterials/Substrate/Glints2/dict_0001_0170.uasset" 6646
"../../../Engine/Content/EngineMaterials/Substrate/Glints2/dict_0001_0171.uasset" 6647
"../../../Engine/Content/EngineMaterials/Substrate/Glints2/dict_0001_0172.uasset" 6648
"../../../Engine/Content/EngineMaterials/Substrate/Glints2/dict_0001_0173.uasset" 6649
"../../../Engine/Content/EngineMaterials/Substrate/Glints2/dict_0001_0174.uasset" 6650
"../../../Engine/Content/EngineMaterials/Substrate/Glints2/dict_0001_0175.uasset" 6651
"../../../Engine/Content/EngineMaterials/Substrate/Glints2/dict_0001_0176.uasset" 6652
"../../../Engine/Content/EngineMaterials/Substrate/Glints2/dict_0001_0177.uasset" 6653
"../../../Engine/Content/EngineMaterials/Substrate/Glints2/dict_0001_0178.uasset" 6654
"../../../Engine/Content/EngineMaterials/Substrate/Glints2/dict_0001_0179.uasset" 6655
"../../../Engine/Content/EngineMaterials/Substrate/Glints2/dict_0001_0180.uasset" 6656
"../../../Engine/Content/EngineMaterials/Substrate/Glints2/dict_0001_0181.uasset" 6657
"../../../Engine/Content/EngineMaterials/Substrate/Glints2/dict_0001_0182.uasset" 6658
"../../../Engine/Content/EngineMaterials/Substrate/Glints2/dict_0001_0183.uasset" 6659
"../../../Engine/Content/EngineMaterials/Substrate/Glints2/dict_0001_0184.uasset" 6660
"../../../Engine/Content/EngineMaterials/Substrate/Glints2/dict_0001_0185.uasset" 6661
"../../../Engine/Content/EngineMaterials/Substrate/Glints2/dict_0001_0186.uasset" 6662
"../../../Engine/Content/EngineMaterials/Substrate/Glints2/dict_0001_0187.uasset" 6663
"../../../Engine/Content/EngineMaterials/Substrate/Glints2/dict_0001_0188.uasset" 6664
"../../../Engine/Content/EngineMaterials/Substrate/Glints2/dict_0001_0189.uasset" 6665
"../../../Engine/Content/EngineMaterials/Substrate/Glints2/dict_0001_0190.uasset" 6666
"../../../Engine/Content/EngineMaterials/Substrate/Glints2/dict_0001_0191.uasset" 6667
"../../../Engine/Content/EngineMaterials/Substrate/Glints2/dict_0001_0192.uasset" 6668
"../../../Engine/Content/EngineMaterials/Substrate/Glints2/dict_0001_0193.uasset" 6669
"../../../Engine/Content/EngineMaterials/Substrate/Glints2/dict_0001_0194.uasset" 6670
"../../../Engine/Content/EngineMaterials/Substrate/Glints2/dict_0001_0195.uasset" 6671
"../../../Engine/Content/EngineMaterials/Substrate/Glints2/dict_0001_0196.uasset" 6672
"../../../Engine/Content/EngineMaterials/Substrate/Glints2/dict_0001_0197.uasset" 6673
"../../../Engine/Content/EngineMaterials/Substrate/Glints2/dict_0001_0198.uasset" 6674
"../../../Engine/Content/EngineMaterials/Substrate/Glints2/dict_0001_0199.uasset" 6675
"../../../Engine/Content/EngineMaterials/Substrate/Glints2/dict_0001_0200.uasset" 6676
"../../../Engine/Content/EngineMaterials/Substrate/Glints2/dict_0001_0201.uasset" 6677
"../../../Engine/Content/EngineMaterials/Substrate/Glints2/dict_0001_0202.uasset" 6678
"../../../Engine/Content/EngineMaterials/Substrate/Glints2/dict_0001_0203.uasset" 6679
"../../../Engine/Content/EngineMaterials/Substrate/Glints2/dict_0001_0204.uasset" 6680
"../../../Engine/Content/EngineMaterials/Substrate/Glints2/dict_0001_0205.uasset" 6681
"../../../Engine/Content/EngineMaterials/Substrate/Glints2/dict_0001_0206.uasset" 6682
"../../../Engine/Content/EngineMaterials/Substrate/Glints2/dict_0001_0207.uasset" 6683
"../../../Engine/Content/EngineMaterials/Substrate/Glints2/dict_0001_0208.uasset" 6684
"../../../Engine/Content/EngineMaterials/Substrate/Glints2/dict_0001_0209.uasset" 6685
"../../../Engine/Content/EngineMaterials/Substrate/Glints2/dict_0001_0210.uasset" 6686
"../../../Engine/Content/EngineMaterials/Substrate/Glints2/dict_0001_0211.uasset" 6687
"../../../Engine/Content/EngineMaterials/Substrate/Glints2/dict_0001_0212.uasset" 6688
"../../../Engine/Content/EngineMaterials/Substrate/Glints2/dict_0001_0213.uasset" 6689
"../../../Engine/Content/EngineMaterials/Substrate/Glints2/dict_0001_0214.uasset" 6690
"../../../Engine/Content/EngineMaterials/Substrate/Glints2/dict_0001_0215.uasset" 6691
"../../../Engine/Content/EngineMaterials/Substrate/Glints2/dict_0001_0216.uasset" 6692
"../../../Engine/Content/EngineMaterials/Substrate/Glints2/dict_0001_0217.uasset" 6693
"../../../Engine/Content/EngineMaterials/Substrate/Glints2/dict_0001_0218.uasset" 6694
"../../../Engine/Content/EngineMaterials/Substrate/Glints2/dict_0001_0219.uasset" 6695
"../../../Engine/Content/EngineMaterials/Substrate/Glints2/dict_0001_0220.uasset" 6696
"../../../Engine/Content/EngineMaterials/Substrate/Glints2/dict_0001_0221.uasset" 6697
"../../../Engine/Content/EngineMaterials/Substrate/Glints2/dict_0001_0222.uasset" 6698
"../../../Engine/Content/EngineMaterials/Substrate/Glints2/dict_0001_0223.uasset" 6699
"../../../Engine/Content/EngineMaterials/Substrate/Glints2/dict_0001_0224.uasset" 6700
"../../../Engine/Content/EngineMaterials/Substrate/Glints2/dict_0001_0225.uasset" 6701
"../../../Engine/Content/EngineMaterials/Substrate/Glints2/dict_0001_0226.uasset" 6702
"../../../Engine/Content/EngineMaterials/Substrate/Glints2/dict_0001_0227.uasset" 6703
"../../../Engine/Content/EngineMaterials/Substrate/Glints2/dict_0001_0228.uasset" 6704
"../../../Engine/Content/EngineMaterials/Substrate/Glints2/dict_0001_0229.uasset" 6705
"../../../Engine/Content/EngineMaterials/Substrate/Glints2/dict_0001_0230.uasset" 6706
"../../../Engine/Content/EngineMaterials/Substrate/Glints2/dict_0001_0231.uasset" 6707
"../../../Engine/Content/EngineMaterials/Substrate/Glints2/dict_0001_0232.uasset" 6708
"../../../Engine/Content/EngineMaterials/Substrate/Glints2/dict_0001_0233.uasset" 6709
"../../../Engine/Content/EngineMaterials/Substrate/Glints2/dict_0001_0234.uasset" 6710
"../../../Engine/Content/EngineMaterials/Substrate/Glints2/dict_0001_0235.uasset" 6711
"../../../Engine/Content/EngineMaterials/Substrate/Glints2/dict_0001_0236.uasset" 6712
"../../../Engine/Content/EngineMaterials/Substrate/Glints2/dict_0001_0237.uasset" 6713
"../../../Engine/Content/EngineMaterials/Substrate/Glints2/dict_0001_0238.uasset" 6714
"../../../Engine/Content/EngineMaterials/Substrate/Glints2/dict_0001_0239.uasset" 6715
"../../../Engine/Content/EngineMaterials/Substrate/Glints2/dict_0001_0240.uasset" 6716
"../../../Engine/Content/EngineMaterials/Substrate/Glints2/dict_0001_0241.uasset" 6717
"../../../Engine/Content/EngineMaterials/Substrate/Glints2/dict_0001_0242.uasset" 6718
"../../../Engine/Content/EngineMaterials/Substrate/Glints2/dict_0001_0243.uasset" 6719
"../../../Engine/Content/EngineMaterials/Substrate/Glints2/dict_0001_0244.uasset" 6720
"../../../Engine/Content/EngineMaterials/Substrate/Glints2/dict_0001_0245.uasset" 6721
"../../../Engine/Content/EngineMaterials/Substrate/Glints2/dict_0001_0246.uasset" 6722
"../../../Engine/Content/EngineMaterials/Substrate/Glints2/dict_0001_0247.uasset" 6723
"../../../Engine/Content/EngineMaterials/Substrate/Glints2/dict_0001_0248.uasset" 6724
"../../../Engine/Content/EngineMaterials/Substrate/Glints2/dict_0001_0249.uasset" 6725
"../../../Engine/Content/EngineMaterials/Substrate/Glints2/dict_0001_0250.uasset" 6726
"../../../Engine/Content/EngineMaterials/Substrate/Glints2/dict_0001_0251.uasset" 6727
"../../../Engine/Content/EngineMaterials/Substrate/Glints2/dict_0001_0252.uasset" 6728
"../../../Engine/Content/EngineMaterials/Substrate/Glints2/dict_0001_0253.uasset" 6729
"../../../Engine/Content/EngineMaterials/Substrate/Glints2/dict_0001_0254.uasset" 6730
"../../../Engine/Content/EngineMaterials/Substrate/Glints2/dict_0001_0255.uasset" 6731
"../../../Engine/Content/EngineMaterials/Substrate/Glints2/dict_0002_0000.uasset" 6732
"../../../Engine/Content/EngineMaterials/Substrate/Glints2/dict_0002_0001.uasset" 6733
"../../../Engine/Content/EngineMaterials/Substrate/Glints2/dict_0002_0002.uasset" 6734
"../../../Engine/Content/EngineMaterials/Substrate/Glints2/dict_0002_0003.uasset" 6735
"../../../Engine/Content/EngineMaterials/Substrate/Glints2/dict_0002_0004.uasset" 6736
"../../../Engine/Content/EngineMaterials/Substrate/Glints2/dict_0002_0005.uasset" 6737
"../../../Engine/Content/EngineMaterials/Substrate/Glints2/dict_0002_0006.uasset" 6738
"../../../Engine/Content/EngineMaterials/Substrate/Glints2/dict_0002_0007.uasset" 6739
"../../../Engine/Content/EngineMaterials/Substrate/Glints2/dict_0002_0008.uasset" 6740
"../../../Engine/Content/EngineMaterials/Substrate/Glints2/dict_0002_0009.uasset" 6741
"../../../Engine/Content/EngineMaterials/Substrate/Glints2/dict_0002_0010.uasset" 6742
"../../../Engine/Content/EngineMaterials/Substrate/Glints2/dict_0002_0011.uasset" 6743
"../../../Engine/Content/EngineMaterials/Substrate/Glints2/dict_0002_0012.uasset" 6744
"../../../Engine/Content/EngineMaterials/Substrate/Glints2/dict_0002_0013.uasset" 6745
"../../../Engine/Content/EngineMaterials/Substrate/Glints2/dict_0002_0014.uasset" 6746
"../../../Engine/Content/EngineMaterials/Substrate/Glints2/dict_0002_0015.uasset" 6747
"../../../Engine/Content/EngineMaterials/Substrate/Glints2/dict_0002_0016.uasset" 6748
"../../../Engine/Content/EngineMaterials/Substrate/Glints2/dict_0002_0017.uasset" 6749
"../../../Engine/Content/EngineMaterials/Substrate/Glints2/dict_0002_0018.uasset" 6750
"../../../Engine/Content/EngineMaterials/Substrate/Glints2/dict_0002_0019.uasset" 6751
"../../../Engine/Content/EngineMaterials/Substrate/Glints2/dict_0002_0020.uasset" 6752
"../../../Engine/Content/EngineMaterials/Substrate/Glints2/dict_0002_0021.uasset" 6753
"../../../Engine/Content/EngineMaterials/Substrate/Glints2/dict_0002_0022.uasset" 6754
"../../../Engine/Content/EngineMaterials/Substrate/Glints2/dict_0002_0023.uasset" 6755
"../../../Engine/Content/EngineMaterials/Substrate/Glints2/dict_0002_0024.uasset" 6756
"../../../Engine/Content/EngineMaterials/Substrate/Glints2/dict_0002_0025.uasset" 6757
"../../../Engine/Content/EngineMaterials/Substrate/Glints2/dict_0002_0026.uasset" 6758
"../../../Engine/Content/EngineMaterials/Substrate/Glints2/dict_0002_0027.uasset" 6759
"../../../Engine/Content/EngineMaterials/Substrate/Glints2/dict_0002_0028.uasset" 6760
"../../../Engine/Content/EngineMaterials/Substrate/Glints2/dict_0002_0029.uasset" 6761
"../../../Engine/Content/EngineMaterials/Substrate/Glints2/dict_0002_0030.uasset" 6762
"../../../Engine/Content/EngineMaterials/Substrate/Glints2/dict_0002_0031.uasset" 6763
"../../../Engine/Content/EngineMaterials/Substrate/Glints2/dict_0002_0032.uasset" 6764
"../../../Engine/Content/EngineMaterials/Substrate/Glints2/dict_0002_0033.uasset" 6765
"../../../Engine/Content/EngineMaterials/Substrate/Glints2/dict_0002_0034.uasset" 6766
"../../../Engine/Content/EngineMaterials/Substrate/Glints2/dict_0002_0035.uasset" 6767
"../../../Engine/Content/EngineMaterials/Substrate/Glints2/dict_0002_0036.uasset" 6768
"../../../Engine/Content/EngineMaterials/Substrate/Glints2/dict_0002_0037.uasset" 6769
"../../../Engine/Content/EngineMaterials/Substrate/Glints2/dict_0002_0038.uasset" 6770
"../../../Engine/Content/EngineMaterials/Substrate/Glints2/dict_0002_0039.uasset" 6771
"../../../Engine/Content/EngineMaterials/Substrate/Glints2/dict_0002_0040.uasset" 6772
"../../../Engine/Content/EngineMaterials/Substrate/Glints2/dict_0002_0041.uasset" 6773
"../../../Engine/Content/EngineMaterials/Substrate/Glints2/dict_0002_0042.uasset" 6774
"../../../Engine/Content/EngineMaterials/Substrate/Glints2/dict_0002_0043.uasset" 6775
"../../../Engine/Content/EngineMaterials/Substrate/Glints2/dict_0002_0044.uasset" 6776
"../../../Engine/Content/EngineMaterials/Substrate/Glints2/dict_0002_0045.uasset" 6777
"../../../Engine/Content/EngineMaterials/Substrate/Glints2/dict_0002_0046.uasset" 6778
"../../../Engine/Content/EngineMaterials/Substrate/Glints2/dict_0002_0047.uasset" 6779
"../../../Engine/Content/EngineMaterials/Substrate/Glints2/dict_0002_0048.uasset" 6780
"../../../Engine/Content/EngineMaterials/Substrate/Glints2/dict_0002_0049.uasset" 6781
"../../../Engine/Content/EngineMaterials/Substrate/Glints2/dict_0002_0050.uasset" 6782
"../../../Engine/Content/EngineMaterials/Substrate/Glints2/dict_0002_0051.uasset" 6783
"../../../Engine/Content/EngineMaterials/Substrate/Glints2/dict_0002_0052.uasset" 6784
"../../../Engine/Content/EngineMaterials/Substrate/Glints2/dict_0002_0053.uasset" 6785
"../../../Engine/Content/EngineMaterials/Substrate/Glints2/dict_0002_0054.uasset" 6786
"../../../Engine/Content/EngineMaterials/Substrate/Glints2/dict_0002_0055.uasset" 6787
"../../../Engine/Content/EngineMaterials/Substrate/Glints2/dict_0002_0056.uasset" 6788
"../../../Engine/Content/EngineMaterials/Substrate/Glints2/dict_0002_0057.uasset" 6789
"../../../Engine/Content/EngineMaterials/Substrate/Glints2/dict_0002_0058.uasset" 6790
"../../../Engine/Content/EngineMaterials/Substrate/Glints2/dict_0002_0059.uasset" 6791
"../../../Engine/Content/EngineMaterials/Substrate/Glints2/dict_0002_0060.uasset" 6792
"../../../Engine/Content/EngineMaterials/Substrate/Glints2/dict_0002_0061.uasset" 6793
"../../../Engine/Content/EngineMaterials/Substrate/Glints2/dict_0002_0062.uasset" 6794
"../../../Engine/Content/EngineMaterials/Substrate/Glints2/dict_0002_0063.uasset" 6795
"../../../Engine/Content/EngineMaterials/Substrate/Glints2/dict_0002_0064.uasset" 6796
"../../../Engine/Content/EngineMaterials/Substrate/Glints2/dict_0002_0065.uasset" 6797
"../../../Engine/Content/EngineMaterials/Substrate/Glints2/dict_0002_0066.uasset" 6798
"../../../Engine/Content/EngineMaterials/Substrate/Glints2/dict_0002_0067.uasset" 6799
"../../../Engine/Content/EngineMaterials/Substrate/Glints2/dict_0002_0068.uasset" 6800
"../../../Engine/Content/EngineMaterials/Substrate/Glints2/dict_0002_0069.uasset" 6801
"../../../Engine/Content/EngineMaterials/Substrate/Glints2/dict_0002_0070.uasset" 6802
"../../../Engine/Content/EngineMaterials/Substrate/Glints2/dict_0002_0071.uasset" 6803
"../../../Engine/Content/EngineMaterials/Substrate/Glints2/dict_0002_0072.uasset" 6804
"../../../Engine/Content/EngineMaterials/Substrate/Glints2/dict_0002_0073.uasset" 6805
"../../../Engine/Content/EngineMaterials/Substrate/Glints2/dict_0002_0074.uasset" 6806
"../../../Engine/Content/EngineMaterials/Substrate/Glints2/dict_0002_0075.uasset" 6807
"../../../Engine/Content/EngineMaterials/Substrate/Glints2/dict_0002_0076.uasset" 6808
"../../../Engine/Content/EngineMaterials/Substrate/Glints2/dict_0002_0077.uasset" 6809
"../../../Engine/Content/EngineMaterials/Substrate/Glints2/dict_0002_0078.uasset" 6810
"../../../Engine/Content/EngineMaterials/Substrate/Glints2/dict_0002_0079.uasset" 6811
"../../../Engine/Content/EngineMaterials/Substrate/Glints2/dict_0002_0080.uasset" 6812
"../../../Engine/Content/EngineMaterials/Substrate/Glints2/dict_0002_0081.uasset" 6813
"../../../Engine/Content/EngineMaterials/Substrate/Glints2/dict_0002_0082.uasset" 6814
"../../../Engine/Content/EngineMaterials/Substrate/Glints2/dict_0002_0083.uasset" 6815
"../../../Engine/Content/EngineMaterials/Substrate/Glints2/dict_0002_0084.uasset" 6816
"../../../Engine/Content/EngineMaterials/Substrate/Glints2/dict_0002_0085.uasset" 6817
"../../../Engine/Content/EngineMaterials/Substrate/Glints2/dict_0002_0086.uasset" 6818
"../../../Engine/Content/EngineMaterials/Substrate/Glints2/dict_0002_0087.uasset" 6819
"../../../Engine/Content/EngineMaterials/Substrate/Glints2/dict_0002_0088.uasset" 6820
"../../../Engine/Content/EngineMaterials/Substrate/Glints2/dict_0002_0089.uasset" 6821
"../../../Engine/Content/EngineMaterials/Substrate/Glints2/dict_0002_0090.uasset" 6822
"../../../Engine/Content/EngineMaterials/Substrate/Glints2/dict_0002_0091.uasset" 6823
"../../../Engine/Content/EngineMaterials/Substrate/Glints2/dict_0002_0092.uasset" 6824
"../../../Engine/Content/EngineMaterials/Substrate/Glints2/dict_0002_0093.uasset" 6825
"../../../Engine/Content/EngineMaterials/Substrate/Glints2/dict_0002_0094.uasset" 6826
"../../../Engine/Content/EngineMaterials/Substrate/Glints2/dict_0002_0095.uasset" 6827
"../../../Engine/Content/EngineMaterials/Substrate/Glints2/dict_0002_0096.uasset" 6828
"../../../Engine/Content/EngineMaterials/Substrate/Glints2/dict_0002_0097.uasset" 6829
"../../../Engine/Content/EngineMaterials/Substrate/Glints2/dict_0002_0098.uasset" 6830
"../../../Engine/Content/EngineMaterials/Substrate/Glints2/dict_0002_0099.uasset" 6831
"../../../Engine/Content/EngineMaterials/Substrate/Glints2/dict_0002_0100.uasset" 6832
"../../../Engine/Content/EngineMaterials/Substrate/Glints2/dict_0002_0101.uasset" 6833
"../../../Engine/Content/EngineMaterials/Substrate/Glints2/dict_0002_0102.uasset" 6834
"../../../Engine/Content/EngineMaterials/Substrate/Glints2/dict_0002_0103.uasset" 6835
"../../../Engine/Content/EngineMaterials/Substrate/Glints2/dict_0002_0104.uasset" 6836
"../../../Engine/Content/EngineMaterials/Substrate/Glints2/dict_0002_0105.uasset" 6837
"../../../Engine/Content/EngineMaterials/Substrate/Glints2/dict_0002_0106.uasset" 6838
"../../../Engine/Content/EngineMaterials/Substrate/Glints2/dict_0002_0107.uasset" 6839
"../../../Engine/Content/EngineMaterials/Substrate/Glints2/dict_0002_0108.uasset" 6840
"../../../Engine/Content/EngineMaterials/Substrate/Glints2/dict_0002_0109.uasset" 6841
"../../../Engine/Content/EngineMaterials/Substrate/Glints2/dict_0002_0110.uasset" 6842
"../../../Engine/Content/EngineMaterials/Substrate/Glints2/dict_0002_0111.uasset" 6843
"../../../Engine/Content/EngineMaterials/Substrate/Glints2/dict_0002_0112.uasset" 6844
"../../../Engine/Content/EngineMaterials/Substrate/Glints2/dict_0002_0113.uasset" 6845
"../../../Engine/Content/EngineMaterials/Substrate/Glints2/dict_0002_0114.uasset" 6846
"../../../Engine/Content/EngineMaterials/Substrate/Glints2/dict_0002_0115.uasset" 6847
"../../../Engine/Content/EngineMaterials/Substrate/Glints2/dict_0002_0116.uasset" 6848
"../../../Engine/Content/EngineMaterials/Substrate/Glints2/dict_0002_0117.uasset" 6849
"../../../Engine/Content/EngineMaterials/Substrate/Glints2/dict_0002_0118.uasset" 6850
"../../../Engine/Content/EngineMaterials/Substrate/Glints2/dict_0002_0119.uasset" 6851
"../../../Engine/Content/EngineMaterials/Substrate/Glints2/dict_0002_0120.uasset" 6852
"../../../Engine/Content/EngineMaterials/Substrate/Glints2/dict_0002_0121.uasset" 6853
"../../../Engine/Content/EngineMaterials/Substrate/Glints2/dict_0002_0122.uasset" 6854
"../../../Engine/Content/EngineMaterials/Substrate/Glints2/dict_0002_0123.uasset" 6855
"../../../Engine/Content/EngineMaterials/Substrate/Glints2/dict_0002_0124.uasset" 6856
"../../../Engine/Content/EngineMaterials/Substrate/Glints2/dict_0002_0125.uasset" 6857
"../../../Engine/Content/EngineMaterials/Substrate/Glints2/dict_0002_0126.uasset" 6858
"../../../Engine/Content/EngineMaterials/Substrate/Glints2/dict_0002_0127.uasset" 6859
"../../../Engine/Content/EngineMaterials/Substrate/Glints2/dict_0002_0128.uasset" 6860
"../../../Engine/Content/EngineMaterials/Substrate/Glints2/dict_0002_0129.uasset" 6861
"../../../Engine/Content/EngineMaterials/Substrate/Glints2/dict_0002_0130.uasset" 6862
"../../../Engine/Content/EngineMaterials/Substrate/Glints2/dict_0002_0131.uasset" 6863
"../../../Engine/Content/EngineMaterials/Substrate/Glints2/dict_0002_0132.uasset" 6864
"../../../Engine/Content/EngineMaterials/Substrate/Glints2/dict_0002_0133.uasset" 6865
"../../../Engine/Content/EngineMaterials/Substrate/Glints2/dict_0002_0134.uasset" 6866
"../../../Engine/Content/EngineMaterials/Substrate/Glints2/dict_0002_0135.uasset" 6867
"../../../Engine/Content/EngineMaterials/Substrate/Glints2/dict_0002_0136.uasset" 6868
"../../../Engine/Content/EngineMaterials/Substrate/Glints2/dict_0002_0137.uasset" 6869
"../../../Engine/Content/EngineMaterials/Substrate/Glints2/dict_0002_0138.uasset" 6870
"../../../Engine/Content/EngineMaterials/Substrate/Glints2/dict_0002_0139.uasset" 6871
"../../../Engine/Content/EngineMaterials/Substrate/Glints2/dict_0002_0140.uasset" 6872
"../../../Engine/Content/EngineMaterials/Substrate/Glints2/dict_0002_0141.uasset" 6873
"../../../Engine/Content/EngineMaterials/Substrate/Glints2/dict_0002_0142.uasset" 6874
"../../../Engine/Content/EngineMaterials/Substrate/Glints2/dict_0002_0143.uasset" 6875
"../../../Engine/Content/EngineMaterials/Substrate/Glints2/dict_0002_0144.uasset" 6876
"../../../Engine/Content/EngineMaterials/Substrate/Glints2/dict_0002_0145.uasset" 6877
"../../../Engine/Content/EngineMaterials/Substrate/Glints2/dict_0002_0146.uasset" 6878
"../../../Engine/Content/EngineMaterials/Substrate/Glints2/dict_0002_0147.uasset" 6879
"../../../Engine/Content/EngineMaterials/Substrate/Glints2/dict_0002_0148.uasset" 6880
"../../../Engine/Content/EngineMaterials/Substrate/Glints2/dict_0002_0149.uasset" 6881
"../../../Engine/Content/EngineMaterials/Substrate/Glints2/dict_0002_0150.uasset" 6882
"../../../Engine/Content/EngineMaterials/Substrate/Glints2/dict_0002_0151.uasset" 6883
"../../../Engine/Content/EngineMaterials/Substrate/Glints2/dict_0002_0152.uasset" 6884
"../../../Engine/Content/EngineMaterials/Substrate/Glints2/dict_0002_0153.uasset" 6885
"../../../Engine/Content/EngineMaterials/Substrate/Glints2/dict_0002_0154.uasset" 6886
"../../../Engine/Content/EngineMaterials/Substrate/Glints2/dict_0002_0155.uasset" 6887
"../../../Engine/Content/EngineMaterials/Substrate/Glints2/dict_0002_0156.uasset" 6888
"../../../Engine/Content/EngineMaterials/Substrate/Glints2/dict_0002_0157.uasset" 6889
"../../../Engine/Content/EngineMaterials/Substrate/Glints2/dict_0002_0158.uasset" 6890
"../../../Engine/Content/EngineMaterials/Substrate/Glints2/dict_0002_0159.uasset" 6891
"../../../Engine/Content/EngineMaterials/Substrate/Glints2/dict_0002_0160.uasset" 6892
"../../../Engine/Content/EngineMaterials/Substrate/Glints2/dict_0002_0161.uasset" 6893
"../../../Engine/Content/EngineMaterials/Substrate/Glints2/dict_0002_0162.uasset" 6894
"../../../Engine/Content/EngineMaterials/Substrate/Glints2/dict_0002_0163.uasset" 6895
"../../../Engine/Content/EngineMaterials/Substrate/Glints2/dict_0002_0164.uasset" 6896
"../../../Engine/Content/EngineMaterials/Substrate/Glints2/dict_0002_0165.uasset" 6897
"../../../Engine/Content/EngineMaterials/Substrate/Glints2/dict_0002_0166.uasset" 6898
"../../../Engine/Content/EngineMaterials/Substrate/Glints2/dict_0002_0167.uasset" 6899
"../../../Engine/Content/EngineMaterials/Substrate/Glints2/dict_0002_0168.uasset" 6900
"../../../Engine/Content/EngineMaterials/Substrate/Glints2/dict_0002_0169.uasset" 6901
"../../../Engine/Content/EngineMaterials/Substrate/Glints2/dict_0002_0170.uasset" 6902
"../../../Engine/Content/EngineMaterials/Substrate/Glints2/dict_0002_0171.uasset" 6903
"../../../Engine/Content/EngineMaterials/Substrate/Glints2/dict_0002_0172.uasset" 6904
"../../../Engine/Content/EngineMaterials/Substrate/Glints2/dict_0002_0173.uasset" 6905
"../../../Engine/Content/EngineMaterials/Substrate/Glints2/dict_0002_0174.uasset" 6906
"../../../Engine/Content/EngineMaterials/Substrate/Glints2/dict_0002_0175.uasset" 6907
"../../../Engine/Content/EngineMaterials/Substrate/Glints2/dict_0002_0176.uasset" 6908
"../../../Engine/Content/EngineMaterials/Substrate/Glints2/dict_0002_0177.uasset" 6909
"../../../Engine/Content/EngineMaterials/Substrate/Glints2/dict_0002_0178.uasset" 6910
"../../../Engine/Content/EngineMaterials/Substrate/Glints2/dict_0002_0179.uasset" 6911
"../../../Engine/Content/EngineMaterials/Substrate/Glints2/dict_0002_0180.uasset" 6912
"../../../Engine/Content/EngineMaterials/Substrate/Glints2/dict_0002_0181.uasset" 6913
"../../../Engine/Content/EngineMaterials/Substrate/Glints2/dict_0002_0182.uasset" 6914
"../../../Engine/Content/EngineMaterials/Substrate/Glints2/dict_0002_0183.uasset" 6915
"../../../Engine/Content/EngineMaterials/Substrate/Glints2/dict_0002_0184.uasset" 6916
"../../../Engine/Content/EngineMaterials/Substrate/Glints2/dict_0002_0185.uasset" 6917
"../../../Engine/Content/EngineMaterials/Substrate/Glints2/dict_0002_0186.uasset" 6918
"../../../Engine/Content/EngineMaterials/Substrate/Glints2/dict_0002_0187.uasset" 6919
"../../../Engine/Content/EngineMaterials/Substrate/Glints2/dict_0002_0188.uasset" 6920
"../../../Engine/Content/EngineMaterials/Substrate/Glints2/dict_0002_0189.uasset" 6921
"../../../Engine/Content/EngineMaterials/Substrate/Glints2/dict_0002_0190.uasset" 6922
"../../../Engine/Content/EngineMaterials/Substrate/Glints2/dict_0002_0191.uasset" 6923
"../../../Engine/Content/EngineMaterials/Substrate/Glints2/dict_0002_0192.uasset" 6924
"../../../Engine/Content/EngineMaterials/Substrate/Glints2/dict_0002_0193.uasset" 6925
"../../../Engine/Content/EngineMaterials/Substrate/Glints2/dict_0002_0194.uasset" 6926
"../../../Engine/Content/EngineMaterials/Substrate/Glints2/dict_0002_0195.uasset" 6927
"../../../Engine/Content/EngineMaterials/Substrate/Glints2/dict_0002_0196.uasset" 6928
"../../../Engine/Content/EngineMaterials/Substrate/Glints2/dict_0002_0197.uasset" 6929
"../../../Engine/Content/EngineMaterials/Substrate/Glints2/dict_0002_0198.uasset" 6930
"../../../Engine/Content/EngineMaterials/Substrate/Glints2/dict_0002_0199.uasset" 6931
"../../../Engine/Content/EngineMaterials/Substrate/Glints2/dict_0002_0200.uasset" 6932
"../../../Engine/Content/EngineMaterials/Substrate/Glints2/dict_0002_0201.uasset" 6933
"../../../Engine/Content/EngineMaterials/Substrate/Glints2/dict_0002_0202.uasset" 6934
"../../../Engine/Content/EngineMaterials/Substrate/Glints2/dict_0002_0203.uasset" 6935
"../../../Engine/Content/EngineMaterials/Substrate/Glints2/dict_0002_0204.uasset" 6936
"../../../Engine/Content/EngineMaterials/Substrate/Glints2/dict_0002_0205.uasset" 6937
"../../../Engine/Content/EngineMaterials/Substrate/Glints2/dict_0002_0206.uasset" 6938
"../../../Engine/Content/EngineMaterials/Substrate/Glints2/dict_0002_0207.uasset" 6939
"../../../Engine/Content/EngineMaterials/Substrate/Glints2/dict_0002_0208.uasset" 6940
"../../../Engine/Content/EngineMaterials/Substrate/Glints2/dict_0002_0209.uasset" 6941
"../../../Engine/Content/EngineMaterials/Substrate/Glints2/dict_0002_0210.uasset" 6942
"../../../Engine/Content/EngineMaterials/Substrate/Glints2/dict_0002_0211.uasset" 6943
"../../../Engine/Content/EngineMaterials/Substrate/Glints2/dict_0002_0212.uasset" 6944
"../../../Engine/Content/EngineMaterials/Substrate/Glints2/dict_0002_0213.uasset" 6945
"../../../Engine/Content/EngineMaterials/Substrate/Glints2/dict_0002_0214.uasset" 6946
"../../../Engine/Content/EngineMaterials/Substrate/Glints2/dict_0002_0215.uasset" 6947
"../../../Engine/Content/EngineMaterials/Substrate/Glints2/dict_0002_0216.uasset" 6948
"../../../Engine/Content/EngineMaterials/Substrate/Glints2/dict_0002_0217.uasset" 6949
"../../../Engine/Content/EngineMaterials/Substrate/Glints2/dict_0002_0218.uasset" 6950
"../../../Engine/Content/EngineMaterials/Substrate/Glints2/dict_0002_0219.uasset" 6951
"../../../Engine/Content/EngineMaterials/Substrate/Glints2/dict_0002_0220.uasset" 6952
"../../../Engine/Content/EngineMaterials/Substrate/Glints2/dict_0002_0221.uasset" 6953
"../../../Engine/Content/EngineMaterials/Substrate/Glints2/dict_0002_0222.uasset" 6954
"../../../Engine/Content/EngineMaterials/Substrate/Glints2/dict_0002_0223.uasset" 6955
"../../../Engine/Content/EngineMaterials/Substrate/Glints2/dict_0002_0224.uasset" 6956
"../../../Engine/Content/EngineMaterials/Substrate/Glints2/dict_0002_0225.uasset" 6957
"../../../Engine/Content/EngineMaterials/Substrate/Glints2/dict_0002_0226.uasset" 6958
"../../../Engine/Content/EngineMaterials/Substrate/Glints2/dict_0002_0227.uasset" 6959
"../../../Engine/Content/EngineMaterials/Substrate/Glints2/dict_0002_0228.uasset" 6960
"../../../Engine/Content/EngineMaterials/Substrate/Glints2/dict_0002_0229.uasset" 6961
"../../../Engine/Content/EngineMaterials/Substrate/Glints2/dict_0002_0230.uasset" 6962
"../../../Engine/Content/EngineMaterials/Substrate/Glints2/dict_0002_0231.uasset" 6963
"../../../Engine/Content/EngineMaterials/Substrate/Glints2/dict_0002_0232.uasset" 6964
"../../../Engine/Content/EngineMaterials/Substrate/Glints2/dict_0002_0233.uasset" 6965
"../../../Engine/Content/EngineMaterials/Substrate/Glints2/dict_0002_0234.uasset" 6966
"../../../Engine/Content/EngineMaterials/Substrate/Glints2/dict_0002_0235.uasset" 6967
"../../../Engine/Content/EngineMaterials/Substrate/Glints2/dict_0002_0236.uasset" 6968
"../../../Engine/Content/EngineMaterials/Substrate/Glints2/dict_0002_0237.uasset" 6969
"../../../Engine/Content/EngineMaterials/Substrate/Glints2/dict_0002_0238.uasset" 6970
"../../../Engine/Content/EngineMaterials/Substrate/Glints2/dict_0002_0239.uasset" 6971
"../../../Engine/Content/EngineMaterials/Substrate/Glints2/dict_0002_0240.uasset" 6972
"../../../Engine/Content/EngineMaterials/Substrate/Glints2/dict_0002_0241.uasset" 6973
"../../../Engine/Content/EngineMaterials/Substrate/Glints2/dict_0002_0242.uasset" 6974
"../../../Engine/Content/EngineMaterials/Substrate/Glints2/dict_0002_0243.uasset" 6975
"../../../Engine/Content/EngineMaterials/Substrate/Glints2/dict_0002_0244.uasset" 6976
"../../../Engine/Content/EngineMaterials/Substrate/Glints2/dict_0002_0245.uasset" 6977
"../../../Engine/Content/EngineMaterials/Substrate/Glints2/dict_0002_0246.uasset" 6978
"../../../Engine/Content/EngineMaterials/Substrate/Glints2/dict_0002_0247.uasset" 6979
"../../../Engine/Content/EngineMaterials/Substrate/Glints2/dict_0002_0248.uasset" 6980
"../../../Engine/Content/EngineMaterials/Substrate/Glints2/dict_0002_0249.uasset" 6981
"../../../Engine/Content/EngineMaterials/Substrate/Glints2/dict_0002_0250.uasset" 6982
"../../../Engine/Content/EngineMaterials/Substrate/Glints2/dict_0002_0251.uasset" 6983
"../../../Engine/Content/EngineMaterials/Substrate/Glints2/dict_0002_0252.uasset" 6984
"../../../Engine/Content/EngineMaterials/Substrate/Glints2/dict_0002_0253.uasset" 6985
"../../../Engine/Content/EngineMaterials/Substrate/Glints2/dict_0002_0254.uasset" 6986
"../../../Engine/Content/EngineMaterials/Substrate/Glints2/dict_0002_0255.uasset" 6987
"../../../Engine/Content/EngineMaterials/Substrate/Glints2/dict_0003_0000.uasset" 6988
"../../../Engine/Content/EngineMaterials/Substrate/Glints2/dict_0003_0001.uasset" 6989
"../../../Engine/Content/EngineMaterials/Substrate/Glints2/dict_0003_0002.uasset" 6990
"../../../Engine/Content/EngineMaterials/Substrate/Glints2/dict_0003_0003.uasset" 6991
"../../../Engine/Content/EngineMaterials/Substrate/Glints2/dict_0003_0004.uasset" 6992
"../../../Engine/Content/EngineMaterials/Substrate/Glints2/dict_0003_0005.uasset" 6993
"../../../Engine/Content/EngineMaterials/Substrate/Glints2/dict_0003_0006.uasset" 6994
"../../../Engine/Content/EngineMaterials/Substrate/Glints2/dict_0003_0007.uasset" 6995
"../../../Engine/Content/EngineMaterials/Substrate/Glints2/dict_0003_0008.uasset" 6996
"../../../Engine/Content/EngineMaterials/Substrate/Glints2/dict_0003_0009.uasset" 6997
"../../../Engine/Content/EngineMaterials/Substrate/Glints2/dict_0003_0010.uasset" 6998
"../../../Engine/Content/EngineMaterials/Substrate/Glints2/dict_0003_0011.uasset" 6999
"../../../Engine/Content/EngineMaterials/Substrate/Glints2/dict_0003_0012.uasset" 7000
"../../../Engine/Content/EngineMaterials/Substrate/Glints2/dict_0003_0013.uasset" 7001
"../../../Engine/Content/EngineMaterials/Substrate/Glints2/dict_0003_0014.uasset" 7002
"../../../Engine/Content/EngineMaterials/Substrate/Glints2/dict_0003_0015.uasset" 7003
"../../../Engine/Content/EngineMaterials/Substrate/Glints2/dict_0003_0016.uasset" 7004
"../../../Engine/Content/EngineMaterials/Substrate/Glints2/dict_0003_0017.uasset" 7005
"../../../Engine/Content/EngineMaterials/Substrate/Glints2/dict_0003_0018.uasset" 7006
"../../../Engine/Content/EngineMaterials/Substrate/Glints2/dict_0003_0019.uasset" 7007
"../../../Engine/Content/EngineMaterials/Substrate/Glints2/dict_0003_0020.uasset" 7008
"../../../Engine/Content/EngineMaterials/Substrate/Glints2/dict_0003_0021.uasset" 7009
"../../../Engine/Content/EngineMaterials/Substrate/Glints2/dict_0003_0022.uasset" 7010
"../../../Engine/Content/EngineMaterials/Substrate/Glints2/dict_0003_0023.uasset" 7011
"../../../Engine/Content/EngineMaterials/Substrate/Glints2/dict_0003_0024.uasset" 7012
"../../../Engine/Content/EngineMaterials/Substrate/Glints2/dict_0003_0025.uasset" 7013
"../../../Engine/Content/EngineMaterials/Substrate/Glints2/dict_0003_0026.uasset" 7014
"../../../Engine/Content/EngineMaterials/Substrate/Glints2/dict_0003_0027.uasset" 7015
"../../../Engine/Content/EngineMaterials/Substrate/Glints2/dict_0003_0028.uasset" 7016
"../../../Engine/Content/EngineMaterials/Substrate/Glints2/dict_0003_0029.uasset" 7017
"../../../Engine/Content/EngineMaterials/Substrate/Glints2/dict_0003_0030.uasset" 7018
"../../../Engine/Content/EngineMaterials/Substrate/Glints2/dict_0003_0031.uasset" 7019
"../../../Engine/Content/EngineMaterials/Substrate/Glints2/dict_0003_0032.uasset" 7020
"../../../Engine/Content/EngineMaterials/Substrate/Glints2/dict_0003_0033.uasset" 7021
"../../../Engine/Content/EngineMaterials/Substrate/Glints2/dict_0003_0034.uasset" 7022
"../../../Engine/Content/EngineMaterials/Substrate/Glints2/dict_0003_0035.uasset" 7023
"../../../Engine/Content/EngineMaterials/Substrate/Glints2/dict_0003_0036.uasset" 7024
"../../../Engine/Content/EngineMaterials/Substrate/Glints2/dict_0003_0037.uasset" 7025
"../../../Engine/Content/EngineMaterials/Substrate/Glints2/dict_0003_0038.uasset" 7026
"../../../Engine/Content/EngineMaterials/Substrate/Glints2/dict_0003_0039.uasset" 7027
"../../../Engine/Content/EngineMaterials/Substrate/Glints2/dict_0003_0040.uasset" 7028
"../../../Engine/Content/EngineMaterials/Substrate/Glints2/dict_0003_0041.uasset" 7029
"../../../Engine/Content/EngineMaterials/Substrate/Glints2/dict_0003_0042.uasset" 7030
"../../../Engine/Content/EngineMaterials/Substrate/Glints2/dict_0003_0043.uasset" 7031
"../../../Engine/Content/EngineMaterials/Substrate/Glints2/dict_0003_0044.uasset" 7032
"../../../Engine/Content/EngineMaterials/Substrate/Glints2/dict_0003_0045.uasset" 7033
"../../../Engine/Content/EngineMaterials/Substrate/Glints2/dict_0003_0046.uasset" 7034
"../../../Engine/Content/EngineMaterials/Substrate/Glints2/dict_0003_0047.uasset" 7035
"../../../Engine/Content/EngineMaterials/Substrate/Glints2/dict_0003_0048.uasset" 7036
"../../../Engine/Content/EngineMaterials/Substrate/Glints2/dict_0003_0049.uasset" 7037
"../../../Engine/Content/EngineMaterials/Substrate/Glints2/dict_0003_0050.uasset" 7038
"../../../Engine/Content/EngineMaterials/Substrate/Glints2/dict_0003_0051.uasset" 7039
"../../../Engine/Content/EngineMaterials/Substrate/Glints2/dict_0003_0052.uasset" 7040
"../../../Engine/Content/EngineMaterials/Substrate/Glints2/dict_0003_0053.uasset" 7041
"../../../Engine/Content/EngineMaterials/Substrate/Glints2/dict_0003_0054.uasset" 7042
"../../../Engine/Content/EngineMaterials/Substrate/Glints2/dict_0003_0055.uasset" 7043
"../../../Engine/Content/EngineMaterials/Substrate/Glints2/dict_0003_0056.uasset" 7044
"../../../Engine/Content/EngineMaterials/Substrate/Glints2/dict_0003_0057.uasset" 7045
"../../../Engine/Content/EngineMaterials/Substrate/Glints2/dict_0003_0058.uasset" 7046
"../../../Engine/Content/EngineMaterials/Substrate/Glints2/dict_0003_0059.uasset" 7047
"../../../Engine/Content/EngineMaterials/Substrate/Glints2/dict_0003_0060.uasset" 7048
"../../../Engine/Content/EngineMaterials/Substrate/Glints2/dict_0003_0061.uasset" 7049
"../../../Engine/Content/EngineMaterials/Substrate/Glints2/dict_0003_0062.uasset" 7050
"../../../Engine/Content/EngineMaterials/Substrate/Glints2/dict_0003_0063.uasset" 7051
"../../../Engine/Content/EngineMaterials/Substrate/Glints2/dict_0003_0064.uasset" 7052
"../../../Engine/Content/EngineMaterials/Substrate/Glints2/dict_0003_0065.uasset" 7053
"../../../Engine/Content/EngineMaterials/Substrate/Glints2/dict_0003_0066.uasset" 7054
"../../../Engine/Content/EngineMaterials/Substrate/Glints2/dict_0003_0067.uasset" 7055
"../../../Engine/Content/EngineMaterials/Substrate/Glints2/dict_0003_0068.uasset" 7056
"../../../Engine/Content/EngineMaterials/Substrate/Glints2/dict_0003_0069.uasset" 7057
"../../../Engine/Content/EngineMaterials/Substrate/Glints2/dict_0003_0070.uasset" 7058
"../../../Engine/Content/EngineMaterials/Substrate/Glints2/dict_0003_0071.uasset" 7059
"../../../Engine/Content/EngineMaterials/Substrate/Glints2/dict_0003_0072.uasset" 7060
"../../../Engine/Content/EngineMaterials/Substrate/Glints2/dict_0003_0073.uasset" 7061
"../../../Engine/Content/EngineMaterials/Substrate/Glints2/dict_0003_0074.uasset" 7062
"../../../Engine/Content/EngineMaterials/Substrate/Glints2/dict_0003_0075.uasset" 7063
"../../../Engine/Content/EngineMaterials/Substrate/Glints2/dict_0003_0076.uasset" 7064
"../../../Engine/Content/EngineMaterials/Substrate/Glints2/dict_0003_0077.uasset" 7065
"../../../Engine/Content/EngineMaterials/Substrate/Glints2/dict_0003_0078.uasset" 7066
"../../../Engine/Content/EngineMaterials/Substrate/Glints2/dict_0003_0079.uasset" 7067
"../../../Engine/Content/EngineMaterials/Substrate/Glints2/dict_0003_0080.uasset" 7068
"../../../Engine/Content/EngineMaterials/Substrate/Glints2/dict_0003_0081.uasset" 7069
"../../../Engine/Content/EngineMaterials/Substrate/Glints2/dict_0003_0082.uasset" 7070
"../../../Engine/Content/EngineMaterials/Substrate/Glints2/dict_0003_0083.uasset" 7071
"../../../Engine/Content/EngineMaterials/Substrate/Glints2/dict_0003_0084.uasset" 7072
"../../../Engine/Content/EngineMaterials/Substrate/Glints2/dict_0003_0085.uasset" 7073
"../../../Engine/Content/EngineMaterials/Substrate/Glints2/dict_0003_0086.uasset" 7074
"../../../Engine/Content/EngineMaterials/Substrate/Glints2/dict_0003_0087.uasset" 7075
"../../../Engine/Content/EngineMaterials/Substrate/Glints2/dict_0003_0088.uasset" 7076
"../../../Engine/Content/EngineMaterials/Substrate/Glints2/dict_0003_0089.uasset" 7077
"../../../Engine/Content/EngineMaterials/Substrate/Glints2/dict_0003_0090.uasset" 7078
"../../../Engine/Content/EngineMaterials/Substrate/Glints2/dict_0003_0091.uasset" 7079
"../../../Engine/Content/EngineMaterials/Substrate/Glints2/dict_0003_0092.uasset" 7080
"../../../Engine/Content/EngineMaterials/Substrate/Glints2/dict_0003_0093.uasset" 7081
"../../../Engine/Content/EngineMaterials/Substrate/Glints2/dict_0003_0094.uasset" 7082
"../../../Engine/Content/EngineMaterials/Substrate/Glints2/dict_0003_0095.uasset" 7083
"../../../Engine/Content/EngineMaterials/Substrate/Glints2/dict_0003_0096.uasset" 7084
"../../../Engine/Content/EngineMaterials/Substrate/Glints2/dict_0003_0097.uasset" 7085
"../../../Engine/Content/EngineMaterials/Substrate/Glints2/dict_0003_0098.uasset" 7086
"../../../Engine/Content/EngineMaterials/Substrate/Glints2/dict_0003_0099.uasset" 7087
"../../../Engine/Content/EngineMaterials/Substrate/Glints2/dict_0003_0100.uasset" 7088
"../../../Engine/Content/EngineMaterials/Substrate/Glints2/dict_0003_0101.uasset" 7089
"../../../Engine/Content/EngineMaterials/Substrate/Glints2/dict_0003_0102.uasset" 7090
"../../../Engine/Content/EngineMaterials/Substrate/Glints2/dict_0003_0103.uasset" 7091
"../../../Engine/Content/EngineMaterials/Substrate/Glints2/dict_0003_0104.uasset" 7092
"../../../Engine/Content/EngineMaterials/Substrate/Glints2/dict_0003_0105.uasset" 7093
"../../../Engine/Content/EngineMaterials/Substrate/Glints2/dict_0003_0106.uasset" 7094
"../../../Engine/Content/EngineMaterials/Substrate/Glints2/dict_0003_0107.uasset" 7095
"../../../Engine/Content/EngineMaterials/Substrate/Glints2/dict_0003_0108.uasset" 7096
"../../../Engine/Content/EngineMaterials/Substrate/Glints2/dict_0003_0109.uasset" 7097
"../../../Engine/Content/EngineMaterials/Substrate/Glints2/dict_0003_0110.uasset" 7098
"../../../Engine/Content/EngineMaterials/Substrate/Glints2/dict_0003_0111.uasset" 7099
"../../../Engine/Content/EngineMaterials/Substrate/Glints2/dict_0003_0112.uasset" 7100
"../../../Engine/Content/EngineMaterials/Substrate/Glints2/dict_0003_0113.uasset" 7101
"../../../Engine/Content/EngineMaterials/Substrate/Glints2/dict_0003_0114.uasset" 7102
"../../../Engine/Content/EngineMaterials/Substrate/Glints2/dict_0003_0115.uasset" 7103
"../../../Engine/Content/EngineMaterials/Substrate/Glints2/dict_0003_0116.uasset" 7104
"../../../Engine/Content/EngineMaterials/Substrate/Glints2/dict_0003_0117.uasset" 7105
"../../../Engine/Content/EngineMaterials/Substrate/Glints2/dict_0003_0118.uasset" 7106
"../../../Engine/Content/EngineMaterials/Substrate/Glints2/dict_0003_0119.uasset" 7107
"../../../Engine/Content/EngineMaterials/Substrate/Glints2/dict_0003_0120.uasset" 7108
"../../../Engine/Content/EngineMaterials/Substrate/Glints2/dict_0003_0121.uasset" 7109
"../../../Engine/Content/EngineMaterials/Substrate/Glints2/dict_0003_0122.uasset" 7110
"../../../Engine/Content/EngineMaterials/Substrate/Glints2/dict_0003_0123.uasset" 7111
"../../../Engine/Content/EngineMaterials/Substrate/Glints2/dict_0003_0124.uasset" 7112
"../../../Engine/Content/EngineMaterials/Substrate/Glints2/dict_0003_0125.uasset" 7113
"../../../Engine/Content/EngineMaterials/Substrate/Glints2/dict_0003_0126.uasset" 7114
"../../../Engine/Content/EngineMaterials/Substrate/Glints2/dict_0003_0127.uasset" 7115
"../../../Engine/Content/EngineMaterials/Substrate/Glints2/dict_0003_0128.uasset" 7116
"../../../Engine/Content/EngineMaterials/Substrate/Glints2/dict_0003_0129.uasset" 7117
"../../../Engine/Content/EngineMaterials/Substrate/Glints2/dict_0003_0130.uasset" 7118
"../../../Engine/Content/EngineMaterials/Substrate/Glints2/dict_0003_0131.uasset" 7119
"../../../Engine/Content/EngineMaterials/Substrate/Glints2/dict_0003_0132.uasset" 7120
"../../../Engine/Content/EngineMaterials/Substrate/Glints2/dict_0003_0133.uasset" 7121
"../../../Engine/Content/EngineMaterials/Substrate/Glints2/dict_0003_0134.uasset" 7122
"../../../Engine/Content/EngineMaterials/Substrate/Glints2/dict_0003_0135.uasset" 7123
"../../../Engine/Content/EngineMaterials/Substrate/Glints2/dict_0003_0136.uasset" 7124
"../../../Engine/Content/EngineMaterials/Substrate/Glints2/dict_0003_0137.uasset" 7125
"../../../Engine/Content/EngineMaterials/Substrate/Glints2/dict_0003_0138.uasset" 7126
"../../../Engine/Content/EngineMaterials/Substrate/Glints2/dict_0003_0139.uasset" 7127
"../../../Engine/Content/EngineMaterials/Substrate/Glints2/dict_0003_0140.uasset" 7128
"../../../Engine/Content/EngineMaterials/Substrate/Glints2/dict_0003_0141.uasset" 7129
"../../../Engine/Content/EngineMaterials/Substrate/Glints2/dict_0003_0142.uasset" 7130
"../../../Engine/Content/EngineMaterials/Substrate/Glints2/dict_0003_0143.uasset" 7131
"../../../Engine/Content/EngineMaterials/Substrate/Glints2/dict_0003_0144.uasset" 7132
"../../../Engine/Content/EngineMaterials/Substrate/Glints2/dict_0003_0145.uasset" 7133
"../../../Engine/Content/EngineMaterials/Substrate/Glints2/dict_0003_0146.uasset" 7134
"../../../Engine/Content/EngineMaterials/Substrate/Glints2/dict_0003_0147.uasset" 7135
"../../../Engine/Content/EngineMaterials/Substrate/Glints2/dict_0003_0148.uasset" 7136
"../../../Engine/Content/EngineMaterials/Substrate/Glints2/dict_0003_0149.uasset" 7137
"../../../Engine/Content/EngineMaterials/Substrate/Glints2/dict_0003_0150.uasset" 7138
"../../../Engine/Content/EngineMaterials/Substrate/Glints2/dict_0003_0151.uasset" 7139
"../../../Engine/Content/EngineMaterials/Substrate/Glints2/dict_0003_0152.uasset" 7140
"../../../Engine/Content/EngineMaterials/Substrate/Glints2/dict_0003_0153.uasset" 7141
"../../../Engine/Content/EngineMaterials/Substrate/Glints2/dict_0003_0154.uasset" 7142
"../../../Engine/Content/EngineMaterials/Substrate/Glints2/dict_0003_0155.uasset" 7143
"../../../Engine/Content/EngineMaterials/Substrate/Glints2/dict_0003_0156.uasset" 7144
"../../../Engine/Content/EngineMaterials/Substrate/Glints2/dict_0003_0157.uasset" 7145
"../../../Engine/Content/EngineMaterials/Substrate/Glints2/dict_0003_0158.uasset" 7146
"../../../Engine/Content/EngineMaterials/Substrate/Glints2/dict_0003_0159.uasset" 7147
"../../../Engine/Content/EngineMaterials/Substrate/Glints2/dict_0003_0160.uasset" 7148
"../../../Engine/Content/EngineMaterials/Substrate/Glints2/dict_0003_0161.uasset" 7149
"../../../Engine/Content/EngineMaterials/Substrate/Glints2/dict_0003_0162.uasset" 7150
"../../../Engine/Content/EngineMaterials/Substrate/Glints2/dict_0003_0163.uasset" 7151
"../../../Engine/Content/EngineMaterials/Substrate/Glints2/dict_0003_0164.uasset" 7152
"../../../Engine/Content/EngineMaterials/Substrate/Glints2/dict_0003_0165.uasset" 7153
"../../../Engine/Content/EngineMaterials/Substrate/Glints2/dict_0003_0166.uasset" 7154
"../../../Engine/Content/EngineMaterials/Substrate/Glints2/dict_0003_0167.uasset" 7155
"../../../Engine/Content/EngineMaterials/Substrate/Glints2/dict_0003_0168.uasset" 7156
"../../../Engine/Content/EngineMaterials/Substrate/Glints2/dict_0003_0169.uasset" 7157
"../../../Engine/Content/EngineMaterials/Substrate/Glints2/dict_0003_0170.uasset" 7158
"../../../Engine/Content/EngineMaterials/Substrate/Glints2/dict_0003_0171.uasset" 7159
"../../../Engine/Content/EngineMaterials/Substrate/Glints2/dict_0003_0172.uasset" 7160
"../../../Engine/Content/EngineMaterials/Substrate/Glints2/dict_0003_0173.uasset" 7161
"../../../Engine/Content/EngineMaterials/Substrate/Glints2/dict_0003_0174.uasset" 7162
"../../../Engine/Content/EngineMaterials/Substrate/Glints2/dict_0003_0175.uasset" 7163
"../../../Engine/Content/EngineMaterials/Substrate/Glints2/dict_0003_0176.uasset" 7164
"../../../Engine/Content/EngineMaterials/Substrate/Glints2/dict_0003_0177.uasset" 7165
"../../../Engine/Content/EngineMaterials/Substrate/Glints2/dict_0003_0178.uasset" 7166
"../../../Engine/Content/EngineMaterials/Substrate/Glints2/dict_0003_0179.uasset" 7167
"../../../Engine/Content/EngineMaterials/Substrate/Glints2/dict_0003_0180.uasset" 7168
"../../../Engine/Content/EngineMaterials/Substrate/Glints2/dict_0003_0181.uasset" 7169
"../../../Engine/Content/EngineMaterials/Substrate/Glints2/dict_0003_0182.uasset" 7170
"../../../Engine/Content/EngineMaterials/Substrate/Glints2/dict_0003_0183.uasset" 7171
"../../../Engine/Content/EngineMaterials/Substrate/Glints2/dict_0003_0184.uasset" 7172
"../../../Engine/Content/EngineMaterials/Substrate/Glints2/dict_0003_0185.uasset" 7173
"../../../Engine/Content/EngineMaterials/Substrate/Glints2/dict_0003_0186.uasset" 7174
"../../../Engine/Content/EngineMaterials/Substrate/Glints2/dict_0003_0187.uasset" 7175
"../../../Engine/Content/EngineMaterials/Substrate/Glints2/dict_0003_0188.uasset" 7176
"../../../Engine/Content/EngineMaterials/Substrate/Glints2/dict_0003_0189.uasset" 7177
"../../../Engine/Content/EngineMaterials/Substrate/Glints2/dict_0003_0190.uasset" 7178
"../../../Engine/Content/EngineMaterials/Substrate/Glints2/dict_0003_0191.uasset" 7179
"../../../Engine/Content/EngineMaterials/Substrate/Glints2/dict_0003_0192.uasset" 7180
"../../../Engine/Content/EngineMaterials/Substrate/Glints2/dict_0003_0193.uasset" 7181
"../../../Engine/Content/EngineMaterials/Substrate/Glints2/dict_0003_0194.uasset" 7182
"../../../Engine/Content/EngineMaterials/Substrate/Glints2/dict_0003_0195.uasset" 7183
"../../../Engine/Content/EngineMaterials/Substrate/Glints2/dict_0003_0196.uasset" 7184
"../../../Engine/Content/EngineMaterials/Substrate/Glints2/dict_0003_0197.uasset" 7185
"../../../Engine/Content/EngineMaterials/Substrate/Glints2/dict_0003_0198.uasset" 7186
"../../../Engine/Content/EngineMaterials/Substrate/Glints2/dict_0003_0199.uasset" 7187
"../../../Engine/Content/EngineMaterials/Substrate/Glints2/dict_0003_0200.uasset" 7188
"../../../Engine/Content/EngineMaterials/Substrate/Glints2/dict_0003_0201.uasset" 7189
"../../../Engine/Content/EngineMaterials/Substrate/Glints2/dict_0003_0202.uasset" 7190
"../../../Engine/Content/EngineMaterials/Substrate/Glints2/dict_0003_0203.uasset" 7191
"../../../Engine/Content/EngineMaterials/Substrate/Glints2/dict_0003_0204.uasset" 7192
"../../../Engine/Content/EngineMaterials/Substrate/Glints2/dict_0003_0205.uasset" 7193
"../../../Engine/Content/EngineMaterials/Substrate/Glints2/dict_0003_0206.uasset" 7194
"../../../Engine/Content/EngineMaterials/Substrate/Glints2/dict_0003_0207.uasset" 7195
"../../../Engine/Content/EngineMaterials/Substrate/Glints2/dict_0003_0208.uasset" 7196
"../../../Engine/Content/EngineMaterials/Substrate/Glints2/dict_0003_0209.uasset" 7197
"../../../Engine/Content/EngineMaterials/Substrate/Glints2/dict_0003_0210.uasset" 7198
"../../../Engine/Content/EngineMaterials/Substrate/Glints2/dict_0003_0211.uasset" 7199
"../../../Engine/Content/EngineMaterials/Substrate/Glints2/dict_0003_0212.uasset" 7200
"../../../Engine/Content/EngineMaterials/Substrate/Glints2/dict_0003_0213.uasset" 7201
"../../../Engine/Content/EngineMaterials/Substrate/Glints2/dict_0003_0214.uasset" 7202
"../../../Engine/Content/EngineMaterials/Substrate/Glints2/dict_0003_0215.uasset" 7203
"../../../Engine/Content/EngineMaterials/Substrate/Glints2/dict_0003_0216.uasset" 7204
"../../../Engine/Content/EngineMaterials/Substrate/Glints2/dict_0003_0217.uasset" 7205
"../../../Engine/Content/EngineMaterials/Substrate/Glints2/dict_0003_0218.uasset" 7206
"../../../Engine/Content/EngineMaterials/Substrate/Glints2/dict_0003_0219.uasset" 7207
"../../../Engine/Content/EngineMaterials/Substrate/Glints2/dict_0003_0220.uasset" 7208
"../../../Engine/Content/EngineMaterials/Substrate/Glints2/dict_0003_0221.uasset" 7209
"../../../Engine/Content/EngineMaterials/Substrate/Glints2/dict_0003_0222.uasset" 7210
"../../../Engine/Content/EngineMaterials/Substrate/Glints2/dict_0003_0223.uasset" 7211
"../../../Engine/Content/EngineMaterials/Substrate/Glints2/dict_0003_0224.uasset" 7212
"../../../Engine/Content/EngineMaterials/Substrate/Glints2/dict_0003_0225.uasset" 7213
"../../../Engine/Content/EngineMaterials/Substrate/Glints2/dict_0003_0226.uasset" 7214
"../../../Engine/Content/EngineMaterials/Substrate/Glints2/dict_0003_0227.uasset" 7215
"../../../Engine/Content/EngineMaterials/Substrate/Glints2/dict_0003_0228.uasset" 7216
"../../../Engine/Content/EngineMaterials/Substrate/Glints2/dict_0003_0229.uasset" 7217
"../../../Engine/Content/EngineMaterials/Substrate/Glints2/dict_0003_0230.uasset" 7218
"../../../Engine/Content/EngineMaterials/Substrate/Glints2/dict_0003_0231.uasset" 7219
"../../../Engine/Content/EngineMaterials/Substrate/Glints2/dict_0003_0232.uasset" 7220
"../../../Engine/Content/EngineMaterials/Substrate/Glints2/dict_0003_0233.uasset" 7221
"../../../Engine/Content/EngineMaterials/Substrate/Glints2/dict_0003_0234.uasset" 7222
"../../../Engine/Content/EngineMaterials/Substrate/Glints2/dict_0003_0235.uasset" 7223
"../../../Engine/Content/EngineMaterials/Substrate/Glints2/dict_0003_0236.uasset" 7224
"../../../Engine/Content/EngineMaterials/Substrate/Glints2/dict_0003_0237.uasset" 7225
"../../../Engine/Content/EngineMaterials/Substrate/Glints2/dict_0003_0238.uasset" 7226
"../../../Engine/Content/EngineMaterials/Substrate/Glints2/dict_0003_0239.uasset" 7227
"../../../Engine/Content/EngineMaterials/Substrate/Glints2/dict_0003_0240.uasset" 7228
"../../../Engine/Content/EngineMaterials/Substrate/Glints2/dict_0003_0241.uasset" 7229
"../../../Engine/Content/EngineMaterials/Substrate/Glints2/dict_0003_0242.uasset" 7230
"../../../Engine/Content/EngineMaterials/Substrate/Glints2/dict_0003_0243.uasset" 7231
"../../../Engine/Content/EngineMaterials/Substrate/Glints2/dict_0003_0244.uasset" 7232
"../../../Engine/Content/EngineMaterials/Substrate/Glints2/dict_0003_0245.uasset" 7233
"../../../Engine/Content/EngineMaterials/Substrate/Glints2/dict_0003_0246.uasset" 7234
"../../../Engine/Content/EngineMaterials/Substrate/Glints2/dict_0003_0247.uasset" 7235
"../../../Engine/Content/EngineMaterials/Substrate/Glints2/dict_0003_0248.uasset" 7236
"../../../Engine/Content/EngineMaterials/Substrate/Glints2/dict_0003_0249.uasset" 7237
"../../../Engine/Content/EngineMaterials/Substrate/Glints2/dict_0003_0250.uasset" 7238
"../../../Engine/Content/EngineMaterials/Substrate/Glints2/dict_0003_0251.uasset" 7239
"../../../Engine/Content/EngineMaterials/Substrate/Glints2/dict_0003_0252.uasset" 7240
"../../../Engine/Content/EngineMaterials/Substrate/Glints2/dict_0003_0253.uasset" 7241
"../../../Engine/Content/EngineMaterials/Substrate/Glints2/dict_0003_0254.uasset" 7242
"../../../Engine/Content/EngineMaterials/Substrate/Glints2/dict_0003_0255.uasset" 7243
"../../../Engine/Content/EngineMaterials/Substrate/Glints2/dict_0004_0000.uasset" 7244
"../../../Engine/Content/EngineMaterials/Substrate/Glints2/dict_0004_0001.uasset" 7245
"../../../Engine/Content/EngineMaterials/Substrate/Glints2/dict_0004_0002.uasset" 7246
"../../../Engine/Content/EngineMaterials/Substrate/Glints2/dict_0004_0003.uasset" 7247
"../../../Engine/Content/EngineMaterials/Substrate/Glints2/dict_0004_0004.uasset" 7248
"../../../Engine/Content/EngineMaterials/Substrate/Glints2/dict_0004_0005.uasset" 7249
"../../../Engine/Content/EngineMaterials/Substrate/Glints2/dict_0004_0006.uasset" 7250
"../../../Engine/Content/EngineMaterials/Substrate/Glints2/dict_0004_0007.uasset" 7251
"../../../Engine/Content/EngineMaterials/Substrate/Glints2/dict_0004_0008.uasset" 7252
"../../../Engine/Content/EngineMaterials/Substrate/Glints2/dict_0004_0009.uasset" 7253
"../../../Engine/Content/EngineMaterials/Substrate/Glints2/dict_0004_0010.uasset" 7254
"../../../Engine/Content/EngineMaterials/Substrate/Glints2/dict_0004_0011.uasset" 7255
"../../../Engine/Content/EngineMaterials/Substrate/Glints2/dict_0004_0012.uasset" 7256
"../../../Engine/Content/EngineMaterials/Substrate/Glints2/dict_0004_0013.uasset" 7257
"../../../Engine/Content/EngineMaterials/Substrate/Glints2/dict_0004_0014.uasset" 7258
"../../../Engine/Content/EngineMaterials/Substrate/Glints2/dict_0004_0015.uasset" 7259
"../../../Engine/Content/EngineMaterials/Substrate/Glints2/dict_0004_0016.uasset" 7260
"../../../Engine/Content/EngineMaterials/Substrate/Glints2/dict_0004_0017.uasset" 7261
"../../../Engine/Content/EngineMaterials/Substrate/Glints2/dict_0004_0018.uasset" 7262
"../../../Engine/Content/EngineMaterials/Substrate/Glints2/dict_0004_0019.uasset" 7263
"../../../Engine/Content/EngineMaterials/Substrate/Glints2/dict_0004_0020.uasset" 7264
"../../../Engine/Content/EngineMaterials/Substrate/Glints2/dict_0004_0021.uasset" 7265
"../../../Engine/Content/EngineMaterials/Substrate/Glints2/dict_0004_0022.uasset" 7266
"../../../Engine/Content/EngineMaterials/Substrate/Glints2/dict_0004_0023.uasset" 7267
"../../../Engine/Content/EngineMaterials/Substrate/Glints2/dict_0004_0024.uasset" 7268
"../../../Engine/Content/EngineMaterials/Substrate/Glints2/dict_0004_0025.uasset" 7269
"../../../Engine/Content/EngineMaterials/Substrate/Glints2/dict_0004_0026.uasset" 7270
"../../../Engine/Content/EngineMaterials/Substrate/Glints2/dict_0004_0027.uasset" 7271
"../../../Engine/Content/EngineMaterials/Substrate/Glints2/dict_0004_0028.uasset" 7272
"../../../Engine/Content/EngineMaterials/Substrate/Glints2/dict_0004_0029.uasset" 7273
"../../../Engine/Content/EngineMaterials/Substrate/Glints2/dict_0004_0030.uasset" 7274
"../../../Engine/Content/EngineMaterials/Substrate/Glints2/dict_0004_0031.uasset" 7275
"../../../Engine/Content/EngineMaterials/Substrate/Glints2/dict_0004_0032.uasset" 7276
"../../../Engine/Content/EngineMaterials/Substrate/Glints2/dict_0004_0033.uasset" 7277
"../../../Engine/Content/EngineMaterials/Substrate/Glints2/dict_0004_0034.uasset" 7278
"../../../Engine/Content/EngineMaterials/Substrate/Glints2/dict_0004_0035.uasset" 7279
"../../../Engine/Content/EngineMaterials/Substrate/Glints2/dict_0004_0036.uasset" 7280
"../../../Engine/Content/EngineMaterials/Substrate/Glints2/dict_0004_0037.uasset" 7281
"../../../Engine/Content/EngineMaterials/Substrate/Glints2/dict_0004_0038.uasset" 7282
"../../../Engine/Content/EngineMaterials/Substrate/Glints2/dict_0004_0039.uasset" 7283
"../../../Engine/Content/EngineMaterials/Substrate/Glints2/dict_0004_0040.uasset" 7284
"../../../Engine/Content/EngineMaterials/Substrate/Glints2/dict_0004_0041.uasset" 7285
"../../../Engine/Content/EngineMaterials/Substrate/Glints2/dict_0004_0042.uasset" 7286
"../../../Engine/Content/EngineMaterials/Substrate/Glints2/dict_0004_0043.uasset" 7287
"../../../Engine/Content/EngineMaterials/Substrate/Glints2/dict_0004_0044.uasset" 7288
"../../../Engine/Content/EngineMaterials/Substrate/Glints2/dict_0004_0045.uasset" 7289
"../../../Engine/Content/EngineMaterials/Substrate/Glints2/dict_0004_0046.uasset" 7290
"../../../Engine/Content/EngineMaterials/Substrate/Glints2/dict_0004_0047.uasset" 7291
"../../../Engine/Content/EngineMaterials/Substrate/Glints2/dict_0004_0048.uasset" 7292
"../../../Engine/Content/EngineMaterials/Substrate/Glints2/dict_0004_0049.uasset" 7293
"../../../Engine/Content/EngineMaterials/Substrate/Glints2/dict_0004_0050.uasset" 7294
"../../../Engine/Content/EngineMaterials/Substrate/Glints2/dict_0004_0051.uasset" 7295
"../../../Engine/Content/EngineMaterials/Substrate/Glints2/dict_0004_0052.uasset" 7296
"../../../Engine/Content/EngineMaterials/Substrate/Glints2/dict_0004_0053.uasset" 7297
"../../../Engine/Content/EngineMaterials/Substrate/Glints2/dict_0004_0054.uasset" 7298
"../../../Engine/Content/EngineMaterials/Substrate/Glints2/dict_0004_0055.uasset" 7299
"../../../Engine/Content/EngineMaterials/Substrate/Glints2/dict_0004_0056.uasset" 7300
"../../../Engine/Content/EngineMaterials/Substrate/Glints2/dict_0004_0057.uasset" 7301
"../../../Engine/Content/EngineMaterials/Substrate/Glints2/dict_0004_0058.uasset" 7302
"../../../Engine/Content/EngineMaterials/Substrate/Glints2/dict_0004_0059.uasset" 7303
"../../../Engine/Content/EngineMaterials/Substrate/Glints2/dict_0004_0060.uasset" 7304
"../../../Engine/Content/EngineMaterials/Substrate/Glints2/dict_0004_0061.uasset" 7305
"../../../Engine/Content/EngineMaterials/Substrate/Glints2/dict_0004_0062.uasset" 7306
"../../../Engine/Content/EngineMaterials/Substrate/Glints2/dict_0004_0063.uasset" 7307
"../../../Engine/Content/EngineMaterials/Substrate/Glints2/dict_0004_0064.uasset" 7308
"../../../Engine/Content/EngineMaterials/Substrate/Glints2/dict_0004_0065.uasset" 7309
"../../../Engine/Content/EngineMaterials/Substrate/Glints2/dict_0004_0066.uasset" 7310
"../../../Engine/Content/EngineMaterials/Substrate/Glints2/dict_0004_0067.uasset" 7311
"../../../Engine/Content/EngineMaterials/Substrate/Glints2/dict_0004_0068.uasset" 7312
"../../../Engine/Content/EngineMaterials/Substrate/Glints2/dict_0004_0069.uasset" 7313
"../../../Engine/Content/EngineMaterials/Substrate/Glints2/dict_0004_0070.uasset" 7314
"../../../Engine/Content/EngineMaterials/Substrate/Glints2/dict_0004_0071.uasset" 7315
"../../../Engine/Content/EngineMaterials/Substrate/Glints2/dict_0004_0072.uasset" 7316
"../../../Engine/Content/EngineMaterials/Substrate/Glints2/dict_0004_0073.uasset" 7317
"../../../Engine/Content/EngineMaterials/Substrate/Glints2/dict_0004_0074.uasset" 7318
"../../../Engine/Content/EngineMaterials/Substrate/Glints2/dict_0004_0075.uasset" 7319
"../../../Engine/Content/EngineMaterials/Substrate/Glints2/dict_0004_0076.uasset" 7320
"../../../Engine/Content/EngineMaterials/Substrate/Glints2/dict_0004_0077.uasset" 7321
"../../../Engine/Content/EngineMaterials/Substrate/Glints2/dict_0004_0078.uasset" 7322
"../../../Engine/Content/EngineMaterials/Substrate/Glints2/dict_0004_0079.uasset" 7323
"../../../Engine/Content/EngineMaterials/Substrate/Glints2/dict_0004_0080.uasset" 7324
"../../../Engine/Content/EngineMaterials/Substrate/Glints2/dict_0004_0081.uasset" 7325
"../../../Engine/Content/EngineMaterials/Substrate/Glints2/dict_0004_0082.uasset" 7326
"../../../Engine/Content/EngineMaterials/Substrate/Glints2/dict_0004_0083.uasset" 7327
"../../../Engine/Content/EngineMaterials/Substrate/Glints2/dict_0004_0084.uasset" 7328
"../../../Engine/Content/EngineMaterials/Substrate/Glints2/dict_0004_0085.uasset" 7329
"../../../Engine/Content/EngineMaterials/Substrate/Glints2/dict_0004_0086.uasset" 7330
"../../../Engine/Content/EngineMaterials/Substrate/Glints2/dict_0004_0087.uasset" 7331
"../../../Engine/Content/EngineMaterials/Substrate/Glints2/dict_0004_0088.uasset" 7332
"../../../Engine/Content/EngineMaterials/Substrate/Glints2/dict_0004_0089.uasset" 7333
"../../../Engine/Content/EngineMaterials/Substrate/Glints2/dict_0004_0090.uasset" 7334
"../../../Engine/Content/EngineMaterials/Substrate/Glints2/dict_0004_0091.uasset" 7335
"../../../Engine/Content/EngineMaterials/Substrate/Glints2/dict_0004_0092.uasset" 7336
"../../../Engine/Content/EngineMaterials/Substrate/Glints2/dict_0004_0093.uasset" 7337
"../../../Engine/Content/EngineMaterials/Substrate/Glints2/dict_0004_0094.uasset" 7338
"../../../Engine/Content/EngineMaterials/Substrate/Glints2/dict_0004_0095.uasset" 7339
"../../../Engine/Content/EngineMaterials/Substrate/Glints2/dict_0004_0096.uasset" 7340
"../../../Engine/Content/EngineMaterials/Substrate/Glints2/dict_0004_0097.uasset" 7341
"../../../Engine/Content/EngineMaterials/Substrate/Glints2/dict_0004_0098.uasset" 7342
"../../../Engine/Content/EngineMaterials/Substrate/Glints2/dict_0004_0099.uasset" 7343
"../../../Engine/Content/EngineMaterials/Substrate/Glints2/dict_0004_0100.uasset" 7344
"../../../Engine/Content/EngineMaterials/Substrate/Glints2/dict_0004_0101.uasset" 7345
"../../../Engine/Content/EngineMaterials/Substrate/Glints2/dict_0004_0102.uasset" 7346
"../../../Engine/Content/EngineMaterials/Substrate/Glints2/dict_0004_0103.uasset" 7347
"../../../Engine/Content/EngineMaterials/Substrate/Glints2/dict_0004_0104.uasset" 7348
"../../../Engine/Content/EngineMaterials/Substrate/Glints2/dict_0004_0105.uasset" 7349
"../../../Engine/Content/EngineMaterials/Substrate/Glints2/dict_0004_0106.uasset" 7350
"../../../Engine/Content/EngineMaterials/Substrate/Glints2/dict_0004_0107.uasset" 7351
"../../../Engine/Content/EngineMaterials/Substrate/Glints2/dict_0004_0108.uasset" 7352
"../../../Engine/Content/EngineMaterials/Substrate/Glints2/dict_0004_0109.uasset" 7353
"../../../Engine/Content/EngineMaterials/Substrate/Glints2/dict_0004_0110.uasset" 7354
"../../../Engine/Content/EngineMaterials/Substrate/Glints2/dict_0004_0111.uasset" 7355
"../../../Engine/Content/EngineMaterials/Substrate/Glints2/dict_0004_0112.uasset" 7356
"../../../Engine/Content/EngineMaterials/Substrate/Glints2/dict_0004_0113.uasset" 7357
"../../../Engine/Content/EngineMaterials/Substrate/Glints2/dict_0004_0114.uasset" 7358
"../../../Engine/Content/EngineMaterials/Substrate/Glints2/dict_0004_0115.uasset" 7359
"../../../Engine/Content/EngineMaterials/Substrate/Glints2/dict_0004_0116.uasset" 7360
"../../../Engine/Content/EngineMaterials/Substrate/Glints2/dict_0004_0117.uasset" 7361
"../../../Engine/Content/EngineMaterials/Substrate/Glints2/dict_0004_0118.uasset" 7362
"../../../Engine/Content/EngineMaterials/Substrate/Glints2/dict_0004_0119.uasset" 7363
"../../../Engine/Content/EngineMaterials/Substrate/Glints2/dict_0004_0120.uasset" 7364
"../../../Engine/Content/EngineMaterials/Substrate/Glints2/dict_0004_0121.uasset" 7365
"../../../Engine/Content/EngineMaterials/Substrate/Glints2/dict_0004_0122.uasset" 7366
"../../../Engine/Content/EngineMaterials/Substrate/Glints2/dict_0004_0123.uasset" 7367
"../../../Engine/Content/EngineMaterials/Substrate/Glints2/dict_0004_0124.uasset" 7368
"../../../Engine/Content/EngineMaterials/Substrate/Glints2/dict_0004_0125.uasset" 7369
"../../../Engine/Content/EngineMaterials/Substrate/Glints2/dict_0004_0126.uasset" 7370
"../../../Engine/Content/EngineMaterials/Substrate/Glints2/dict_0004_0127.uasset" 7371
"../../../Engine/Content/EngineMaterials/Substrate/Glints2/dict_0004_0128.uasset" 7372
"../../../Engine/Content/EngineMaterials/Substrate/Glints2/dict_0004_0129.uasset" 7373
"../../../Engine/Content/EngineMaterials/Substrate/Glints2/dict_0004_0130.uasset" 7374
"../../../Engine/Content/EngineMaterials/Substrate/Glints2/dict_0004_0131.uasset" 7375
"../../../Engine/Content/EngineMaterials/Substrate/Glints2/dict_0004_0132.uasset" 7376
"../../../Engine/Content/EngineMaterials/Substrate/Glints2/dict_0004_0133.uasset" 7377
"../../../Engine/Content/EngineMaterials/Substrate/Glints2/dict_0004_0134.uasset" 7378
"../../../Engine/Content/EngineMaterials/Substrate/Glints2/dict_0004_0135.uasset" 7379
"../../../Engine/Content/EngineMaterials/Substrate/Glints2/dict_0004_0136.uasset" 7380
"../../../Engine/Content/EngineMaterials/Substrate/Glints2/dict_0004_0137.uasset" 7381
"../../../Engine/Content/EngineMaterials/Substrate/Glints2/dict_0004_0138.uasset" 7382
"../../../Engine/Content/EngineMaterials/Substrate/Glints2/dict_0004_0139.uasset" 7383
"../../../Engine/Content/EngineMaterials/Substrate/Glints2/dict_0004_0140.uasset" 7384
"../../../Engine/Content/EngineMaterials/Substrate/Glints2/dict_0004_0141.uasset" 7385
"../../../Engine/Content/EngineMaterials/Substrate/Glints2/dict_0004_0142.uasset" 7386
"../../../Engine/Content/EngineMaterials/Substrate/Glints2/dict_0004_0143.uasset" 7387
"../../../Engine/Content/EngineMaterials/Substrate/Glints2/dict_0004_0144.uasset" 7388
"../../../Engine/Content/EngineMaterials/Substrate/Glints2/dict_0004_0145.uasset" 7389
"../../../Engine/Content/EngineMaterials/Substrate/Glints2/dict_0004_0146.uasset" 7390
"../../../Engine/Content/EngineMaterials/Substrate/Glints2/dict_0004_0147.uasset" 7391
"../../../Engine/Content/EngineMaterials/Substrate/Glints2/dict_0004_0148.uasset" 7392
"../../../Engine/Content/EngineMaterials/Substrate/Glints2/dict_0004_0149.uasset" 7393
"../../../Engine/Content/EngineMaterials/Substrate/Glints2/dict_0004_0150.uasset" 7394
"../../../Engine/Content/EngineMaterials/Substrate/Glints2/dict_0004_0151.uasset" 7395
"../../../Engine/Content/EngineMaterials/Substrate/Glints2/dict_0004_0152.uasset" 7396
"../../../Engine/Content/EngineMaterials/Substrate/Glints2/dict_0004_0153.uasset" 7397
"../../../Engine/Content/EngineMaterials/Substrate/Glints2/dict_0004_0154.uasset" 7398
"../../../Engine/Content/EngineMaterials/Substrate/Glints2/dict_0004_0155.uasset" 7399
"../../../Engine/Content/EngineMaterials/Substrate/Glints2/dict_0004_0156.uasset" 7400
"../../../Engine/Content/EngineMaterials/Substrate/Glints2/dict_0004_0157.uasset" 7401
"../../../Engine/Content/EngineMaterials/Substrate/Glints2/dict_0004_0158.uasset" 7402
"../../../Engine/Content/EngineMaterials/Substrate/Glints2/dict_0004_0159.uasset" 7403
"../../../Engine/Content/EngineMaterials/Substrate/Glints2/dict_0004_0160.uasset" 7404
"../../../Engine/Content/EngineMaterials/Substrate/Glints2/dict_0004_0161.uasset" 7405
"../../../Engine/Content/EngineMaterials/Substrate/Glints2/dict_0004_0162.uasset" 7406
"../../../Engine/Content/EngineMaterials/Substrate/Glints2/dict_0004_0163.uasset" 7407
"../../../Engine/Content/EngineMaterials/Substrate/Glints2/dict_0004_0164.uasset" 7408
"../../../Engine/Content/EngineMaterials/Substrate/Glints2/dict_0004_0165.uasset" 7409
"../../../Engine/Content/EngineMaterials/Substrate/Glints2/dict_0004_0166.uasset" 7410
"../../../Engine/Content/EngineMaterials/Substrate/Glints2/dict_0004_0167.uasset" 7411
"../../../Engine/Content/EngineMaterials/Substrate/Glints2/dict_0004_0168.uasset" 7412
"../../../Engine/Content/EngineMaterials/Substrate/Glints2/dict_0004_0169.uasset" 7413
"../../../Engine/Content/EngineMaterials/Substrate/Glints2/dict_0004_0170.uasset" 7414
"../../../Engine/Content/EngineMaterials/Substrate/Glints2/dict_0004_0171.uasset" 7415
"../../../Engine/Content/EngineMaterials/Substrate/Glints2/dict_0004_0172.uasset" 7416
"../../../Engine/Content/EngineMaterials/Substrate/Glints2/dict_0004_0173.uasset" 7417
"../../../Engine/Content/EngineMaterials/Substrate/Glints2/dict_0004_0174.uasset" 7418
"../../../Engine/Content/EngineMaterials/Substrate/Glints2/dict_0004_0175.uasset" 7419
"../../../Engine/Content/EngineMaterials/Substrate/Glints2/dict_0004_0176.uasset" 7420
"../../../Engine/Content/EngineMaterials/Substrate/Glints2/dict_0004_0177.uasset" 7421
"../../../Engine/Content/EngineMaterials/Substrate/Glints2/dict_0004_0178.uasset" 7422
"../../../Engine/Content/EngineMaterials/Substrate/Glints2/dict_0004_0179.uasset" 7423
"../../../Engine/Content/EngineMaterials/Substrate/Glints2/dict_0004_0180.uasset" 7424
"../../../Engine/Content/EngineMaterials/Substrate/Glints2/dict_0004_0181.uasset" 7425
"../../../Engine/Content/EngineMaterials/Substrate/Glints2/dict_0004_0182.uasset" 7426
"../../../Engine/Content/EngineMaterials/Substrate/Glints2/dict_0004_0183.uasset" 7427
"../../../Engine/Content/EngineMaterials/Substrate/Glints2/dict_0004_0184.uasset" 7428
"../../../Engine/Content/EngineMaterials/Substrate/Glints2/dict_0004_0185.uasset" 7429
"../../../Engine/Content/EngineMaterials/Substrate/Glints2/dict_0004_0186.uasset" 7430
"../../../Engine/Content/EngineMaterials/Substrate/Glints2/dict_0004_0187.uasset" 7431
"../../../Engine/Content/EngineMaterials/Substrate/Glints2/dict_0004_0188.uasset" 7432
"../../../Engine/Content/EngineMaterials/Substrate/Glints2/dict_0004_0189.uasset" 7433
"../../../Engine/Content/EngineMaterials/Substrate/Glints2/dict_0004_0190.uasset" 7434
"../../../Engine/Content/EngineMaterials/Substrate/Glints2/dict_0004_0191.uasset" 7435
"../../../Engine/Content/EngineMaterials/Substrate/Glints2/dict_0004_0192.uasset" 7436
"../../../Engine/Content/EngineMaterials/Substrate/Glints2/dict_0004_0193.uasset" 7437
"../../../Engine/Content/EngineMaterials/Substrate/Glints2/dict_0004_0194.uasset" 7438
"../../../Engine/Content/EngineMaterials/Substrate/Glints2/dict_0004_0195.uasset" 7439
"../../../Engine/Content/EngineMaterials/Substrate/Glints2/dict_0004_0196.uasset" 7440
"../../../Engine/Content/EngineMaterials/Substrate/Glints2/dict_0004_0197.uasset" 7441
"../../../Engine/Content/EngineMaterials/Substrate/Glints2/dict_0004_0198.uasset" 7442
"../../../Engine/Content/EngineMaterials/Substrate/Glints2/dict_0004_0199.uasset" 7443
"../../../Engine/Content/EngineMaterials/Substrate/Glints2/dict_0004_0200.uasset" 7444
"../../../Engine/Content/EngineMaterials/Substrate/Glints2/dict_0004_0201.uasset" 7445
"../../../Engine/Content/EngineMaterials/Substrate/Glints2/dict_0004_0202.uasset" 7446
"../../../Engine/Content/EngineMaterials/Substrate/Glints2/dict_0004_0203.uasset" 7447
"../../../Engine/Content/EngineMaterials/Substrate/Glints2/dict_0004_0204.uasset" 7448
"../../../Engine/Content/EngineMaterials/Substrate/Glints2/dict_0004_0205.uasset" 7449
"../../../Engine/Content/EngineMaterials/Substrate/Glints2/dict_0004_0206.uasset" 7450
"../../../Engine/Content/EngineMaterials/Substrate/Glints2/dict_0004_0207.uasset" 7451
"../../../Engine/Content/EngineMaterials/Substrate/Glints2/dict_0004_0208.uasset" 7452
"../../../Engine/Content/EngineMaterials/Substrate/Glints2/dict_0004_0209.uasset" 7453
"../../../Engine/Content/EngineMaterials/Substrate/Glints2/dict_0004_0210.uasset" 7454
"../../../Engine/Content/EngineMaterials/Substrate/Glints2/dict_0004_0211.uasset" 7455
"../../../Engine/Content/EngineMaterials/Substrate/Glints2/dict_0004_0212.uasset" 7456
"../../../Engine/Content/EngineMaterials/Substrate/Glints2/dict_0004_0213.uasset" 7457
"../../../Engine/Content/EngineMaterials/Substrate/Glints2/dict_0004_0214.uasset" 7458
"../../../Engine/Content/EngineMaterials/Substrate/Glints2/dict_0004_0215.uasset" 7459
"../../../Engine/Content/EngineMaterials/Substrate/Glints2/dict_0004_0216.uasset" 7460
"../../../Engine/Content/EngineMaterials/Substrate/Glints2/dict_0004_0217.uasset" 7461
"../../../Engine/Content/EngineMaterials/Substrate/Glints2/dict_0004_0218.uasset" 7462
"../../../Engine/Content/EngineMaterials/Substrate/Glints2/dict_0004_0219.uasset" 7463
"../../../Engine/Content/EngineMaterials/Substrate/Glints2/dict_0004_0220.uasset" 7464
"../../../Engine/Content/EngineMaterials/Substrate/Glints2/dict_0004_0221.uasset" 7465
"../../../Engine/Content/EngineMaterials/Substrate/Glints2/dict_0004_0222.uasset" 7466
"../../../Engine/Content/EngineMaterials/Substrate/Glints2/dict_0004_0223.uasset" 7467
"../../../Engine/Content/EngineMaterials/Substrate/Glints2/dict_0004_0224.uasset" 7468
"../../../Engine/Content/EngineMaterials/Substrate/Glints2/dict_0004_0225.uasset" 7469
"../../../Engine/Content/EngineMaterials/Substrate/Glints2/dict_0004_0226.uasset" 7470
"../../../Engine/Content/EngineMaterials/Substrate/Glints2/dict_0004_0227.uasset" 7471
"../../../Engine/Content/EngineMaterials/Substrate/Glints2/dict_0004_0228.uasset" 7472
"../../../Engine/Content/EngineMaterials/Substrate/Glints2/dict_0004_0229.uasset" 7473
"../../../Engine/Content/EngineMaterials/Substrate/Glints2/dict_0004_0230.uasset" 7474
"../../../Engine/Content/EngineMaterials/Substrate/Glints2/dict_0004_0231.uasset" 7475
"../../../Engine/Content/EngineMaterials/Substrate/Glints2/dict_0004_0232.uasset" 7476
"../../../Engine/Content/EngineMaterials/Substrate/Glints2/dict_0004_0233.uasset" 7477
"../../../Engine/Content/EngineMaterials/Substrate/Glints2/dict_0004_0234.uasset" 7478
"../../../Engine/Content/EngineMaterials/Substrate/Glints2/dict_0004_0235.uasset" 7479
"../../../Engine/Content/EngineMaterials/Substrate/Glints2/dict_0004_0236.uasset" 7480
"../../../Engine/Content/EngineMaterials/Substrate/Glints2/dict_0004_0237.uasset" 7481
"../../../Engine/Content/EngineMaterials/Substrate/Glints2/dict_0004_0238.uasset" 7482
"../../../Engine/Content/EngineMaterials/Substrate/Glints2/dict_0004_0239.uasset" 7483
"../../../Engine/Content/EngineMaterials/Substrate/Glints2/dict_0004_0240.uasset" 7484
"../../../Engine/Content/EngineMaterials/Substrate/Glints2/dict_0004_0241.uasset" 7485
"../../../Engine/Content/EngineMaterials/Substrate/Glints2/dict_0004_0242.uasset" 7486
"../../../Engine/Content/EngineMaterials/Substrate/Glints2/dict_0004_0243.uasset" 7487
"../../../Engine/Content/EngineMaterials/Substrate/Glints2/dict_0004_0244.uasset" 7488
"../../../Engine/Content/EngineMaterials/Substrate/Glints2/dict_0004_0245.uasset" 7489
"../../../Engine/Content/EngineMaterials/Substrate/Glints2/dict_0004_0246.uasset" 7490
"../../../Engine/Content/EngineMaterials/Substrate/Glints2/dict_0004_0247.uasset" 7491
"../../../Engine/Content/EngineMaterials/Substrate/Glints2/dict_0004_0248.uasset" 7492
"../../../Engine/Content/EngineMaterials/Substrate/Glints2/dict_0004_0249.uasset" 7493
"../../../Engine/Content/EngineMaterials/Substrate/Glints2/dict_0004_0250.uasset" 7494
"../../../Engine/Content/EngineMaterials/Substrate/Glints2/dict_0004_0251.uasset" 7495
"../../../Engine/Content/EngineMaterials/Substrate/Glints2/dict_0004_0252.uasset" 7496
"../../../Engine/Content/EngineMaterials/Substrate/Glints2/dict_0004_0253.uasset" 7497
"../../../Engine/Content/EngineMaterials/Substrate/Glints2/dict_0004_0254.uasset" 7498
"../../../Engine/Content/EngineMaterials/Substrate/Glints2/dict_0004_0255.uasset" 7499
"../../../Engine/Content/EngineMaterials/Substrate/Glints2/dict_0005_0000.uasset" 7500
"../../../Engine/Content/EngineMaterials/Substrate/Glints2/dict_0005_0001.uasset" 7501
"../../../Engine/Content/EngineMaterials/Substrate/Glints2/dict_0005_0002.uasset" 7502
"../../../Engine/Content/EngineMaterials/Substrate/Glints2/dict_0005_0003.uasset" 7503
"../../../Engine/Content/EngineMaterials/Substrate/Glints2/dict_0005_0004.uasset" 7504
"../../../Engine/Content/EngineMaterials/Substrate/Glints2/dict_0005_0005.uasset" 7505
"../../../Engine/Content/EngineMaterials/Substrate/Glints2/dict_0005_0006.uasset" 7506
"../../../Engine/Content/EngineMaterials/Substrate/Glints2/dict_0005_0007.uasset" 7507
"../../../Engine/Content/EngineMaterials/Substrate/Glints2/dict_0005_0008.uasset" 7508
"../../../Engine/Content/EngineMaterials/Substrate/Glints2/dict_0005_0009.uasset" 7509
"../../../Engine/Content/EngineMaterials/Substrate/Glints2/dict_0005_0010.uasset" 7510
"../../../Engine/Content/EngineMaterials/Substrate/Glints2/dict_0005_0011.uasset" 7511
"../../../Engine/Content/EngineMaterials/Substrate/Glints2/dict_0005_0012.uasset" 7512
"../../../Engine/Content/EngineMaterials/Substrate/Glints2/dict_0005_0013.uasset" 7513
"../../../Engine/Content/EngineMaterials/Substrate/Glints2/dict_0005_0014.uasset" 7514
"../../../Engine/Content/EngineMaterials/Substrate/Glints2/dict_0005_0015.uasset" 7515
"../../../Engine/Content/EngineMaterials/Substrate/Glints2/dict_0005_0016.uasset" 7516
"../../../Engine/Content/EngineMaterials/Substrate/Glints2/dict_0005_0017.uasset" 7517
"../../../Engine/Content/EngineMaterials/Substrate/Glints2/dict_0005_0018.uasset" 7518
"../../../Engine/Content/EngineMaterials/Substrate/Glints2/dict_0005_0019.uasset" 7519
"../../../Engine/Content/EngineMaterials/Substrate/Glints2/dict_0005_0020.uasset" 7520
"../../../Engine/Content/EngineMaterials/Substrate/Glints2/dict_0005_0021.uasset" 7521
"../../../Engine/Content/EngineMaterials/Substrate/Glints2/dict_0005_0022.uasset" 7522
"../../../Engine/Content/EngineMaterials/Substrate/Glints2/dict_0005_0023.uasset" 7523
"../../../Engine/Content/EngineMaterials/Substrate/Glints2/dict_0005_0024.uasset" 7524
"../../../Engine/Content/EngineMaterials/Substrate/Glints2/dict_0005_0025.uasset" 7525
"../../../Engine/Content/EngineMaterials/Substrate/Glints2/dict_0005_0026.uasset" 7526
"../../../Engine/Content/EngineMaterials/Substrate/Glints2/dict_0005_0027.uasset" 7527
"../../../Engine/Content/EngineMaterials/Substrate/Glints2/dict_0005_0028.uasset" 7528
"../../../Engine/Content/EngineMaterials/Substrate/Glints2/dict_0005_0029.uasset" 7529
"../../../Engine/Content/EngineMaterials/Substrate/Glints2/dict_0005_0030.uasset" 7530
"../../../Engine/Content/EngineMaterials/Substrate/Glints2/dict_0005_0031.uasset" 7531
"../../../Engine/Content/EngineMaterials/Substrate/Glints2/dict_0005_0032.uasset" 7532
"../../../Engine/Content/EngineMaterials/Substrate/Glints2/dict_0005_0033.uasset" 7533
"../../../Engine/Content/EngineMaterials/Substrate/Glints2/dict_0005_0034.uasset" 7534
"../../../Engine/Content/EngineMaterials/Substrate/Glints2/dict_0005_0035.uasset" 7535
"../../../Engine/Content/EngineMaterials/Substrate/Glints2/dict_0005_0036.uasset" 7536
"../../../Engine/Content/EngineMaterials/Substrate/Glints2/dict_0005_0037.uasset" 7537
"../../../Engine/Content/EngineMaterials/Substrate/Glints2/dict_0005_0038.uasset" 7538
"../../../Engine/Content/EngineMaterials/Substrate/Glints2/dict_0005_0039.uasset" 7539
"../../../Engine/Content/EngineMaterials/Substrate/Glints2/dict_0005_0040.uasset" 7540
"../../../Engine/Content/EngineMaterials/Substrate/Glints2/dict_0005_0041.uasset" 7541
"../../../Engine/Content/EngineMaterials/Substrate/Glints2/dict_0005_0042.uasset" 7542
"../../../Engine/Content/EngineMaterials/Substrate/Glints2/dict_0005_0043.uasset" 7543
"../../../Engine/Content/EngineMaterials/Substrate/Glints2/dict_0005_0044.uasset" 7544
"../../../Engine/Content/EngineMaterials/Substrate/Glints2/dict_0005_0045.uasset" 7545
"../../../Engine/Content/EngineMaterials/Substrate/Glints2/dict_0005_0046.uasset" 7546
"../../../Engine/Content/EngineMaterials/Substrate/Glints2/dict_0005_0047.uasset" 7547
"../../../Engine/Content/EngineMaterials/Substrate/Glints2/dict_0005_0048.uasset" 7548
"../../../Engine/Content/EngineMaterials/Substrate/Glints2/dict_0005_0049.uasset" 7549
"../../../Engine/Content/EngineMaterials/Substrate/Glints2/dict_0005_0050.uasset" 7550
"../../../Engine/Content/EngineMaterials/Substrate/Glints2/dict_0005_0051.uasset" 7551
"../../../Engine/Content/EngineMaterials/Substrate/Glints2/dict_0005_0052.uasset" 7552
"../../../Engine/Content/EngineMaterials/Substrate/Glints2/dict_0005_0053.uasset" 7553
"../../../Engine/Content/EngineMaterials/Substrate/Glints2/dict_0005_0054.uasset" 7554
"../../../Engine/Content/EngineMaterials/Substrate/Glints2/dict_0005_0055.uasset" 7555
"../../../Engine/Content/EngineMaterials/Substrate/Glints2/dict_0005_0056.uasset" 7556
"../../../Engine/Content/EngineMaterials/Substrate/Glints2/dict_0005_0057.uasset" 7557
"../../../Engine/Content/EngineMaterials/Substrate/Glints2/dict_0005_0058.uasset" 7558
"../../../Engine/Content/EngineMaterials/Substrate/Glints2/dict_0005_0059.uasset" 7559
"../../../Engine/Content/EngineMaterials/Substrate/Glints2/dict_0005_0060.uasset" 7560
"../../../Engine/Content/EngineMaterials/Substrate/Glints2/dict_0005_0061.uasset" 7561
"../../../Engine/Content/EngineMaterials/Substrate/Glints2/dict_0005_0062.uasset" 7562
"../../../Engine/Content/EngineMaterials/Substrate/Glints2/dict_0005_0063.uasset" 7563
"../../../Engine/Content/EngineMaterials/Substrate/Glints2/dict_0005_0064.uasset" 7564
"../../../Engine/Content/EngineMaterials/Substrate/Glints2/dict_0005_0065.uasset" 7565
"../../../Engine/Content/EngineMaterials/Substrate/Glints2/dict_0005_0066.uasset" 7566
"../../../Engine/Content/EngineMaterials/Substrate/Glints2/dict_0005_0067.uasset" 7567
"../../../Engine/Content/EngineMaterials/Substrate/Glints2/dict_0005_0068.uasset" 7568
"../../../Engine/Content/EngineMaterials/Substrate/Glints2/dict_0005_0069.uasset" 7569
"../../../Engine/Content/EngineMaterials/Substrate/Glints2/dict_0005_0070.uasset" 7570
"../../../Engine/Content/EngineMaterials/Substrate/Glints2/dict_0005_0071.uasset" 7571
"../../../Engine/Content/EngineMaterials/Substrate/Glints2/dict_0005_0072.uasset" 7572
"../../../Engine/Content/EngineMaterials/Substrate/Glints2/dict_0005_0073.uasset" 7573
"../../../Engine/Content/EngineMaterials/Substrate/Glints2/dict_0005_0074.uasset" 7574
"../../../Engine/Content/EngineMaterials/Substrate/Glints2/dict_0005_0075.uasset" 7575
"../../../Engine/Content/EngineMaterials/Substrate/Glints2/dict_0005_0076.uasset" 7576
"../../../Engine/Content/EngineMaterials/Substrate/Glints2/dict_0005_0077.uasset" 7577
"../../../Engine/Content/EngineMaterials/Substrate/Glints2/dict_0005_0078.uasset" 7578
"../../../Engine/Content/EngineMaterials/Substrate/Glints2/dict_0005_0079.uasset" 7579
"../../../Engine/Content/EngineMaterials/Substrate/Glints2/dict_0005_0080.uasset" 7580
"../../../Engine/Content/EngineMaterials/Substrate/Glints2/dict_0005_0081.uasset" 7581
"../../../Engine/Content/EngineMaterials/Substrate/Glints2/dict_0005_0082.uasset" 7582
"../../../Engine/Content/EngineMaterials/Substrate/Glints2/dict_0005_0083.uasset" 7583
"../../../Engine/Content/EngineMaterials/Substrate/Glints2/dict_0005_0084.uasset" 7584
"../../../Engine/Content/EngineMaterials/Substrate/Glints2/dict_0005_0085.uasset" 7585
"../../../Engine/Content/EngineMaterials/Substrate/Glints2/dict_0005_0086.uasset" 7586
"../../../Engine/Content/EngineMaterials/Substrate/Glints2/dict_0005_0087.uasset" 7587
"../../../Engine/Content/EngineMaterials/Substrate/Glints2/dict_0005_0088.uasset" 7588
"../../../Engine/Content/EngineMaterials/Substrate/Glints2/dict_0005_0089.uasset" 7589
"../../../Engine/Content/EngineMaterials/Substrate/Glints2/dict_0005_0090.uasset" 7590
"../../../Engine/Content/EngineMaterials/Substrate/Glints2/dict_0005_0091.uasset" 7591
"../../../Engine/Content/EngineMaterials/Substrate/Glints2/dict_0005_0092.uasset" 7592
"../../../Engine/Content/EngineMaterials/Substrate/Glints2/dict_0005_0093.uasset" 7593
"../../../Engine/Content/EngineMaterials/Substrate/Glints2/dict_0005_0094.uasset" 7594
"../../../Engine/Content/EngineMaterials/Substrate/Glints2/dict_0005_0095.uasset" 7595
"../../../Engine/Content/EngineMaterials/Substrate/Glints2/dict_0005_0096.uasset" 7596
"../../../Engine/Content/EngineMaterials/Substrate/Glints2/dict_0005_0097.uasset" 7597
"../../../Engine/Content/EngineMaterials/Substrate/Glints2/dict_0005_0098.uasset" 7598
"../../../Engine/Content/EngineMaterials/Substrate/Glints2/dict_0005_0099.uasset" 7599
"../../../Engine/Content/EngineMaterials/Substrate/Glints2/dict_0005_0100.uasset" 7600
"../../../Engine/Content/EngineMaterials/Substrate/Glints2/dict_0005_0101.uasset" 7601
"../../../Engine/Content/EngineMaterials/Substrate/Glints2/dict_0005_0102.uasset" 7602
"../../../Engine/Content/EngineMaterials/Substrate/Glints2/dict_0005_0103.uasset" 7603
"../../../Engine/Content/EngineMaterials/Substrate/Glints2/dict_0005_0104.uasset" 7604
"../../../Engine/Content/EngineMaterials/Substrate/Glints2/dict_0005_0105.uasset" 7605
"../../../Engine/Content/EngineMaterials/Substrate/Glints2/dict_0005_0106.uasset" 7606
"../../../Engine/Content/EngineMaterials/Substrate/Glints2/dict_0005_0107.uasset" 7607
"../../../Engine/Content/EngineMaterials/Substrate/Glints2/dict_0005_0108.uasset" 7608
"../../../Engine/Content/EngineMaterials/Substrate/Glints2/dict_0005_0109.uasset" 7609
"../../../Engine/Content/EngineMaterials/Substrate/Glints2/dict_0005_0110.uasset" 7610
"../../../Engine/Content/EngineMaterials/Substrate/Glints2/dict_0005_0111.uasset" 7611
"../../../Engine/Content/EngineMaterials/Substrate/Glints2/dict_0005_0112.uasset" 7612
"../../../Engine/Content/EngineMaterials/Substrate/Glints2/dict_0005_0113.uasset" 7613
"../../../Engine/Content/EngineMaterials/Substrate/Glints2/dict_0005_0114.uasset" 7614
"../../../Engine/Content/EngineMaterials/Substrate/Glints2/dict_0005_0115.uasset" 7615
"../../../Engine/Content/EngineMaterials/Substrate/Glints2/dict_0005_0116.uasset" 7616
"../../../Engine/Content/EngineMaterials/Substrate/Glints2/dict_0005_0117.uasset" 7617
"../../../Engine/Content/EngineMaterials/Substrate/Glints2/dict_0005_0118.uasset" 7618
"../../../Engine/Content/EngineMaterials/Substrate/Glints2/dict_0005_0119.uasset" 7619
"../../../Engine/Content/EngineMaterials/Substrate/Glints2/dict_0005_0120.uasset" 7620
"../../../Engine/Content/EngineMaterials/Substrate/Glints2/dict_0005_0121.uasset" 7621
"../../../Engine/Content/EngineMaterials/Substrate/Glints2/dict_0005_0122.uasset" 7622
"../../../Engine/Content/EngineMaterials/Substrate/Glints2/dict_0005_0123.uasset" 7623
"../../../Engine/Content/EngineMaterials/Substrate/Glints2/dict_0005_0124.uasset" 7624
"../../../Engine/Content/EngineMaterials/Substrate/Glints2/dict_0005_0125.uasset" 7625
"../../../Engine/Content/EngineMaterials/Substrate/Glints2/dict_0005_0126.uasset" 7626
"../../../Engine/Content/EngineMaterials/Substrate/Glints2/dict_0005_0127.uasset" 7627
"../../../Engine/Content/EngineMaterials/Substrate/Glints2/dict_0005_0128.uasset" 7628
"../../../Engine/Content/EngineMaterials/Substrate/Glints2/dict_0005_0129.uasset" 7629
"../../../Engine/Content/EngineMaterials/Substrate/Glints2/dict_0005_0130.uasset" 7630
"../../../Engine/Content/EngineMaterials/Substrate/Glints2/dict_0005_0131.uasset" 7631
"../../../Engine/Content/EngineMaterials/Substrate/Glints2/dict_0005_0132.uasset" 7632
"../../../Engine/Content/EngineMaterials/Substrate/Glints2/dict_0005_0133.uasset" 7633
"../../../Engine/Content/EngineMaterials/Substrate/Glints2/dict_0005_0134.uasset" 7634
"../../../Engine/Content/EngineMaterials/Substrate/Glints2/dict_0005_0135.uasset" 7635
"../../../Engine/Content/EngineMaterials/Substrate/Glints2/dict_0005_0136.uasset" 7636
"../../../Engine/Content/EngineMaterials/Substrate/Glints2/dict_0005_0137.uasset" 7637
"../../../Engine/Content/EngineMaterials/Substrate/Glints2/dict_0005_0138.uasset" 7638
"../../../Engine/Content/EngineMaterials/Substrate/Glints2/dict_0005_0139.uasset" 7639
"../../../Engine/Content/EngineMaterials/Substrate/Glints2/dict_0005_0140.uasset" 7640
"../../../Engine/Content/EngineMaterials/Substrate/Glints2/dict_0005_0141.uasset" 7641
"../../../Engine/Content/EngineMaterials/Substrate/Glints2/dict_0005_0142.uasset" 7642
"../../../Engine/Content/EngineMaterials/Substrate/Glints2/dict_0005_0143.uasset" 7643
"../../../Engine/Content/EngineMaterials/Substrate/Glints2/dict_0005_0144.uasset" 7644
"../../../Engine/Content/EngineMaterials/Substrate/Glints2/dict_0005_0145.uasset" 7645
"../../../Engine/Content/EngineMaterials/Substrate/Glints2/dict_0005_0146.uasset" 7646
"../../../Engine/Content/EngineMaterials/Substrate/Glints2/dict_0005_0147.uasset" 7647
"../../../Engine/Content/EngineMaterials/Substrate/Glints2/dict_0005_0148.uasset" 7648
"../../../Engine/Content/EngineMaterials/Substrate/Glints2/dict_0005_0149.uasset" 7649
"../../../Engine/Content/EngineMaterials/Substrate/Glints2/dict_0005_0150.uasset" 7650
"../../../Engine/Content/EngineMaterials/Substrate/Glints2/dict_0005_0151.uasset" 7651
"../../../Engine/Content/EngineMaterials/Substrate/Glints2/dict_0005_0152.uasset" 7652
"../../../Engine/Content/EngineMaterials/Substrate/Glints2/dict_0005_0153.uasset" 7653
"../../../Engine/Content/EngineMaterials/Substrate/Glints2/dict_0005_0154.uasset" 7654
"../../../Engine/Content/EngineMaterials/Substrate/Glints2/dict_0005_0155.uasset" 7655
"../../../Engine/Content/EngineMaterials/Substrate/Glints2/dict_0005_0156.uasset" 7656
"../../../Engine/Content/EngineMaterials/Substrate/Glints2/dict_0005_0157.uasset" 7657
"../../../Engine/Content/EngineMaterials/Substrate/Glints2/dict_0005_0158.uasset" 7658
"../../../Engine/Content/EngineMaterials/Substrate/Glints2/dict_0005_0159.uasset" 7659
"../../../Engine/Content/EngineMaterials/Substrate/Glints2/dict_0005_0160.uasset" 7660
"../../../Engine/Content/EngineMaterials/Substrate/Glints2/dict_0005_0161.uasset" 7661
"../../../Engine/Content/EngineMaterials/Substrate/Glints2/dict_0005_0162.uasset" 7662
"../../../Engine/Content/EngineMaterials/Substrate/Glints2/dict_0005_0163.uasset" 7663
"../../../Engine/Content/EngineMaterials/Substrate/Glints2/dict_0005_0164.uasset" 7664
"../../../Engine/Content/EngineMaterials/Substrate/Glints2/dict_0005_0165.uasset" 7665
"../../../Engine/Content/EngineMaterials/Substrate/Glints2/dict_0005_0166.uasset" 7666
"../../../Engine/Content/EngineMaterials/Substrate/Glints2/dict_0005_0167.uasset" 7667
"../../../Engine/Content/EngineMaterials/Substrate/Glints2/dict_0005_0168.uasset" 7668
"../../../Engine/Content/EngineMaterials/Substrate/Glints2/dict_0005_0169.uasset" 7669
"../../../Engine/Content/EngineMaterials/Substrate/Glints2/dict_0005_0170.uasset" 7670
"../../../Engine/Content/EngineMaterials/Substrate/Glints2/dict_0005_0171.uasset" 7671
"../../../Engine/Content/EngineMaterials/Substrate/Glints2/dict_0005_0172.uasset" 7672
"../../../Engine/Content/EngineMaterials/Substrate/Glints2/dict_0005_0173.uasset" 7673
"../../../Engine/Content/EngineMaterials/Substrate/Glints2/dict_0005_0174.uasset" 7674
"../../../Engine/Content/EngineMaterials/Substrate/Glints2/dict_0005_0175.uasset" 7675
"../../../Engine/Content/EngineMaterials/Substrate/Glints2/dict_0005_0176.uasset" 7676
"../../../Engine/Content/EngineMaterials/Substrate/Glints2/dict_0005_0177.uasset" 7677
"../../../Engine/Content/EngineMaterials/Substrate/Glints2/dict_0005_0178.uasset" 7678
"../../../Engine/Content/EngineMaterials/Substrate/Glints2/dict_0005_0179.uasset" 7679
"../../../Engine/Content/EngineMaterials/Substrate/Glints2/dict_0005_0180.uasset" 7680
"../../../Engine/Content/EngineMaterials/Substrate/Glints2/dict_0005_0181.uasset" 7681
"../../../Engine/Content/EngineMaterials/Substrate/Glints2/dict_0005_0182.uasset" 7682
"../../../Engine/Content/EngineMaterials/Substrate/Glints2/dict_0005_0183.uasset" 7683
"../../../Engine/Content/EngineMaterials/Substrate/Glints2/dict_0005_0184.uasset" 7684
"../../../Engine/Content/EngineMaterials/Substrate/Glints2/dict_0005_0185.uasset" 7685
"../../../Engine/Content/EngineMaterials/Substrate/Glints2/dict_0005_0186.uasset" 7686
"../../../Engine/Content/EngineMaterials/Substrate/Glints2/dict_0005_0187.uasset" 7687
"../../../Engine/Content/EngineMaterials/Substrate/Glints2/dict_0005_0188.uasset" 7688
"../../../Engine/Content/EngineMaterials/Substrate/Glints2/dict_0005_0189.uasset" 7689
"../../../Engine/Content/EngineMaterials/Substrate/Glints2/dict_0005_0190.uasset" 7690
"../../../Engine/Content/EngineMaterials/Substrate/Glints2/dict_0005_0191.uasset" 7691
"../../../Engine/Content/EngineMaterials/Substrate/Glints2/dict_0005_0192.uasset" 7692
"../../../Engine/Content/EngineMaterials/Substrate/Glints2/dict_0005_0193.uasset" 7693
"../../../Engine/Content/EngineMaterials/Substrate/Glints2/dict_0005_0194.uasset" 7694
"../../../Engine/Content/EngineMaterials/Substrate/Glints2/dict_0005_0195.uasset" 7695
"../../../Engine/Content/EngineMaterials/Substrate/Glints2/dict_0005_0196.uasset" 7696
"../../../Engine/Content/EngineMaterials/Substrate/Glints2/dict_0005_0197.uasset" 7697
"../../../Engine/Content/EngineMaterials/Substrate/Glints2/dict_0005_0198.uasset" 7698
"../../../Engine/Content/EngineMaterials/Substrate/Glints2/dict_0005_0199.uasset" 7699
"../../../Engine/Content/EngineMaterials/Substrate/Glints2/dict_0005_0200.uasset" 7700
"../../../Engine/Content/EngineMaterials/Substrate/Glints2/dict_0005_0201.uasset" 7701
"../../../Engine/Content/EngineMaterials/Substrate/Glints2/dict_0005_0202.uasset" 7702
"../../../Engine/Content/EngineMaterials/Substrate/Glints2/dict_0005_0203.uasset" 7703
"../../../Engine/Content/EngineMaterials/Substrate/Glints2/dict_0005_0204.uasset" 7704
"../../../Engine/Content/EngineMaterials/Substrate/Glints2/dict_0005_0205.uasset" 7705
"../../../Engine/Content/EngineMaterials/Substrate/Glints2/dict_0005_0206.uasset" 7706
"../../../Engine/Content/EngineMaterials/Substrate/Glints2/dict_0005_0207.uasset" 7707
"../../../Engine/Content/EngineMaterials/Substrate/Glints2/dict_0005_0208.uasset" 7708
"../../../Engine/Content/EngineMaterials/Substrate/Glints2/dict_0005_0209.uasset" 7709
"../../../Engine/Content/EngineMaterials/Substrate/Glints2/dict_0005_0210.uasset" 7710
"../../../Engine/Content/EngineMaterials/Substrate/Glints2/dict_0005_0211.uasset" 7711
"../../../Engine/Content/EngineMaterials/Substrate/Glints2/dict_0005_0212.uasset" 7712
"../../../Engine/Content/EngineMaterials/Substrate/Glints2/dict_0005_0213.uasset" 7713
"../../../Engine/Content/EngineMaterials/Substrate/Glints2/dict_0005_0214.uasset" 7714
"../../../Engine/Content/EngineMaterials/Substrate/Glints2/dict_0005_0215.uasset" 7715
"../../../Engine/Content/EngineMaterials/Substrate/Glints2/dict_0005_0216.uasset" 7716
"../../../Engine/Content/EngineMaterials/Substrate/Glints2/dict_0005_0217.uasset" 7717
"../../../Engine/Content/EngineMaterials/Substrate/Glints2/dict_0005_0218.uasset" 7718
"../../../Engine/Content/EngineMaterials/Substrate/Glints2/dict_0005_0219.uasset" 7719
"../../../Engine/Content/EngineMaterials/Substrate/Glints2/dict_0005_0220.uasset" 7720
"../../../Engine/Content/EngineMaterials/Substrate/Glints2/dict_0005_0221.uasset" 7721
"../../../Engine/Content/EngineMaterials/Substrate/Glints2/dict_0005_0222.uasset" 7722
"../../../Engine/Content/EngineMaterials/Substrate/Glints2/dict_0005_0223.uasset" 7723
"../../../Engine/Content/EngineMaterials/Substrate/Glints2/dict_0005_0224.uasset" 7724
"../../../Engine/Content/EngineMaterials/Substrate/Glints2/dict_0005_0225.uasset" 7725
"../../../Engine/Content/EngineMaterials/Substrate/Glints2/dict_0005_0226.uasset" 7726
"../../../Engine/Content/EngineMaterials/Substrate/Glints2/dict_0005_0227.uasset" 7727
"../../../Engine/Content/EngineMaterials/Substrate/Glints2/dict_0005_0228.uasset" 7728
"../../../Engine/Content/EngineMaterials/Substrate/Glints2/dict_0005_0229.uasset" 7729
"../../../Engine/Content/EngineMaterials/Substrate/Glints2/dict_0005_0230.uasset" 7730
"../../../Engine/Content/EngineMaterials/Substrate/Glints2/dict_0005_0231.uasset" 7731
"../../../Engine/Content/EngineMaterials/Substrate/Glints2/dict_0005_0232.uasset" 7732
"../../../Engine/Content/EngineMaterials/Substrate/Glints2/dict_0005_0233.uasset" 7733
"../../../Engine/Content/EngineMaterials/Substrate/Glints2/dict_0005_0234.uasset" 7734
"../../../Engine/Content/EngineMaterials/Substrate/Glints2/dict_0005_0235.uasset" 7735
"../../../Engine/Content/EngineMaterials/Substrate/Glints2/dict_0005_0236.uasset" 7736
"../../../Engine/Content/EngineMaterials/Substrate/Glints2/dict_0005_0237.uasset" 7737
"../../../Engine/Content/EngineMaterials/Substrate/Glints2/dict_0005_0238.uasset" 7738
"../../../Engine/Content/EngineMaterials/Substrate/Glints2/dict_0005_0239.uasset" 7739
"../../../Engine/Content/EngineMaterials/Substrate/Glints2/dict_0005_0240.uasset" 7740
"../../../Engine/Content/EngineMaterials/Substrate/Glints2/dict_0005_0241.uasset" 7741
"../../../Engine/Content/EngineMaterials/Substrate/Glints2/dict_0005_0242.uasset" 7742
"../../../Engine/Content/EngineMaterials/Substrate/Glints2/dict_0005_0243.uasset" 7743
"../../../Engine/Content/EngineMaterials/Substrate/Glints2/dict_0005_0244.uasset" 7744
"../../../Engine/Content/EngineMaterials/Substrate/Glints2/dict_0005_0245.uasset" 7745
"../../../Engine/Content/EngineMaterials/Substrate/Glints2/dict_0005_0246.uasset" 7746
"../../../Engine/Content/EngineMaterials/Substrate/Glints2/dict_0005_0247.uasset" 7747
"../../../Engine/Content/EngineMaterials/Substrate/Glints2/dict_0005_0248.uasset" 7748
"../../../Engine/Content/EngineMaterials/Substrate/Glints2/dict_0005_0249.uasset" 7749
"../../../Engine/Content/EngineMaterials/Substrate/Glints2/dict_0005_0250.uasset" 7750
"../../../Engine/Content/EngineMaterials/Substrate/Glints2/dict_0005_0251.uasset" 7751
"../../../Engine/Content/EngineMaterials/Substrate/Glints2/dict_0005_0252.uasset" 7752
"../../../Engine/Content/EngineMaterials/Substrate/Glints2/dict_0005_0253.uasset" 7753
"../../../Engine/Content/EngineMaterials/Substrate/Glints2/dict_0005_0254.uasset" 7754
"../../../Engine/Content/EngineMaterials/Substrate/Glints2/dict_0005_0255.uasset" 7755
"../../../Engine/Content/EngineMaterials/Substrate/Glints2/dict_0006_0000.uasset" 7756
"../../../Engine/Content/EngineMaterials/Substrate/Glints2/dict_0006_0001.uasset" 7757
"../../../Engine/Content/EngineMaterials/Substrate/Glints2/dict_0006_0002.uasset" 7758
"../../../Engine/Content/EngineMaterials/Substrate/Glints2/dict_0006_0003.uasset" 7759
"../../../Engine/Content/EngineMaterials/Substrate/Glints2/dict_0006_0004.uasset" 7760
"../../../Engine/Content/EngineMaterials/Substrate/Glints2/dict_0006_0005.uasset" 7761
"../../../Engine/Content/EngineMaterials/Substrate/Glints2/dict_0006_0006.uasset" 7762
"../../../Engine/Content/EngineMaterials/Substrate/Glints2/dict_0006_0007.uasset" 7763
"../../../Engine/Content/EngineMaterials/Substrate/Glints2/dict_0006_0008.uasset" 7764
"../../../Engine/Content/EngineMaterials/Substrate/Glints2/dict_0006_0009.uasset" 7765
"../../../Engine/Content/EngineMaterials/Substrate/Glints2/dict_0006_0010.uasset" 7766
"../../../Engine/Content/EngineMaterials/Substrate/Glints2/dict_0006_0011.uasset" 7767
"../../../Engine/Content/EngineMaterials/Substrate/Glints2/dict_0006_0012.uasset" 7768
"../../../Engine/Content/EngineMaterials/Substrate/Glints2/dict_0006_0013.uasset" 7769
"../../../Engine/Content/EngineMaterials/Substrate/Glints2/dict_0006_0014.uasset" 7770
"../../../Engine/Content/EngineMaterials/Substrate/Glints2/dict_0006_0015.uasset" 7771
"../../../Engine/Content/EngineMaterials/Substrate/Glints2/dict_0006_0016.uasset" 7772
"../../../Engine/Content/EngineMaterials/Substrate/Glints2/dict_0006_0017.uasset" 7773
"../../../Engine/Content/EngineMaterials/Substrate/Glints2/dict_0006_0018.uasset" 7774
"../../../Engine/Content/EngineMaterials/Substrate/Glints2/dict_0006_0019.uasset" 7775
"../../../Engine/Content/EngineMaterials/Substrate/Glints2/dict_0006_0020.uasset" 7776
"../../../Engine/Content/EngineMaterials/Substrate/Glints2/dict_0006_0021.uasset" 7777
"../../../Engine/Content/EngineMaterials/Substrate/Glints2/dict_0006_0022.uasset" 7778
"../../../Engine/Content/EngineMaterials/Substrate/Glints2/dict_0006_0023.uasset" 7779
"../../../Engine/Content/EngineMaterials/Substrate/Glints2/dict_0006_0024.uasset" 7780
"../../../Engine/Content/EngineMaterials/Substrate/Glints2/dict_0006_0025.uasset" 7781
"../../../Engine/Content/EngineMaterials/Substrate/Glints2/dict_0006_0026.uasset" 7782
"../../../Engine/Content/EngineMaterials/Substrate/Glints2/dict_0006_0027.uasset" 7783
"../../../Engine/Content/EngineMaterials/Substrate/Glints2/dict_0006_0028.uasset" 7784
"../../../Engine/Content/EngineMaterials/Substrate/Glints2/dict_0006_0029.uasset" 7785
"../../../Engine/Content/EngineMaterials/Substrate/Glints2/dict_0006_0030.uasset" 7786
"../../../Engine/Content/EngineMaterials/Substrate/Glints2/dict_0006_0031.uasset" 7787
"../../../Engine/Content/EngineMaterials/Substrate/Glints2/dict_0006_0032.uasset" 7788
"../../../Engine/Content/EngineMaterials/Substrate/Glints2/dict_0006_0033.uasset" 7789
"../../../Engine/Content/EngineMaterials/Substrate/Glints2/dict_0006_0034.uasset" 7790
"../../../Engine/Content/EngineMaterials/Substrate/Glints2/dict_0006_0035.uasset" 7791
"../../../Engine/Content/EngineMaterials/Substrate/Glints2/dict_0006_0036.uasset" 7792
"../../../Engine/Content/EngineMaterials/Substrate/Glints2/dict_0006_0037.uasset" 7793
"../../../Engine/Content/EngineMaterials/Substrate/Glints2/dict_0006_0038.uasset" 7794
"../../../Engine/Content/EngineMaterials/Substrate/Glints2/dict_0006_0039.uasset" 7795
"../../../Engine/Content/EngineMaterials/Substrate/Glints2/dict_0006_0040.uasset" 7796
"../../../Engine/Content/EngineMaterials/Substrate/Glints2/dict_0006_0041.uasset" 7797
"../../../Engine/Content/EngineMaterials/Substrate/Glints2/dict_0006_0042.uasset" 7798
"../../../Engine/Content/EngineMaterials/Substrate/Glints2/dict_0006_0043.uasset" 7799
"../../../Engine/Content/EngineMaterials/Substrate/Glints2/dict_0006_0044.uasset" 7800
"../../../Engine/Content/EngineMaterials/Substrate/Glints2/dict_0006_0045.uasset" 7801
"../../../Engine/Content/EngineMaterials/Substrate/Glints2/dict_0006_0046.uasset" 7802
"../../../Engine/Content/EngineMaterials/Substrate/Glints2/dict_0006_0047.uasset" 7803
"../../../Engine/Content/EngineMaterials/Substrate/Glints2/dict_0006_0048.uasset" 7804
"../../../Engine/Content/EngineMaterials/Substrate/Glints2/dict_0006_0049.uasset" 7805
"../../../Engine/Content/EngineMaterials/Substrate/Glints2/dict_0006_0050.uasset" 7806
"../../../Engine/Content/EngineMaterials/Substrate/Glints2/dict_0006_0051.uasset" 7807
"../../../Engine/Content/EngineMaterials/Substrate/Glints2/dict_0006_0052.uasset" 7808
"../../../Engine/Content/EngineMaterials/Substrate/Glints2/dict_0006_0053.uasset" 7809
"../../../Engine/Content/EngineMaterials/Substrate/Glints2/dict_0006_0054.uasset" 7810
"../../../Engine/Content/EngineMaterials/Substrate/Glints2/dict_0006_0055.uasset" 7811
"../../../Engine/Content/EngineMaterials/Substrate/Glints2/dict_0006_0056.uasset" 7812
"../../../Engine/Content/EngineMaterials/Substrate/Glints2/dict_0006_0057.uasset" 7813
"../../../Engine/Content/EngineMaterials/Substrate/Glints2/dict_0006_0058.uasset" 7814
"../../../Engine/Content/EngineMaterials/Substrate/Glints2/dict_0006_0059.uasset" 7815
"../../../Engine/Content/EngineMaterials/Substrate/Glints2/dict_0006_0060.uasset" 7816
"../../../Engine/Content/EngineMaterials/Substrate/Glints2/dict_0006_0061.uasset" 7817
"../../../Engine/Content/EngineMaterials/Substrate/Glints2/dict_0006_0062.uasset" 7818
"../../../Engine/Content/EngineMaterials/Substrate/Glints2/dict_0006_0063.uasset" 7819
"../../../Engine/Content/EngineMaterials/Substrate/Glints2/dict_0006_0064.uasset" 7820
"../../../Engine/Content/EngineMaterials/Substrate/Glints2/dict_0006_0065.uasset" 7821
"../../../Engine/Content/EngineMaterials/Substrate/Glints2/dict_0006_0066.uasset" 7822
"../../../Engine/Content/EngineMaterials/Substrate/Glints2/dict_0006_0067.uasset" 7823
"../../../Engine/Content/EngineMaterials/Substrate/Glints2/dict_0006_0068.uasset" 7824
"../../../Engine/Content/EngineMaterials/Substrate/Glints2/dict_0006_0069.uasset" 7825
"../../../Engine/Content/EngineMaterials/Substrate/Glints2/dict_0006_0070.uasset" 7826
"../../../Engine/Content/EngineMaterials/Substrate/Glints2/dict_0006_0071.uasset" 7827
"../../../Engine/Content/EngineMaterials/Substrate/Glints2/dict_0006_0072.uasset" 7828
"../../../Engine/Content/EngineMaterials/Substrate/Glints2/dict_0006_0073.uasset" 7829
"../../../Engine/Content/EngineMaterials/Substrate/Glints2/dict_0006_0074.uasset" 7830
"../../../Engine/Content/EngineMaterials/Substrate/Glints2/dict_0006_0075.uasset" 7831
"../../../Engine/Content/EngineMaterials/Substrate/Glints2/dict_0006_0076.uasset" 7832
"../../../Engine/Content/EngineMaterials/Substrate/Glints2/dict_0006_0077.uasset" 7833
"../../../Engine/Content/EngineMaterials/Substrate/Glints2/dict_0006_0078.uasset" 7834
"../../../Engine/Content/EngineMaterials/Substrate/Glints2/dict_0006_0079.uasset" 7835
"../../../Engine/Content/EngineMaterials/Substrate/Glints2/dict_0006_0080.uasset" 7836
"../../../Engine/Content/EngineMaterials/Substrate/Glints2/dict_0006_0081.uasset" 7837
"../../../Engine/Content/EngineMaterials/Substrate/Glints2/dict_0006_0082.uasset" 7838
"../../../Engine/Content/EngineMaterials/Substrate/Glints2/dict_0006_0083.uasset" 7839
"../../../Engine/Content/EngineMaterials/Substrate/Glints2/dict_0006_0084.uasset" 7840
"../../../Engine/Content/EngineMaterials/Substrate/Glints2/dict_0006_0085.uasset" 7841
"../../../Engine/Content/EngineMaterials/Substrate/Glints2/dict_0006_0086.uasset" 7842
"../../../Engine/Content/EngineMaterials/Substrate/Glints2/dict_0006_0087.uasset" 7843
"../../../Engine/Content/EngineMaterials/Substrate/Glints2/dict_0006_0088.uasset" 7844
"../../../Engine/Content/EngineMaterials/Substrate/Glints2/dict_0006_0089.uasset" 7845
"../../../Engine/Content/EngineMaterials/Substrate/Glints2/dict_0006_0090.uasset" 7846
"../../../Engine/Content/EngineMaterials/Substrate/Glints2/dict_0006_0091.uasset" 7847
"../../../Engine/Content/EngineMaterials/Substrate/Glints2/dict_0006_0092.uasset" 7848
"../../../Engine/Content/EngineMaterials/Substrate/Glints2/dict_0006_0093.uasset" 7849
"../../../Engine/Content/EngineMaterials/Substrate/Glints2/dict_0006_0094.uasset" 7850
"../../../Engine/Content/EngineMaterials/Substrate/Glints2/dict_0006_0095.uasset" 7851
"../../../Engine/Content/EngineMaterials/Substrate/Glints2/dict_0006_0096.uasset" 7852
"../../../Engine/Content/EngineMaterials/Substrate/Glints2/dict_0006_0097.uasset" 7853
"../../../Engine/Content/EngineMaterials/Substrate/Glints2/dict_0006_0098.uasset" 7854
"../../../Engine/Content/EngineMaterials/Substrate/Glints2/dict_0006_0099.uasset" 7855
"../../../Engine/Content/EngineMaterials/Substrate/Glints2/dict_0006_0100.uasset" 7856
"../../../Engine/Content/EngineMaterials/Substrate/Glints2/dict_0006_0101.uasset" 7857
"../../../Engine/Content/EngineMaterials/Substrate/Glints2/dict_0006_0102.uasset" 7858
"../../../Engine/Content/EngineMaterials/Substrate/Glints2/dict_0006_0103.uasset" 7859
"../../../Engine/Content/EngineMaterials/Substrate/Glints2/dict_0006_0104.uasset" 7860
"../../../Engine/Content/EngineMaterials/Substrate/Glints2/dict_0006_0105.uasset" 7861
"../../../Engine/Content/EngineMaterials/Substrate/Glints2/dict_0006_0106.uasset" 7862
"../../../Engine/Content/EngineMaterials/Substrate/Glints2/dict_0006_0107.uasset" 7863
"../../../Engine/Content/EngineMaterials/Substrate/Glints2/dict_0006_0108.uasset" 7864
"../../../Engine/Content/EngineMaterials/Substrate/Glints2/dict_0006_0109.uasset" 7865
"../../../Engine/Content/EngineMaterials/Substrate/Glints2/dict_0006_0110.uasset" 7866
"../../../Engine/Content/EngineMaterials/Substrate/Glints2/dict_0006_0111.uasset" 7867
"../../../Engine/Content/EngineMaterials/Substrate/Glints2/dict_0006_0112.uasset" 7868
"../../../Engine/Content/EngineMaterials/Substrate/Glints2/dict_0006_0113.uasset" 7869
"../../../Engine/Content/EngineMaterials/Substrate/Glints2/dict_0006_0114.uasset" 7870
"../../../Engine/Content/EngineMaterials/Substrate/Glints2/dict_0006_0115.uasset" 7871
"../../../Engine/Content/EngineMaterials/Substrate/Glints2/dict_0006_0116.uasset" 7872
"../../../Engine/Content/EngineMaterials/Substrate/Glints2/dict_0006_0117.uasset" 7873
"../../../Engine/Content/EngineMaterials/Substrate/Glints2/dict_0006_0118.uasset" 7874
"../../../Engine/Content/EngineMaterials/Substrate/Glints2/dict_0006_0119.uasset" 7875
"../../../Engine/Content/EngineMaterials/Substrate/Glints2/dict_0006_0120.uasset" 7876
"../../../Engine/Content/EngineMaterials/Substrate/Glints2/dict_0006_0121.uasset" 7877
"../../../Engine/Content/EngineMaterials/Substrate/Glints2/dict_0006_0122.uasset" 7878
"../../../Engine/Content/EngineMaterials/Substrate/Glints2/dict_0006_0123.uasset" 7879
"../../../Engine/Content/EngineMaterials/Substrate/Glints2/dict_0006_0124.uasset" 7880
"../../../Engine/Content/EngineMaterials/Substrate/Glints2/dict_0006_0125.uasset" 7881
"../../../Engine/Content/EngineMaterials/Substrate/Glints2/dict_0006_0126.uasset" 7882
"../../../Engine/Content/EngineMaterials/Substrate/Glints2/dict_0006_0127.uasset" 7883
"../../../Engine/Content/EngineMaterials/Substrate/Glints2/dict_0006_0128.uasset" 7884
"../../../Engine/Content/EngineMaterials/Substrate/Glints2/dict_0006_0129.uasset" 7885
"../../../Engine/Content/EngineMaterials/Substrate/Glints2/dict_0006_0130.uasset" 7886
"../../../Engine/Content/EngineMaterials/Substrate/Glints2/dict_0006_0131.uasset" 7887
"../../../Engine/Content/EngineMaterials/Substrate/Glints2/dict_0006_0132.uasset" 7888
"../../../Engine/Content/EngineMaterials/Substrate/Glints2/dict_0006_0133.uasset" 7889
"../../../Engine/Content/EngineMaterials/Substrate/Glints2/dict_0006_0134.uasset" 7890
"../../../Engine/Content/EngineMaterials/Substrate/Glints2/dict_0006_0135.uasset" 7891
"../../../Engine/Content/EngineMaterials/Substrate/Glints2/dict_0006_0136.uasset" 7892
"../../../Engine/Content/EngineMaterials/Substrate/Glints2/dict_0006_0137.uasset" 7893
"../../../Engine/Content/EngineMaterials/Substrate/Glints2/dict_0006_0138.uasset" 7894
"../../../Engine/Content/EngineMaterials/Substrate/Glints2/dict_0006_0139.uasset" 7895
"../../../Engine/Content/EngineMaterials/Substrate/Glints2/dict_0006_0140.uasset" 7896
"../../../Engine/Content/EngineMaterials/Substrate/Glints2/dict_0006_0141.uasset" 7897
"../../../Engine/Content/EngineMaterials/Substrate/Glints2/dict_0006_0142.uasset" 7898
"../../../Engine/Content/EngineMaterials/Substrate/Glints2/dict_0006_0143.uasset" 7899
"../../../Engine/Content/EngineMaterials/Substrate/Glints2/dict_0006_0144.uasset" 7900
"../../../Engine/Content/EngineMaterials/Substrate/Glints2/dict_0006_0145.uasset" 7901
"../../../Engine/Content/EngineMaterials/Substrate/Glints2/dict_0006_0146.uasset" 7902
"../../../Engine/Content/EngineMaterials/Substrate/Glints2/dict_0006_0147.uasset" 7903
"../../../Engine/Content/EngineMaterials/Substrate/Glints2/dict_0006_0148.uasset" 7904
"../../../Engine/Content/EngineMaterials/Substrate/Glints2/dict_0006_0149.uasset" 7905
"../../../Engine/Content/EngineMaterials/Substrate/Glints2/dict_0006_0150.uasset" 7906
"../../../Engine/Content/EngineMaterials/Substrate/Glints2/dict_0006_0151.uasset" 7907
"../../../Engine/Content/EngineMaterials/Substrate/Glints2/dict_0006_0152.uasset" 7908
"../../../Engine/Content/EngineMaterials/Substrate/Glints2/dict_0006_0153.uasset" 7909
"../../../Engine/Content/EngineMaterials/Substrate/Glints2/dict_0006_0154.uasset" 7910
"../../../Engine/Content/EngineMaterials/Substrate/Glints2/dict_0006_0155.uasset" 7911
"../../../Engine/Content/EngineMaterials/Substrate/Glints2/dict_0006_0156.uasset" 7912
"../../../Engine/Content/EngineMaterials/Substrate/Glints2/dict_0006_0157.uasset" 7913
"../../../Engine/Content/EngineMaterials/Substrate/Glints2/dict_0006_0158.uasset" 7914
"../../../Engine/Content/EngineMaterials/Substrate/Glints2/dict_0006_0159.uasset" 7915
"../../../Engine/Content/EngineMaterials/Substrate/Glints2/dict_0006_0160.uasset" 7916
"../../../Engine/Content/EngineMaterials/Substrate/Glints2/dict_0006_0161.uasset" 7917
"../../../Engine/Content/EngineMaterials/Substrate/Glints2/dict_0006_0162.uasset" 7918
"../../../Engine/Content/EngineMaterials/Substrate/Glints2/dict_0006_0163.uasset" 7919
"../../../Engine/Content/EngineMaterials/Substrate/Glints2/dict_0006_0164.uasset" 7920
"../../../Engine/Content/EngineMaterials/Substrate/Glints2/dict_0006_0165.uasset" 7921
"../../../Engine/Content/EngineMaterials/Substrate/Glints2/dict_0006_0166.uasset" 7922
"../../../Engine/Content/EngineMaterials/Substrate/Glints2/dict_0006_0167.uasset" 7923
"../../../Engine/Content/EngineMaterials/Substrate/Glints2/dict_0006_0168.uasset" 7924
"../../../Engine/Content/EngineMaterials/Substrate/Glints2/dict_0006_0169.uasset" 7925
"../../../Engine/Content/EngineMaterials/Substrate/Glints2/dict_0006_0170.uasset" 7926
"../../../Engine/Content/EngineMaterials/Substrate/Glints2/dict_0006_0171.uasset" 7927
"../../../Engine/Content/EngineMaterials/Substrate/Glints2/dict_0006_0172.uasset" 7928
"../../../Engine/Content/EngineMaterials/Substrate/Glints2/dict_0006_0173.uasset" 7929
"../../../Engine/Content/EngineMaterials/Substrate/Glints2/dict_0006_0174.uasset" 7930
"../../../Engine/Content/EngineMaterials/Substrate/Glints2/dict_0006_0175.uasset" 7931
"../../../Engine/Content/EngineMaterials/Substrate/Glints2/dict_0006_0176.uasset" 7932
"../../../Engine/Content/EngineMaterials/Substrate/Glints2/dict_0006_0177.uasset" 7933
"../../../Engine/Content/EngineMaterials/Substrate/Glints2/dict_0006_0178.uasset" 7934
"../../../Engine/Content/EngineMaterials/Substrate/Glints2/dict_0006_0179.uasset" 7935
"../../../Engine/Content/EngineMaterials/Substrate/Glints2/dict_0006_0180.uasset" 7936
"../../../Engine/Content/EngineMaterials/Substrate/Glints2/dict_0006_0181.uasset" 7937
"../../../Engine/Content/EngineMaterials/Substrate/Glints2/dict_0006_0182.uasset" 7938
"../../../Engine/Content/EngineMaterials/Substrate/Glints2/dict_0006_0183.uasset" 7939
"../../../Engine/Content/EngineMaterials/Substrate/Glints2/dict_0006_0184.uasset" 7940
"../../../Engine/Content/EngineMaterials/Substrate/Glints2/dict_0006_0185.uasset" 7941
"../../../Engine/Content/EngineMaterials/Substrate/Glints2/dict_0006_0186.uasset" 7942
"../../../Engine/Content/EngineMaterials/Substrate/Glints2/dict_0006_0187.uasset" 7943
"../../../Engine/Content/EngineMaterials/Substrate/Glints2/dict_0006_0188.uasset" 7944
"../../../Engine/Content/EngineMaterials/Substrate/Glints2/dict_0006_0189.uasset" 7945
"../../../Engine/Content/EngineMaterials/Substrate/Glints2/dict_0006_0190.uasset" 7946
"../../../Engine/Content/EngineMaterials/Substrate/Glints2/dict_0006_0191.uasset" 7947
"../../../Engine/Content/EngineMaterials/Substrate/Glints2/dict_0006_0192.uasset" 7948
"../../../Engine/Content/EngineMaterials/Substrate/Glints2/dict_0006_0193.uasset" 7949
"../../../Engine/Content/EngineMaterials/Substrate/Glints2/dict_0006_0194.uasset" 7950
"../../../Engine/Content/EngineMaterials/Substrate/Glints2/dict_0006_0195.uasset" 7951
"../../../Engine/Content/EngineMaterials/Substrate/Glints2/dict_0006_0196.uasset" 7952
"../../../Engine/Content/EngineMaterials/Substrate/Glints2/dict_0006_0197.uasset" 7953
"../../../Engine/Content/EngineMaterials/Substrate/Glints2/dict_0006_0198.uasset" 7954
"../../../Engine/Content/EngineMaterials/Substrate/Glints2/dict_0006_0199.uasset" 7955
"../../../Engine/Content/EngineMaterials/Substrate/Glints2/dict_0006_0200.uasset" 7956
"../../../Engine/Content/EngineMaterials/Substrate/Glints2/dict_0006_0201.uasset" 7957
"../../../Engine/Content/EngineMaterials/Substrate/Glints2/dict_0006_0202.uasset" 7958
"../../../Engine/Content/EngineMaterials/Substrate/Glints2/dict_0006_0203.uasset" 7959
"../../../Engine/Content/EngineMaterials/Substrate/Glints2/dict_0006_0204.uasset" 7960
"../../../Engine/Content/EngineMaterials/Substrate/Glints2/dict_0006_0205.uasset" 7961
"../../../Engine/Content/EngineMaterials/Substrate/Glints2/dict_0006_0206.uasset" 7962
"../../../Engine/Content/EngineMaterials/Substrate/Glints2/dict_0006_0207.uasset" 7963
"../../../Engine/Content/EngineMaterials/Substrate/Glints2/dict_0006_0208.uasset" 7964
"../../../Engine/Content/EngineMaterials/Substrate/Glints2/dict_0006_0209.uasset" 7965
"../../../Engine/Content/EngineMaterials/Substrate/Glints2/dict_0006_0210.uasset" 7966
"../../../Engine/Content/EngineMaterials/Substrate/Glints2/dict_0006_0211.uasset" 7967
"../../../Engine/Content/EngineMaterials/Substrate/Glints2/dict_0006_0212.uasset" 7968
"../../../Engine/Content/EngineMaterials/Substrate/Glints2/dict_0006_0213.uasset" 7969
"../../../Engine/Content/EngineMaterials/Substrate/Glints2/dict_0006_0214.uasset" 7970
"../../../Engine/Content/EngineMaterials/Substrate/Glints2/dict_0006_0215.uasset" 7971
"../../../Engine/Content/EngineMaterials/Substrate/Glints2/dict_0006_0216.uasset" 7972
"../../../Engine/Content/EngineMaterials/Substrate/Glints2/dict_0006_0217.uasset" 7973
"../../../Engine/Content/EngineMaterials/Substrate/Glints2/dict_0006_0218.uasset" 7974
"../../../Engine/Content/EngineMaterials/Substrate/Glints2/dict_0006_0219.uasset" 7975
"../../../Engine/Content/EngineMaterials/Substrate/Glints2/dict_0006_0220.uasset" 7976
"../../../Engine/Content/EngineMaterials/Substrate/Glints2/dict_0006_0221.uasset" 7977
"../../../Engine/Content/EngineMaterials/Substrate/Glints2/dict_0006_0222.uasset" 7978
"../../../Engine/Content/EngineMaterials/Substrate/Glints2/dict_0006_0223.uasset" 7979
"../../../Engine/Content/EngineMaterials/Substrate/Glints2/dict_0006_0224.uasset" 7980
"../../../Engine/Content/EngineMaterials/Substrate/Glints2/dict_0006_0225.uasset" 7981
"../../../Engine/Content/EngineMaterials/Substrate/Glints2/dict_0006_0226.uasset" 7982
"../../../Engine/Content/EngineMaterials/Substrate/Glints2/dict_0006_0227.uasset" 7983
"../../../Engine/Content/EngineMaterials/Substrate/Glints2/dict_0006_0228.uasset" 7984
"../../../Engine/Content/EngineMaterials/Substrate/Glints2/dict_0006_0229.uasset" 7985
"../../../Engine/Content/EngineMaterials/Substrate/Glints2/dict_0006_0230.uasset" 7986
"../../../Engine/Content/EngineMaterials/Substrate/Glints2/dict_0006_0231.uasset" 7987
"../../../Engine/Content/EngineMaterials/Substrate/Glints2/dict_0006_0232.uasset" 7988
"../../../Engine/Content/EngineMaterials/Substrate/Glints2/dict_0006_0233.uasset" 7989
"../../../Engine/Content/EngineMaterials/Substrate/Glints2/dict_0006_0234.uasset" 7990
"../../../Engine/Content/EngineMaterials/Substrate/Glints2/dict_0006_0235.uasset" 7991
"../../../Engine/Content/EngineMaterials/Substrate/Glints2/dict_0006_0236.uasset" 7992
"../../../Engine/Content/EngineMaterials/Substrate/Glints2/dict_0006_0237.uasset" 7993
"../../../Engine/Content/EngineMaterials/Substrate/Glints2/dict_0006_0238.uasset" 7994
"../../../Engine/Content/EngineMaterials/Substrate/Glints2/dict_0006_0239.uasset" 7995
"../../../Engine/Content/EngineMaterials/Substrate/Glints2/dict_0006_0240.uasset" 7996
"../../../Engine/Content/EngineMaterials/Substrate/Glints2/dict_0006_0241.uasset" 7997
"../../../Engine/Content/EngineMaterials/Substrate/Glints2/dict_0006_0242.uasset" 7998
"../../../Engine/Content/EngineMaterials/Substrate/Glints2/dict_0006_0243.uasset" 7999
"../../../Engine/Content/EngineMaterials/Substrate/Glints2/dict_0006_0244.uasset" 8000
"../../../Engine/Content/EngineMaterials/Substrate/Glints2/dict_0006_0245.uasset" 8001
"../../../Engine/Content/EngineMaterials/Substrate/Glints2/dict_0006_0246.uasset" 8002
"../../../Engine/Content/EngineMaterials/Substrate/Glints2/dict_0006_0247.uasset" 8003
"../../../Engine/Content/EngineMaterials/Substrate/Glints2/dict_0006_0248.uasset" 8004
"../../../Engine/Content/EngineMaterials/Substrate/Glints2/dict_0006_0249.uasset" 8005
"../../../Engine/Content/EngineMaterials/Substrate/Glints2/dict_0006_0250.uasset" 8006
"../../../Engine/Content/EngineMaterials/Substrate/Glints2/dict_0006_0251.uasset" 8007
"../../../Engine/Content/EngineMaterials/Substrate/Glints2/dict_0006_0252.uasset" 8008
"../../../Engine/Content/EngineMaterials/Substrate/Glints2/dict_0006_0253.uasset" 8009
"../../../Engine/Content/EngineMaterials/Substrate/Glints2/dict_0006_0254.uasset" 8010
"../../../Engine/Content/EngineMaterials/Substrate/Glints2/dict_0006_0255.uasset" 8011
"../../../Engine/Content/EngineMaterials/Substrate/Glints2/dict_0007_0000.uasset" 8012
"../../../Engine/Content/EngineMaterials/Substrate/Glints2/dict_0007_0001.uasset" 8013
"../../../Engine/Content/EngineMaterials/Substrate/Glints2/dict_0007_0002.uasset" 8014
"../../../Engine/Content/EngineMaterials/Substrate/Glints2/dict_0007_0003.uasset" 8015
"../../../Engine/Content/EngineMaterials/Substrate/Glints2/dict_0007_0004.uasset" 8016
"../../../Engine/Content/EngineMaterials/Substrate/Glints2/dict_0007_0005.uasset" 8017
"../../../Engine/Content/EngineMaterials/Substrate/Glints2/dict_0007_0006.uasset" 8018
"../../../Engine/Content/EngineMaterials/Substrate/Glints2/dict_0007_0007.uasset" 8019
"../../../Engine/Content/EngineMaterials/Substrate/Glints2/dict_0007_0008.uasset" 8020
"../../../Engine/Content/EngineMaterials/Substrate/Glints2/dict_0007_0009.uasset" 8021
"../../../Engine/Content/EngineMaterials/Substrate/Glints2/dict_0007_0010.uasset" 8022
"../../../Engine/Content/EngineMaterials/Substrate/Glints2/dict_0007_0011.uasset" 8023
"../../../Engine/Content/EngineMaterials/Substrate/Glints2/dict_0007_0012.uasset" 8024
"../../../Engine/Content/EngineMaterials/Substrate/Glints2/dict_0007_0013.uasset" 8025
"../../../Engine/Content/EngineMaterials/Substrate/Glints2/dict_0007_0014.uasset" 8026
"../../../Engine/Content/EngineMaterials/Substrate/Glints2/dict_0007_0015.uasset" 8027
"../../../Engine/Content/EngineMaterials/Substrate/Glints2/dict_0007_0016.uasset" 8028
"../../../Engine/Content/EngineMaterials/Substrate/Glints2/dict_0007_0017.uasset" 8029
"../../../Engine/Content/EngineMaterials/Substrate/Glints2/dict_0007_0018.uasset" 8030
"../../../Engine/Content/EngineMaterials/Substrate/Glints2/dict_0007_0019.uasset" 8031
"../../../Engine/Content/EngineMaterials/Substrate/Glints2/dict_0007_0020.uasset" 8032
"../../../Engine/Content/EngineMaterials/Substrate/Glints2/dict_0007_0021.uasset" 8033
"../../../Engine/Content/EngineMaterials/Substrate/Glints2/dict_0007_0022.uasset" 8034
"../../../Engine/Content/EngineMaterials/Substrate/Glints2/dict_0007_0023.uasset" 8035
"../../../Engine/Content/EngineMaterials/Substrate/Glints2/dict_0007_0024.uasset" 8036
"../../../Engine/Content/EngineMaterials/Substrate/Glints2/dict_0007_0025.uasset" 8037
"../../../Engine/Content/EngineMaterials/Substrate/Glints2/dict_0007_0026.uasset" 8038
"../../../Engine/Content/EngineMaterials/Substrate/Glints2/dict_0007_0027.uasset" 8039
"../../../Engine/Content/EngineMaterials/Substrate/Glints2/dict_0007_0028.uasset" 8040
"../../../Engine/Content/EngineMaterials/Substrate/Glints2/dict_0007_0029.uasset" 8041
"../../../Engine/Content/EngineMaterials/Substrate/Glints2/dict_0007_0030.uasset" 8042
"../../../Engine/Content/EngineMaterials/Substrate/Glints2/dict_0007_0031.uasset" 8043
"../../../Engine/Content/EngineMaterials/Substrate/Glints2/dict_0007_0032.uasset" 8044
"../../../Engine/Content/EngineMaterials/Substrate/Glints2/dict_0007_0033.uasset" 8045
"../../../Engine/Content/EngineMaterials/Substrate/Glints2/dict_0007_0034.uasset" 8046
"../../../Engine/Content/EngineMaterials/Substrate/Glints2/dict_0007_0035.uasset" 8047
"../../../Engine/Content/EngineMaterials/Substrate/Glints2/dict_0007_0036.uasset" 8048
"../../../Engine/Content/EngineMaterials/Substrate/Glints2/dict_0007_0037.uasset" 8049
"../../../Engine/Content/EngineMaterials/Substrate/Glints2/dict_0007_0038.uasset" 8050
"../../../Engine/Content/EngineMaterials/Substrate/Glints2/dict_0007_0039.uasset" 8051
"../../../Engine/Content/EngineMaterials/Substrate/Glints2/dict_0007_0040.uasset" 8052
"../../../Engine/Content/EngineMaterials/Substrate/Glints2/dict_0007_0041.uasset" 8053
"../../../Engine/Content/EngineMaterials/Substrate/Glints2/dict_0007_0042.uasset" 8054
"../../../Engine/Content/EngineMaterials/Substrate/Glints2/dict_0007_0043.uasset" 8055
"../../../Engine/Content/EngineMaterials/Substrate/Glints2/dict_0007_0044.uasset" 8056
"../../../Engine/Content/EngineMaterials/Substrate/Glints2/dict_0007_0045.uasset" 8057
"../../../Engine/Content/EngineMaterials/Substrate/Glints2/dict_0007_0046.uasset" 8058
"../../../Engine/Content/EngineMaterials/Substrate/Glints2/dict_0007_0047.uasset" 8059
"../../../Engine/Content/EngineMaterials/Substrate/Glints2/dict_0007_0048.uasset" 8060
"../../../Engine/Content/EngineMaterials/Substrate/Glints2/dict_0007_0049.uasset" 8061
"../../../Engine/Content/EngineMaterials/Substrate/Glints2/dict_0007_0050.uasset" 8062
"../../../Engine/Content/EngineMaterials/Substrate/Glints2/dict_0007_0051.uasset" 8063
"../../../Engine/Content/EngineMaterials/Substrate/Glints2/dict_0007_0052.uasset" 8064
"../../../Engine/Content/EngineMaterials/Substrate/Glints2/dict_0007_0053.uasset" 8065
"../../../Engine/Content/EngineMaterials/Substrate/Glints2/dict_0007_0054.uasset" 8066
"../../../Engine/Content/EngineMaterials/Substrate/Glints2/dict_0007_0055.uasset" 8067
"../../../Engine/Content/EngineMaterials/Substrate/Glints2/dict_0007_0056.uasset" 8068
"../../../Engine/Content/EngineMaterials/Substrate/Glints2/dict_0007_0057.uasset" 8069
"../../../Engine/Content/EngineMaterials/Substrate/Glints2/dict_0007_0058.uasset" 8070
"../../../Engine/Content/EngineMaterials/Substrate/Glints2/dict_0007_0059.uasset" 8071
"../../../Engine/Content/EngineMaterials/Substrate/Glints2/dict_0007_0060.uasset" 8072
"../../../Engine/Content/EngineMaterials/Substrate/Glints2/dict_0007_0061.uasset" 8073
"../../../Engine/Content/EngineMaterials/Substrate/Glints2/dict_0007_0062.uasset" 8074
"../../../Engine/Content/EngineMaterials/Substrate/Glints2/dict_0007_0063.uasset" 8075
"../../../Engine/Content/EngineMaterials/Substrate/Glints2/dict_0007_0064.uasset" 8076
"../../../Engine/Content/EngineMaterials/Substrate/Glints2/dict_0007_0065.uasset" 8077
"../../../Engine/Content/EngineMaterials/Substrate/Glints2/dict_0007_0066.uasset" 8078
"../../../Engine/Content/EngineMaterials/Substrate/Glints2/dict_0007_0067.uasset" 8079
"../../../Engine/Content/EngineMaterials/Substrate/Glints2/dict_0007_0068.uasset" 8080
"../../../Engine/Content/EngineMaterials/Substrate/Glints2/dict_0007_0069.uasset" 8081
"../../../Engine/Content/EngineMaterials/Substrate/Glints2/dict_0007_0070.uasset" 8082
"../../../Engine/Content/EngineMaterials/Substrate/Glints2/dict_0007_0071.uasset" 8083
"../../../Engine/Content/EngineMaterials/Substrate/Glints2/dict_0007_0072.uasset" 8084
"../../../Engine/Content/EngineMaterials/Substrate/Glints2/dict_0007_0073.uasset" 8085
"../../../Engine/Content/EngineMaterials/Substrate/Glints2/dict_0007_0074.uasset" 8086
"../../../Engine/Content/EngineMaterials/Substrate/Glints2/dict_0007_0075.uasset" 8087
"../../../Engine/Content/EngineMaterials/Substrate/Glints2/dict_0007_0076.uasset" 8088
"../../../Engine/Content/EngineMaterials/Substrate/Glints2/dict_0007_0077.uasset" 8089
"../../../Engine/Content/EngineMaterials/Substrate/Glints2/dict_0007_0078.uasset" 8090
"../../../Engine/Content/EngineMaterials/Substrate/Glints2/dict_0007_0079.uasset" 8091
"../../../Engine/Content/EngineMaterials/Substrate/Glints2/dict_0007_0080.uasset" 8092
"../../../Engine/Content/EngineMaterials/Substrate/Glints2/dict_0007_0081.uasset" 8093
"../../../Engine/Content/EngineMaterials/Substrate/Glints2/dict_0007_0082.uasset" 8094
"../../../Engine/Content/EngineMaterials/Substrate/Glints2/dict_0007_0083.uasset" 8095
"../../../Engine/Content/EngineMaterials/Substrate/Glints2/dict_0007_0084.uasset" 8096
"../../../Engine/Content/EngineMaterials/Substrate/Glints2/dict_0007_0085.uasset" 8097
"../../../Engine/Content/EngineMaterials/Substrate/Glints2/dict_0007_0086.uasset" 8098
"../../../Engine/Content/EngineMaterials/Substrate/Glints2/dict_0007_0087.uasset" 8099
"../../../Engine/Content/EngineMaterials/Substrate/Glints2/dict_0007_0088.uasset" 8100
"../../../Engine/Content/EngineMaterials/Substrate/Glints2/dict_0007_0089.uasset" 8101
"../../../Engine/Content/EngineMaterials/Substrate/Glints2/dict_0007_0090.uasset" 8102
"../../../Engine/Content/EngineMaterials/Substrate/Glints2/dict_0007_0091.uasset" 8103
"../../../Engine/Content/EngineMaterials/Substrate/Glints2/dict_0007_0092.uasset" 8104
"../../../Engine/Content/EngineMaterials/Substrate/Glints2/dict_0007_0093.uasset" 8105
"../../../Engine/Content/EngineMaterials/Substrate/Glints2/dict_0007_0094.uasset" 8106
"../../../Engine/Content/EngineMaterials/Substrate/Glints2/dict_0007_0095.uasset" 8107
"../../../Engine/Content/EngineMaterials/Substrate/Glints2/dict_0007_0096.uasset" 8108
"../../../Engine/Content/EngineMaterials/Substrate/Glints2/dict_0007_0097.uasset" 8109
"../../../Engine/Content/EngineMaterials/Substrate/Glints2/dict_0007_0098.uasset" 8110
"../../../Engine/Content/EngineMaterials/Substrate/Glints2/dict_0007_0099.uasset" 8111
"../../../Engine/Content/EngineMaterials/Substrate/Glints2/dict_0007_0100.uasset" 8112
"../../../Engine/Content/EngineMaterials/Substrate/Glints2/dict_0007_0101.uasset" 8113
"../../../Engine/Content/EngineMaterials/Substrate/Glints2/dict_0007_0102.uasset" 8114
"../../../Engine/Content/EngineMaterials/Substrate/Glints2/dict_0007_0103.uasset" 8115
"../../../Engine/Content/EngineMaterials/Substrate/Glints2/dict_0007_0104.uasset" 8116
"../../../Engine/Content/EngineMaterials/Substrate/Glints2/dict_0007_0105.uasset" 8117
"../../../Engine/Content/EngineMaterials/Substrate/Glints2/dict_0007_0106.uasset" 8118
"../../../Engine/Content/EngineMaterials/Substrate/Glints2/dict_0007_0107.uasset" 8119
"../../../Engine/Content/EngineMaterials/Substrate/Glints2/dict_0007_0108.uasset" 8120
"../../../Engine/Content/EngineMaterials/Substrate/Glints2/dict_0007_0109.uasset" 8121
"../../../Engine/Content/EngineMaterials/Substrate/Glints2/dict_0007_0110.uasset" 8122
"../../../Engine/Content/EngineMaterials/Substrate/Glints2/dict_0007_0111.uasset" 8123
"../../../Engine/Content/EngineMaterials/Substrate/Glints2/dict_0007_0112.uasset" 8124
"../../../Engine/Content/EngineMaterials/Substrate/Glints2/dict_0007_0113.uasset" 8125
"../../../Engine/Content/EngineMaterials/Substrate/Glints2/dict_0007_0114.uasset" 8126
"../../../Engine/Content/EngineMaterials/Substrate/Glints2/dict_0007_0115.uasset" 8127
"../../../Engine/Content/EngineMaterials/Substrate/Glints2/dict_0007_0116.uasset" 8128
"../../../Engine/Content/EngineMaterials/Substrate/Glints2/dict_0007_0117.uasset" 8129
"../../../Engine/Content/EngineMaterials/Substrate/Glints2/dict_0007_0118.uasset" 8130
"../../../Engine/Content/EngineMaterials/Substrate/Glints2/dict_0007_0119.uasset" 8131
"../../../Engine/Content/EngineMaterials/Substrate/Glints2/dict_0007_0120.uasset" 8132
"../../../Engine/Content/EngineMaterials/Substrate/Glints2/dict_0007_0121.uasset" 8133
"../../../Engine/Content/EngineMaterials/Substrate/Glints2/dict_0007_0122.uasset" 8134
"../../../Engine/Content/EngineMaterials/Substrate/Glints2/dict_0007_0123.uasset" 8135
"../../../Engine/Content/EngineMaterials/Substrate/Glints2/dict_0007_0124.uasset" 8136
"../../../Engine/Content/EngineMaterials/Substrate/Glints2/dict_0007_0125.uasset" 8137
"../../../Engine/Content/EngineMaterials/Substrate/Glints2/dict_0007_0126.uasset" 8138
"../../../Engine/Content/EngineMaterials/Substrate/Glints2/dict_0007_0127.uasset" 8139
"../../../Engine/Content/EngineMaterials/Substrate/Glints2/dict_0007_0128.uasset" 8140
"../../../Engine/Content/EngineMaterials/Substrate/Glints2/dict_0007_0129.uasset" 8141
"../../../Engine/Content/EngineMaterials/Substrate/Glints2/dict_0007_0130.uasset" 8142
"../../../Engine/Content/EngineMaterials/Substrate/Glints2/dict_0007_0131.uasset" 8143
"../../../Engine/Content/EngineMaterials/Substrate/Glints2/dict_0007_0132.uasset" 8144
"../../../Engine/Content/EngineMaterials/Substrate/Glints2/dict_0007_0133.uasset" 8145
"../../../Engine/Content/EngineMaterials/Substrate/Glints2/dict_0007_0134.uasset" 8146
"../../../Engine/Content/EngineMaterials/Substrate/Glints2/dict_0007_0135.uasset" 8147
"../../../Engine/Content/EngineMaterials/Substrate/Glints2/dict_0007_0136.uasset" 8148
"../../../Engine/Content/EngineMaterials/Substrate/Glints2/dict_0007_0137.uasset" 8149
"../../../Engine/Content/EngineMaterials/Substrate/Glints2/dict_0007_0138.uasset" 8150
"../../../Engine/Content/EngineMaterials/Substrate/Glints2/dict_0007_0139.uasset" 8151
"../../../Engine/Content/EngineMaterials/Substrate/Glints2/dict_0007_0140.uasset" 8152
"../../../Engine/Content/EngineMaterials/Substrate/Glints2/dict_0007_0141.uasset" 8153
"../../../Engine/Content/EngineMaterials/Substrate/Glints2/dict_0007_0142.uasset" 8154
"../../../Engine/Content/EngineMaterials/Substrate/Glints2/dict_0007_0143.uasset" 8155
"../../../Engine/Content/EngineMaterials/Substrate/Glints2/dict_0007_0144.uasset" 8156
"../../../Engine/Content/EngineMaterials/Substrate/Glints2/dict_0007_0145.uasset" 8157
"../../../Engine/Content/EngineMaterials/Substrate/Glints2/dict_0007_0146.uasset" 8158
"../../../Engine/Content/EngineMaterials/Substrate/Glints2/dict_0007_0147.uasset" 8159
"../../../Engine/Content/EngineMaterials/Substrate/Glints2/dict_0007_0148.uasset" 8160
"../../../Engine/Content/EngineMaterials/Substrate/Glints2/dict_0007_0149.uasset" 8161
"../../../Engine/Content/EngineMaterials/Substrate/Glints2/dict_0007_0150.uasset" 8162
"../../../Engine/Content/EngineMaterials/Substrate/Glints2/dict_0007_0151.uasset" 8163
"../../../Engine/Content/EngineMaterials/Substrate/Glints2/dict_0007_0152.uasset" 8164
"../../../Engine/Content/EngineMaterials/Substrate/Glints2/dict_0007_0153.uasset" 8165
"../../../Engine/Content/EngineMaterials/Substrate/Glints2/dict_0007_0154.uasset" 8166
"../../../Engine/Content/EngineMaterials/Substrate/Glints2/dict_0007_0155.uasset" 8167
"../../../Engine/Content/EngineMaterials/Substrate/Glints2/dict_0007_0156.uasset" 8168
"../../../Engine/Content/EngineMaterials/Substrate/Glints2/dict_0007_0157.uasset" 8169
"../../../Engine/Content/EngineMaterials/Substrate/Glints2/dict_0007_0158.uasset" 8170
"../../../Engine/Content/EngineMaterials/Substrate/Glints2/dict_0007_0159.uasset" 8171
"../../../Engine/Content/EngineMaterials/Substrate/Glints2/dict_0007_0160.uasset" 8172
"../../../Engine/Content/EngineMaterials/Substrate/Glints2/dict_0007_0161.uasset" 8173
"../../../Engine/Content/EngineMaterials/Substrate/Glints2/dict_0007_0162.uasset" 8174
"../../../Engine/Content/EngineMaterials/Substrate/Glints2/dict_0007_0163.uasset" 8175
"../../../Engine/Content/EngineMaterials/Substrate/Glints2/dict_0007_0164.uasset" 8176
"../../../Engine/Content/EngineMaterials/Substrate/Glints2/dict_0007_0165.uasset" 8177
"../../../Engine/Content/EngineMaterials/Substrate/Glints2/dict_0007_0166.uasset" 8178
"../../../Engine/Content/EngineMaterials/Substrate/Glints2/dict_0007_0167.uasset" 8179
"../../../Engine/Content/EngineMaterials/Substrate/Glints2/dict_0007_0168.uasset" 8180
"../../../Engine/Content/EngineMaterials/Substrate/Glints2/dict_0007_0169.uasset" 8181
"../../../Engine/Content/EngineMaterials/Substrate/Glints2/dict_0007_0170.uasset" 8182
"../../../Engine/Content/EngineMaterials/Substrate/Glints2/dict_0007_0171.uasset" 8183
"../../../Engine/Content/EngineMaterials/Substrate/Glints2/dict_0007_0172.uasset" 8184
"../../../Engine/Content/EngineMaterials/Substrate/Glints2/dict_0007_0173.uasset" 8185
"../../../Engine/Content/EngineMaterials/Substrate/Glints2/dict_0007_0174.uasset" 8186
"../../../Engine/Content/EngineMaterials/Substrate/Glints2/dict_0007_0175.uasset" 8187
"../../../Engine/Content/EngineMaterials/Substrate/Glints2/dict_0007_0176.uasset" 8188
"../../../Engine/Content/EngineMaterials/Substrate/Glints2/dict_0007_0177.uasset" 8189
"../../../Engine/Content/EngineMaterials/Substrate/Glints2/dict_0007_0178.uasset" 8190
"../../../Engine/Content/EngineMaterials/Substrate/Glints2/dict_0007_0179.uasset" 8191
"../../../Engine/Content/EngineMaterials/Substrate/Glints2/dict_0007_0180.uasset" 8192
"../../../Engine/Content/EngineMaterials/Substrate/Glints2/dict_0007_0181.uasset" 8193
"../../../Engine/Content/EngineMaterials/Substrate/Glints2/dict_0007_0182.uasset" 8194
"../../../Engine/Content/EngineMaterials/Substrate/Glints2/dict_0007_0183.uasset" 8195
"../../../Engine/Content/EngineMaterials/Substrate/Glints2/dict_0007_0184.uasset" 8196
"../../../Engine/Content/EngineMaterials/Substrate/Glints2/dict_0007_0185.uasset" 8197
"../../../Engine/Content/EngineMaterials/Substrate/Glints2/dict_0007_0186.uasset" 8198
"../../../Engine/Content/EngineMaterials/Substrate/Glints2/dict_0007_0187.uasset" 8199
"../../../Engine/Content/EngineMaterials/Substrate/Glints2/dict_0007_0188.uasset" 8200
"../../../Engine/Content/EngineMaterials/Substrate/Glints2/dict_0007_0189.uasset" 8201
"../../../Engine/Content/EngineMaterials/Substrate/Glints2/dict_0007_0190.uasset" 8202
"../../../Engine/Content/EngineMaterials/Substrate/Glints2/dict_0007_0191.uasset" 8203
"../../../Engine/Content/EngineMaterials/Substrate/Glints2/dict_0007_0192.uasset" 8204
"../../../Engine/Content/EngineMaterials/Substrate/Glints2/dict_0007_0193.uasset" 8205
"../../../Engine/Content/EngineMaterials/Substrate/Glints2/dict_0007_0194.uasset" 8206
"../../../Engine/Content/EngineMaterials/Substrate/Glints2/dict_0007_0195.uasset" 8207
"../../../Engine/Content/EngineMaterials/Substrate/Glints2/dict_0007_0196.uasset" 8208
"../../../Engine/Content/EngineMaterials/Substrate/Glints2/dict_0007_0197.uasset" 8209
"../../../Engine/Content/EngineMaterials/Substrate/Glints2/dict_0007_0198.uasset" 8210
"../../../Engine/Content/EngineMaterials/Substrate/Glints2/dict_0007_0199.uasset" 8211
"../../../Engine/Content/EngineMaterials/Substrate/Glints2/dict_0007_0200.uasset" 8212
"../../../Engine/Content/EngineMaterials/Substrate/Glints2/dict_0007_0201.uasset" 8213
"../../../Engine/Content/EngineMaterials/Substrate/Glints2/dict_0007_0202.uasset" 8214
"../../../Engine/Content/EngineMaterials/Substrate/Glints2/dict_0007_0203.uasset" 8215
"../../../Engine/Content/EngineMaterials/Substrate/Glints2/dict_0007_0204.uasset" 8216
"../../../Engine/Content/EngineMaterials/Substrate/Glints2/dict_0007_0205.uasset" 8217
"../../../Engine/Content/EngineMaterials/Substrate/Glints2/dict_0007_0206.uasset" 8218
"../../../Engine/Content/EngineMaterials/Substrate/Glints2/dict_0007_0207.uasset" 8219
"../../../Engine/Content/EngineMaterials/Substrate/Glints2/dict_0007_0208.uasset" 8220
"../../../Engine/Content/EngineMaterials/Substrate/Glints2/dict_0007_0209.uasset" 8221
"../../../Engine/Content/EngineMaterials/Substrate/Glints2/dict_0007_0210.uasset" 8222
"../../../Engine/Content/EngineMaterials/Substrate/Glints2/dict_0007_0211.uasset" 8223
"../../../Engine/Content/EngineMaterials/Substrate/Glints2/dict_0007_0212.uasset" 8224
"../../../Engine/Content/EngineMaterials/Substrate/Glints2/dict_0007_0213.uasset" 8225
"../../../Engine/Content/EngineMaterials/Substrate/Glints2/dict_0007_0214.uasset" 8226
"../../../Engine/Content/EngineMaterials/Substrate/Glints2/dict_0007_0215.uasset" 8227
"../../../Engine/Content/EngineMaterials/Substrate/Glints2/dict_0007_0216.uasset" 8228
"../../../Engine/Content/EngineMaterials/Substrate/Glints2/dict_0007_0217.uasset" 8229
"../../../Engine/Content/EngineMaterials/Substrate/Glints2/dict_0007_0218.uasset" 8230
"../../../Engine/Content/EngineMaterials/Substrate/Glints2/dict_0007_0219.uasset" 8231
"../../../Engine/Content/EngineMaterials/Substrate/Glints2/dict_0007_0220.uasset" 8232
"../../../Engine/Content/EngineMaterials/Substrate/Glints2/dict_0007_0221.uasset" 8233
"../../../Engine/Content/EngineMaterials/Substrate/Glints2/dict_0007_0222.uasset" 8234
"../../../Engine/Content/EngineMaterials/Substrate/Glints2/dict_0007_0223.uasset" 8235
"../../../Engine/Content/EngineMaterials/Substrate/Glints2/dict_0007_0224.uasset" 8236
"../../../Engine/Content/EngineMaterials/Substrate/Glints2/dict_0007_0225.uasset" 8237
"../../../Engine/Content/EngineMaterials/Substrate/Glints2/dict_0007_0226.uasset" 8238
"../../../Engine/Content/EngineMaterials/Substrate/Glints2/dict_0007_0227.uasset" 8239
"../../../Engine/Content/EngineMaterials/Substrate/Glints2/dict_0007_0228.uasset" 8240
"../../../Engine/Content/EngineMaterials/Substrate/Glints2/dict_0007_0229.uasset" 8241
"../../../Engine/Content/EngineMaterials/Substrate/Glints2/dict_0007_0230.uasset" 8242
"../../../Engine/Content/EngineMaterials/Substrate/Glints2/dict_0007_0231.uasset" 8243
"../../../Engine/Content/EngineMaterials/Substrate/Glints2/dict_0007_0232.uasset" 8244
"../../../Engine/Content/EngineMaterials/Substrate/Glints2/dict_0007_0233.uasset" 8245
"../../../Engine/Content/EngineMaterials/Substrate/Glints2/dict_0007_0234.uasset" 8246
"../../../Engine/Content/EngineMaterials/Substrate/Glints2/dict_0007_0235.uasset" 8247
"../../../Engine/Content/EngineMaterials/Substrate/Glints2/dict_0007_0236.uasset" 8248
"../../../Engine/Content/EngineMaterials/Substrate/Glints2/dict_0007_0237.uasset" 8249
"../../../Engine/Content/EngineMaterials/Substrate/Glints2/dict_0007_0238.uasset" 8250
"../../../Engine/Content/EngineMaterials/Substrate/Glints2/dict_0007_0239.uasset" 8251
"../../../Engine/Content/EngineMaterials/Substrate/Glints2/dict_0007_0240.uasset" 8252
"../../../Engine/Content/EngineMaterials/Substrate/Glints2/dict_0007_0241.uasset" 8253
"../../../Engine/Content/EngineMaterials/Substrate/Glints2/dict_0007_0242.uasset" 8254
"../../../Engine/Content/EngineMaterials/Substrate/Glints2/dict_0007_0243.uasset" 8255
"../../../Engine/Content/EngineMaterials/Substrate/Glints2/dict_0007_0244.uasset" 8256
"../../../Engine/Content/EngineMaterials/Substrate/Glints2/dict_0007_0245.uasset" 8257
"../../../Engine/Content/EngineMaterials/Substrate/Glints2/dict_0007_0246.uasset" 8258
"../../../Engine/Content/EngineMaterials/Substrate/Glints2/dict_0007_0247.uasset" 8259
"../../../Engine/Content/EngineMaterials/Substrate/Glints2/dict_0007_0248.uasset" 8260
"../../../Engine/Content/EngineMaterials/Substrate/Glints2/dict_0007_0249.uasset" 8261
"../../../Engine/Content/EngineMaterials/Substrate/Glints2/dict_0007_0250.uasset" 8262
"../../../Engine/Content/EngineMaterials/Substrate/Glints2/dict_0007_0251.uasset" 8263
"../../../Engine/Content/EngineMaterials/Substrate/Glints2/dict_0007_0252.uasset" 8264
"../../../Engine/Content/EngineMaterials/Substrate/Glints2/dict_0007_0253.uasset" 8265
"../../../Engine/Content/EngineMaterials/Substrate/Glints2/dict_0007_0254.uasset" 8266
"../../../Engine/Content/EngineMaterials/Substrate/Glints2/dict_0007_0255.uasset" 8267
"/Users/shanshanye/Desktop/AI_final/GameAI-Final-Project/Intermediate/Shaders/tmp/E2F423F6564C0BB6B2ADD690E8982C33/5/WorkerOutputOnly.out" 8268
"/Engine/EngineMaterials/Substrate/Volume/SubstrateSimpleVolumeLUT3D" 8269
"../../../Engine/Content/EngineMaterials/Substrate/Volume/SubstrateSimpleVolumeLUT3D.uasset" 8270
"../../../Engine/Content/EngineMaterials/Substrate/Volume/SubstrateSimpleVolumeLUT2D.uasset" 8271
"/Engine/EngineMaterials/Substrate/Volume/SubstrateSimpleVolumeEnvLUT3D" 8272
"../../../Engine/Content/EngineMaterials/Substrate/Volume/SubstrateSimpleVolumeEnvLUT3D.uasset" 8273
"../../../Engine/Content/EngineMaterials/Substrate/Volume/SubstrateSimpleVolumeEnvLUT2D.uasset" 8274
"/Engine/MobileResources/HUD/DefaultVirtualJoysticks" 8275
"../../../Engine/Content/MobileResources/HUD/DefaultVirtualJoysticks.uasset" 8276
"../../../Engine/Content/MobileResources/HUD/VirtualJoystick_Background.uasset" 8277
"../../../Engine/Content/MobileResources/HUD/VirtualJoystick_Thumb.uasset" 8278
"/Engine/EngineMaterials/PPM_DefaultCalibrationColor" 8279
"../../../Engine/Content/EngineMaterials/PPM_DefaultCalibrationColor.uasset" 8280
"../../../Engine/Content/EngineMaterials/DefaultCalibrationColor.uasset" 8281
"/Engine/EngineMaterials/PPM_DefaultCalibrationGrayscale" 8282
"../../../Engine/Content/EngineMaterials/PPM_DefaultCalibrationGrayscale.uasset" 8283
"../../../Engine/Content/EngineMaterials/DefaultCalibrationGrayscale.uasset" 8284
"/InterchangeAssets/Functions/MX_Surface" 8285
"../../Plugins/Interchange/Assets/Content/Functions/MX_Surface.uasset" 8286
"../../../Engine/Content/Functions/MaterialLayerFunctions/MatLayerBlend_OverrideOpacity.uasset" 8287
"/InterchangeAssets/Functions/MX_Displacement" 8288
"../../Plugins/Interchange/Assets/Content/Functions/MX_Displacement.uasset" 8289
"../../../Engine/Content/Functions/Engine_MaterialFunctions03/Procedurals/HeightToNormalSmooth.uasset" 8290
"/Game/Characters/Mannequins/Rigs/Poses/Quinn/Quinn_calf_l_pose" 8291
"../../../../../../shanshanye/Desktop/AI_final/GameAI-Final-Project/Content/Characters/Mannequins/Rigs/Poses/Quinn/Quinn_calf_l_pose.uasset" 8292
"../../../../../../shanshanye/Desktop/AI_final/GameAI-Final-Project/Content/Characters/Mannequins/Rigs/Poses/Quinn/Quinn_calf_l_anim.uasset" 8293
"/Game/Characters/Mannequins/Rigs/Poses/Quinn/Quinn_calf_r_pose" 8294
"../../../../../../shanshanye/Desktop/AI_final/GameAI-Final-Project/Content/Characters/Mannequins/Rigs/Poses/Quinn/Quinn_calf_r_pose.uasset" 8295
"../../../../../../shanshanye/Desktop/AI_final/GameAI-Final-Project/Content/Characters/Mannequins/Rigs/Poses/Quinn/Quinn_calf_r_anim.uasset" 8296
"/Game/Characters/Mannequins/Rigs/Poses/Quinn/Quinn_clavicle_l_pose" 8297
"../../../../../../shanshanye/Desktop/AI_final/GameAI-Final-Project/Content/Characters/Mannequins/Rigs/Poses/Quinn/Quinn_clavicle_l_pose.uasset" 8298
"../../../../../../shanshanye/Desktop/AI_final/GameAI-Final-Project/Content/Characters/Mannequins/Rigs/Poses/Quinn/Quinn_clavicle_l_anim.uasset" 8299
"/Game/Characters/Mannequins/Rigs/Poses/Quinn/Quinn_clavicle_r_pose" 8300
"../../../../../../shanshanye/Desktop/AI_final/GameAI-Final-Project/Content/Characters/Mannequins/Rigs/Poses/Quinn/Quinn_clavicle_r_pose.uasset" 8301
"../../../../../../shanshanye/Desktop/AI_final/GameAI-Final-Project/Content/Characters/Mannequins/Rigs/Poses/Quinn/Quinn_clavicle_r_anim.uasset" 8302
"/Game/Characters/Mannequins/Rigs/Poses/Quinn/Quinn_foot_l_pose" 8303
"../../../../../../shanshanye/Desktop/AI_final/GameAI-Final-Project/Content/Characters/Mannequins/Rigs/Poses/Quinn/Quinn_foot_l_pose.uasset" 8304
"../../../../../../shanshanye/Desktop/AI_final/GameAI-Final-Project/Content/Characters/Mannequins/Rigs/Poses/Quinn/Quinn_foot_l_anim.uasset" 8305
"/Game/Characters/Mannequins/Rigs/Poses/Quinn/Quinn_foot_r_pose" 8306
"../../../../../../shanshanye/Desktop/AI_final/GameAI-Final-Project/Content/Characters/Mannequins/Rigs/Poses/Quinn/Quinn_foot_r_pose.uasset" 8307
"../../../../../../shanshanye/Desktop/AI_final/GameAI-Final-Project/Content/Characters/Mannequins/Rigs/Poses/Quinn/Quinn_foot_r_anim.uasset" 8308
"/Game/Characters/Mannequins/Rigs/Poses/Quinn/Quinn_hand_l_pose" 8309
"../../../../../../shanshanye/Desktop/AI_final/GameAI-Final-Project/Content/Characters/Mannequins/Rigs/Poses/Quinn/Quinn_hand_l_pose.uasset" 8310
"../../../../../../shanshanye/Desktop/AI_final/GameAI-Final-Project/Content/Characters/Mannequins/Rigs/Poses/Quinn/Quinn_hand_l_anim.uasset" 8311
"/Game/Characters/Mannequins/Rigs/Poses/Quinn/Quinn_hand_r_pose" 8312
"../../../../../../shanshanye/Desktop/AI_final/GameAI-Final-Project/Content/Characters/Mannequins/Rigs/Poses/Quinn/Quinn_hand_r_pose.uasset" 8313
"../../../../../../shanshanye/Desktop/AI_final/GameAI-Final-Project/Content/Characters/Mannequins/Rigs/Poses/Quinn/Quinn_hand_r_anim.uasset" 8314
"../../../Engine/Plugins/Animation/DeformerGraph/Shaders/Private/DataInterfaceCustomComputeKernel.ush" 8315
"../../../Engine/Plugins/Animation/DeformerGraph/Shaders/Private/DataInterfaceCloth.ush" 8316
"../../../Engine/Plugins/Animation/DeformerGraph/Shaders/Private/DataInterfaceSkinnedMeshRead.ush" 8317
"../../../Engine/Plugins/Animation/DeformerGraph/Shaders/Private/DataInterfaceSkeleton.ush" 8318
"../../../Engine/Plugins/Animation/DeformerGraph/Shaders/Private/DataInterfaceSkeletonCommon.ush" 8319
"../../../Engine/Plugins/Animation/DeformerGraph/Shaders/Private/DataInterfaceMorphTarget.ush" 8320
"../../../Engine/Plugins/Animation/DeformerGraph/Shaders/Private/DataInterfaceSkinnedMeshWrite.ush" 8321
"/Users/shanshanye/Desktop/AI_final/GameAI-Final-Project/Intermediate/Shaders/tmp/E2F423F6564C0BB6B2ADD690E8982C33/2/WorkerOutputOnly.out" 8322
"/Users/shanshanye/Desktop/AI_final/GameAI-Final-Project/Intermediate/Shaders/tmp/E2F423F6564C0BB6B2ADD690E8982C33/0/WorkerOutputOnly.out" 8323
"/Users/shanshanye/Desktop/AI_final/GameAI-Final-Project/Intermediate/Shaders/tmp/E2F423F6564C0BB6B2ADD690E8982C33/1/WorkerOutputOnly.out" 8324
"/Users/shanshanye/Desktop/AI_final/GameAI-Final-Project/Intermediate/Shaders/tmp/E2F423F6564C0BB6B2ADD690E8982C33/4/WorkerOutputOnly.out" 8325
"/Users/shanshanye/Desktop/AI_final/GameAI-Final-Project/Intermediate/Shaders/tmp/E2F423F6564C0BB6B2ADD690E8982C33/3/WorkerOutputOnly.out" 8326
"/Users/shanshanye/Desktop/AI_final/GameAI-Final-Project/Intermediate/Shaders/tmp/E2F423F6564C0BB6B2ADD690E8982C33/6/WorkerOutputOnly.out" 8327
"../../../Engine/Plugins/Animation/DeformerGraph/Shaders/Private/DataInterfaceRawBuffer.ush" 8328
"../../../Engine/Plugins/Runtime/ComputeFramework/Shaders/Private/BufferAlias.ush" 8329
"../../../Engine/Plugins/Animation/DeformerGraph/Shaders/Private/DataInterfaceSkinnedMesh.ush" 8330
"../../../Engine/Plugins/Animation/DeformerGraph/Shaders/Private/DataInterfaceHalfEdge.ush" 8331
"/NNEDenoiser/NNEDIM_HighQuality_Alpha" 8332
"../../Plugins/NNE/NNEDenoiser/Content/NNEDIM_HighQuality_Alpha.uasset" 8333
"/NNEDenoiser/NNED_Oidn2-3_Fast_Alpha" 8334
"../../Plugins/NNE/NNEDenoiser/Content/NNED_Oidn2-3_Fast_Alpha.uasset" 8335
"/NNEDenoiser/NNE_oidn2-3-0_rt_hdr_alb_nrm_small__dyn__fp16_opset11_DenoiseAlpha" 8336
"../../Plugins/NNE/NNEDenoiser/Content/NNE_oidn2-3-0_rt_hdr_alb_nrm_small__dyn__fp16_opset11_DenoiseAlpha.uasset" 8337
"/NNEDenoiser/NNEDTIM_ColorAlbedoNormal_Default" 8338
"../../Plugins/NNE/NNEDenoiser/Content/NNEDTIM_ColorAlbedoNormal_Default.uasset" 8339
"/NNEDenoiser/NNEDT_Oidn2-3_Balanced_Alpha" 8340
"../../Plugins/NNE/NNEDenoiser/Content/NNEDT_Oidn2-3_Balanced_Alpha.uasset" 8341
"/NNEDenoiser/NNE_oidn2-3-0_rt_hdr_calb_cnrm_large__dyn__fp16_opset11_ForwardAlpha" 8342
"../../Plugins/NNE/NNEDenoiser/Content/NNE_oidn2-3-0_rt_hdr_calb_cnrm_large__dyn__fp16_opset11_ForwardAlpha.uasset" 8343
"/NNEDenoiser/NNEDIM_ColorAlbedoNormal_Default" 8344
"../../Plugins/NNE/NNEDenoiser/Content/NNEDIM_ColorAlbedoNormal_Default.uasset" 8345
"/NNEDenoiser/NNEDOM_Output_Default" 8346
"../../Plugins/NNE/NNEDenoiser/Content/NNEDOM_Output_Default.uasset" 8347
"/Users/shanshanye/Desktop/AI_final/GameAI-Final-Project/Intermediate/ORTOptimizerPass_Optimized24E09731ED4B40DC08E3FB81608F3B09.onnx" 8348
"/Users/shanshanye/Desktop/AI_final/GameAI-Final-Project/Intermediate/ORTOptimizerPass_OptimizedA9FAF87B2D4BEF20AB1C10A1EF7C3C3A.onnx" 8349
"/Users/shanshanye/Desktop/AI_final/GameAI-Final-Project/Content/Characters/Mannequins/Rigs/ABP_Quinn_PostProcess.uasset" 8350
"/Users/shanshanye/Desktop/AI_final/GameAI-Final-Project/Content/Characters/Mannequins/Rigs/Poses/Quinn/Quinn_lowerarm_l_pose.uasset" 8351
"/Users/shanshanye/Desktop/AI_final/GameAI-Final-Project/Content/Characters/Mannequins/Rigs/Poses/Quinn/Quinn_lowerarm_r_pose.uasset" 8352
"/Users/shanshanye/Desktop/AI_final/GameAI-Final-Project/Content/Characters/Mannequins/Rigs/Poses/Quinn/Quinn_upperarm_l_pose.uasset" 8353
"/Users/shanshanye/Desktop/AI_final/GameAI-Final-Project/Content/Characters/Mannequins/Rigs/Poses/Quinn/Quinn_upperarm_r_pose.uasset" 8354
"/Users/shanshanye/Desktop/AI_final/GameAI-Final-Project/Content/Characters/Mannequins/Rigs/Poses/Quinn/Quinn_thigh_r_pose.uasset" 8355
"/Users/shanshanye/Desktop/AI_final/GameAI-Final-Project/Content/Characters/Mannequins/Rigs/Poses/Quinn/Quinn_thigh_l_pose.uasset" 8356
"/Users/shanshanye/Desktop/AI_final/GameAI-Final-Project/Content/Characters/Mannequins/Meshes/SKM_Quinn.uasset" 8357
"/Users/shanshanye/Desktop/AI_final/GameAI-Final-Project/Intermediate/ORTOptimizerPass_Optimized8CE95A5DF448AD236D0EE99603493B1A.onnx" 8358
"/Users/shanshanye/Desktop/AI_final/GameAI-Final-Project/Intermediate/ORTOptimizerPass_OptimizedD535C68E9D46E52724470E81E1173AAB.onnx" 8359
"/NNEDenoiser/NNE_oidn2-3-0_rt_hdr_alb_nrm__dyn__fp16_opset11_ForwardAlpha" 8360
"../../Plugins/NNE/NNEDenoiser/Content/NNE_oidn2-3-0_rt_hdr_alb_nrm__dyn__fp16_opset11_ForwardAlpha.uasset" 8361
"/NNEDenoiser/NNEDOM_Output_Alpha" 8362
"../../Plugins/NNE/NNEDenoiser/Content/NNEDOM_Output_Alpha.uasset" 8363
"/NNEDenoiser/NNED_Oidn2-3_HighQuality_Alpha" 8364
"../../Plugins/NNE/NNEDenoiser/Content/NNED_Oidn2-3_HighQuality_Alpha.uasset" 8365
"/NNEDenoiser/NNEDIM_ColorAlbedoNormal_Alpha" 8366
"../../Plugins/NNE/NNEDenoiser/Content/NNEDIM_ColorAlbedoNormal_Alpha.uasset" 8367
"/NNEDenoiser/NNEDT_Oidn2-3_Balanced" 8368
"../../Plugins/NNE/NNEDenoiser/Content/NNEDT_Oidn2-3_Balanced.uasset" 8369
"/NNEDenoiser/NNED_Oidn2-3_Fast" 8370
"../../Plugins/NNE/NNEDenoiser/Content/NNED_Oidn2-3_Fast.uasset" 8371
"/NNEDenoiser/NNEDTIM_ColorAlbedoNormal_Alpha" 8372
"../../Plugins/NNE/NNEDenoiser/Content/NNEDTIM_ColorAlbedoNormal_Alpha.uasset" 8373
"/NNEDenoiser/NNEDIM_HighQuality_Default" 8374
"../../Plugins/NNE/NNEDenoiser/Content/NNEDIM_HighQuality_Default.uasset" 8375
"/NNEDenoiser/NNE_oidn2-3-0_rt_hdr_alb_nrm__dyn__fp16_opset11_DenoiseAlpha" 8376
"../../Plugins/NNE/NNEDenoiser/Content/NNE_oidn2-3-0_rt_hdr_alb_nrm__dyn__fp16_opset11_DenoiseAlpha.uasset" 8377
"/NNEDenoiser/NNED_Oidn2-3_HighQuality" 8378
"../../Plugins/NNE/NNEDenoiser/Content/NNED_Oidn2-3_HighQuality.uasset" 8379
"/NNEDenoiser/NNEDTOM_Output_Alpha" 8380
"../../Plugins/NNE/NNEDenoiser/Content/NNEDTOM_Output_Alpha.uasset" 8381
"/NNEDenoiser/NNED_Oidn2-3_Balanced" 8382
"../../Plugins/NNE/NNEDenoiser/Content/NNED_Oidn2-3_Balanced.uasset" 8383
"/NNEDenoiser/NNE_oidn2-3-0_rt_hdr_alb_nrm_small__dyn__fp16_opset11_ForwardAlpha" 8384
"../../Plugins/NNE/NNEDenoiser/Content/NNE_oidn2-3-0_rt_hdr_alb_nrm_small__dyn__fp16_opset11_ForwardAlpha.uasset" 8385
"/NNEDenoiser/NNEDTOM_Output_Default" 8386
"../../Plugins/NNE/NNEDenoiser/Content/NNEDTOM_Output_Default.uasset" 8387
"/NNEDenoiser/NNE_oidn2-3-0_rt_hdr_calb_cnrm_large__dyn__fp16_opset11_DenoiseAlpha" 8388
"../../Plugins/NNE/NNEDenoiser/Content/NNE_oidn2-3-0_rt_hdr_calb_cnrm_large__dyn__fp16_opset11_DenoiseAlpha.uasset" 8389
"/NNEDenoiser/NNED_Oidn2-3_Balanced_Alpha" 8390
"../../Plugins/NNE/NNEDenoiser/Content/NNED_Oidn2-3_Balanced_Alpha.uasset" 8391
"/Users/shanshanye/Desktop/AI_final/GameAI-Final-Project/Intermediate/ORTOptimizerPass_OptimizedE478645A9F49D3BF9F5733936457E106.onnx" 8392
"/Users/shanshanye/Desktop/AI_final/GameAI-Final-Project/Intermediate/ORTOptimizerPass_OptimizedD9BC46FB2E486FE3A02C76983239CCF5.onnx" 8393
"/Users/shanshanye/Desktop/AI_final/GameAI-Final-Project/Intermediate/ORTOptimizerPass_OptimizedC1D274E4CD427F5BC4BF5E818C08A6D9.onnx" 8394
"/Users/shanshanye/Desktop/AI_final/GameAI-Final-Project/Intermediate/ORTOptimizerPass_Optimized3203F7ADAF4091E2E581D88A4D3AC3C6.onnx" 8395
"/Users/shanshanye/Desktop/AI_final/GameAI-Final-Project/Intermediate/ORTOptimizerPass_Optimized6A6341811C41F36E2F9C1D969FBF61C1.onnx" 8396
"/Users/shanshanye/Desktop/AI_final/GameAI-Final-Project/Intermediate/ORTOptimizerPass_Optimized23AEB41B91474337DC7D79A7822D87A7.onnx" 8397
"/Users/shanshanye/Desktop/AI_final/GameAI-Final-Project/Intermediate/ORTOptimizerPass_OptimizedA3E378B96B4198382037B6A81CC3CB1F.onnx" 8398
"/Users/shanshanye/Desktop/AI_final/GameAI-Final-Project/Intermediate/ORTOptimizerPass_Optimized4D04C0C71F43F65ACEE7F1B380EE5E73.onnx" 8399
"/Game/GameLogic/BP_GameAIGameMode" 8400
"../../../../../../shanshanye/Desktop/AI_final/GameAI-Final-Project/Content/GameLogic/BP_GameAIGameMode.uasset" 8401
"/Game/Characters/Mannequins/Meshes/SKM_Quinn" 8402
"../../../../../../shanshanye/Desktop/AI_final/GameAI-Final-Project/Content/Characters/Mannequins/Meshes/SKM_Quinn.uasset" 8403
"../../../../../../shanshanye/Desktop/AI_final/GameAI-Final-Project/Content/Characters/Mannequins/Rigs/ABP_Quinn_PostProcess.uasset" 8404
"../../../../../../shanshanye/Desktop/AI_final/GameAI-Final-Project/Content/Characters/Mannequins/Rigs/Poses/Quinn/Quinn_lowerarm_l_pose.uasset" 8405
"../../../../../../shanshanye/Desktop/AI_final/GameAI-Final-Project/Content/Characters/Mannequins/Rigs/Poses/Quinn/Quinn_lowerarm_r_pose.uasset" 8406
"../../../../../../shanshanye/Desktop/AI_final/GameAI-Final-Project/Content/Characters/Mannequins/Rigs/Poses/Quinn/Quinn_thigh_l_pose.uasset" 8407
"../../../../../../shanshanye/Desktop/AI_final/GameAI-Final-Project/Content/Characters/Mannequins/Rigs/Poses/Quinn/Quinn_thigh_r_pose.uasset" 8408
"../../../../../../shanshanye/Desktop/AI_final/GameAI-Final-Project/Content/Characters/Mannequins/Rigs/Poses/Quinn/Quinn_upperarm_l_pose.uasset" 8409
"../../../../../../shanshanye/Desktop/AI_final/GameAI-Final-Project/Content/Characters/Mannequins/Rigs/Poses/Quinn/Quinn_upperarm_r_pose.uasset" 8410
"../../../../../../shanshanye/Desktop/AI_final/GameAI-Final-Project/Content/Characters/Mannequins/Rigs/Poses/Quinn/Quinn_lowerarm_l_anim.uasset" 8411
"../../../../../../shanshanye/Desktop/AI_final/GameAI-Final-Project/Content/Characters/Mannequins/Rigs/Poses/Quinn/Quinn_lowerarm_r_anim.uasset" 8412
"../../../../../../shanshanye/Desktop/AI_final/GameAI-Final-Project/Content/Characters/Mannequins/Rigs/Poses/Quinn/Quinn_thigh_l_anim.uasset" 8413
"../../../../../../shanshanye/Desktop/AI_final/GameAI-Final-Project/Content/Characters/Mannequins/Rigs/Poses/Quinn/Quinn_thigh_r_anim.uasset" 8414
"../../../../../../shanshanye/Desktop/AI_final/GameAI-Final-Project/Content/Characters/Mannequins/Rigs/Poses/Quinn/Quinn_upperarm_l_anim.uasset" 8415
"../../../../../../shanshanye/Desktop/AI_final/GameAI-Final-Project/Content/Characters/Mannequins/Rigs/Poses/Quinn/Quinn_upperarm_r_anim.uasset" 8416
"/Users/shanshanye/Library/Application Support/Epic/UnrealEngine/Common/Zen/Data/cas/f2b/3c/2238cb42bd30b91e9ef597516919fa63f12" 8417
"/Engine/EditorResources/BSPVertex" 8418
"../../../Engine/Content/EditorResources/BSPVertex.uasset" 8419
"/Engine/EngineMaterials/DefaultBloomKernel" 8420
"../../../Engine/Content/EngineMaterials/DefaultBloomKernel.uasset" 8421
"/Engine/EngineResources/FilmGrains/Marcie_Grain_v3_128_M2_000" 8422
"../../../Engine/Content/EngineResources/FilmGrains/Marcie_Grain_v3_128_M2_000.uasset" 8423
"/Engine/EngineResources/Development/ZenLogo_64" 8424
"../../../Engine/Content/EngineResources/Development/ZenLogo_64.uasset" 8425
"/Engine/EngineDebugMaterials/DebugEditorMaterial" 8426
"../../../Engine/Content/EngineDebugMaterials/DebugEditorMaterial.uasset" 8427
"/Engine/EngineMaterials/FastBlueNoise_scalar_128x128x64" 8428
"../../../Engine/Content/EngineMaterials/FastBlueNoise_scalar_128x128x64.uasset" 8429
"/Engine/EngineMaterials/FastBlueNoise_scalar_128x128x8" 8430
"../../../Engine/Content/EngineMaterials/FastBlueNoise_scalar_128x128x8.uasset" 8431
"/Engine/EngineMaterials/FastBlueNoise_vec2_128x128x64" 8432
"../../../Engine/Content/EngineMaterials/FastBlueNoise_vec2_128x128x64.uasset" 8433
"/Engine/EngineMaterials/LTC/Sheen_LTC" 8434
"../../../Engine/Content/EngineMaterials/LTC/Sheen_LTC.uasset" 8435
"/Engine/EngineMaterials/EnergyConservation/Sheen_Energy" 8436
"../../../Engine/Content/EngineMaterials/EnergyConservation/Sheen_Energy.uasset" 8437
"/Engine/EngineMaterials/EnergyConservation/Diffuse_Energy" 8438
"../../../Engine/Content/EngineMaterials/EnergyConservation/Diffuse_Energy.uasset" 8439
"/Engine/EngineMaterials/SMAAAreaTex" 8440
"../../../Engine/Content/EngineMaterials/SMAAAreaTex.uasset" 8441
"/Engine/EngineMaterials/SMAASearchTex" 8442
"../../../Engine/Content/EngineMaterials/SMAASearchTex.uasset" 8443
"/Engine/EngineSounds/Master" 8444
"../../../Engine/Content/EngineSounds/Master.uasset" 8445
"/Interchange/Pipelines/DefaultAssetsPipeline" 8446
"../../Plugins/Interchange/Runtime/Content/Pipelines/DefaultAssetsPipeline.uasset" 8447
"/Interchange/Pipelines/DefaultMaterialXPipeline" 8448
"../../Plugins/Interchange/Runtime/Content/Pipelines/DefaultMaterialXPipeline.uasset" 8449
"/Interchange/Pipelines/DefaultGLTFAssetsPipeline" 8450
"../../Plugins/Interchange/Runtime/Content/Pipelines/DefaultGLTFAssetsPipeline.uasset" 8451
"/Interchange/Pipelines/DefaultGLTFPipeline" 8452
"../../Plugins/Interchange/Runtime/Content/Pipelines/DefaultGLTFPipeline.uasset" 8453
"/Interchange/Pipelines/DefaultMaterialPipeline" 8454
"../../Plugins/Interchange/Runtime/Content/Pipelines/DefaultMaterialPipeline.uasset" 8455
"/Interchange/Pipelines/DefaultTexturePipeline" 8456
"../../Plugins/Interchange/Runtime/Content/Pipelines/DefaultTexturePipeline.uasset" 8457
"/Interchange/Pipelines/DefaultAudioPipeline" 8458
"../../Plugins/Interchange/Runtime/Content/Pipelines/DefaultAudioPipeline.uasset" 8459
"/Interchange/Pipelines/DefaultSceneAssetsPipeline" 8460
"../../Plugins/Interchange/Runtime/Content/Pipelines/DefaultSceneAssetsPipeline.uasset" 8461
"/Interchange/Pipelines/DefaultSceneLevelPipeline" 8462
"../../Plugins/Interchange/Runtime/Content/Pipelines/DefaultSceneLevelPipeline.uasset" 8463
"/Interchange/Pipelines/DefaultGLTFSceneAssetsPipeline" 8464
"../../Plugins/Interchange/Runtime/Content/Pipelines/DefaultGLTFSceneAssetsPipeline.uasset" 8465
"/InterchangeAssets/Functions/MX_SurfaceUnlit" 8466
"../../Plugins/Interchange/Assets/Content/Functions/MX_SurfaceUnlit.uasset" 8467
"/InterchangeAssets/Functions/MX_UsdPreviewSurface" 8468
"../../Plugins/Interchange/Assets/Content/Functions/MX_UsdPreviewSurface.uasset" 8469
"/InterchangeAssets/Substrate/MX_SimpleVolume" 8470
"../../Plugins/Interchange/Assets/Content/Substrate/MX_SimpleVolume.uasset" 8471
"/InterchangeAssets/Functions/MX_OrenNayarBSDF" 8472
"../../Plugins/Interchange/Assets/Content/Functions/MX_OrenNayarBSDF.uasset" 8473
"/InterchangeAssets/Functions/MX_BurleyDiffuseBSDF" 8474
"../../Plugins/Interchange/Assets/Content/Functions/MX_BurleyDiffuseBSDF.uasset" 8475
"/InterchangeAssets/Functions/MX_TranslucentBSDF" 8476
"../../Plugins/Interchange/Assets/Content/Functions/MX_TranslucentBSDF.uasset" 8477
"/InterchangeAssets/Functions/MX_DielectricBSDF" 8478
"../../Plugins/Interchange/Assets/Content/Functions/MX_DielectricBSDF.uasset" 8479
"/InterchangeAssets/Functions/MX_ConductorBSDF" 8480
"../../Plugins/Interchange/Assets/Content/Functions/MX_ConductorBSDF.uasset" 8481
"/InterchangeAssets/Functions/MX_GeneralizedSchlickBSDF" 8482
"../../Plugins/Interchange/Assets/Content/Functions/MX_GeneralizedSchlickBSDF.uasset" 8483
"/InterchangeAssets/Functions/MX_SubsurfaceBSDF" 8484
"../../Plugins/Interchange/Assets/Content/Functions/MX_SubsurfaceBSDF.uasset" 8485
"/InterchangeAssets/Functions/MX_SheenBSDF" 8486
"../../Plugins/Interchange/Assets/Content/Functions/MX_SheenBSDF.uasset" 8487
"/InterchangeAssets/Functions/MX_ChiangHairBSDF" 8488
"../../Plugins/Interchange/Assets/Content/Functions/MX_ChiangHairBSDF.uasset" 8489
"/InterchangeAssets/Functions/MX_UniformEDF" 8490
"../../Plugins/Interchange/Assets/Content/Functions/MX_UniformEDF.uasset" 8491
"/InterchangeAssets/Functions/MX_ConicalEDF" 8492
"../../Plugins/Interchange/Assets/Content/Functions/MX_ConicalEDF.uasset" 8493
"/InterchangeAssets/Functions/MX_MeasuredEDF" 8494
"../../Plugins/Interchange/Assets/Content/Functions/MX_MeasuredEDF.uasset" 8495
"/InterchangeAssets/Functions/MX_AbsorptionVDF" 8496
"../../Plugins/Interchange/Assets/Content/Functions/MX_AbsorptionVDF.uasset" 8497
"/InterchangeAssets/Functions/MX_AnisotropicVDF" 8498
"../../Plugins/Interchange/Assets/Content/Functions/MX_AnisotropicVDF.uasset" 8499
"/ControlRig/Controls/ControlRigGizmoMaterial" 8500
"../../Plugins/Animation/ControlRig/Content/Controls/ControlRigGizmoMaterial.uasset" 8501
"/Users/shanshanye/Desktop/AI_final/GameAI-Final-Project/Saved/Cooked/Mac/TheKillingHour/Metadata/CookedSettings.txt" 8502
